sample_id,selected_model,selected_score,oracle_score,regret,prediction_margin,fold
aime:hybrid:9:43afc8d2eb63,NVIDIA-Nemotron-Nano-9B-v2,1.0,1.0,0.0,0.10999999999999999,0
aime:hybrid:16:4827451ee78b,NVIDIA-Nemotron-Nano-9B-v2,1.0,1.0,0.0,0.10999999999999999,0
aime:hybrid:2:1bf70e3660d6,NVIDIA-Nemotron-Nano-9B-v2,0.0,1.0,1.0,0.09999999999999998,0
aime:hybrid:34:981c7f2ec58b,NVIDIA-Nemotron-Nano-9B-v2,1.0,1.0,0.0,0.07999999999999996,0
aime:hybrid:19:357603fe2192,Qwen3-8B,1.0,1.0,0.0,0.09999999999999998,0
aime:hybrid:3:84c96fbdf01d,Qwen3-8B,1.0,1.0,0.0,0.06000000000000005,0
aime:hybrid:24:c48bbfcdb9d7,NVIDIA-Nemotron-Nano-9B-v2,0.0,1.0,1.0,0.19,0
aime:hybrid:41:1352bde57c17,NVIDIA-Nemotron-Nano-9B-v2,0.0,1.0,1.0,0.010000000000000009,0
aime:hybrid:28:d8c514307d5e,NVIDIA-Nemotron-Nano-9B-v2,1.0,1.0,0.0,0.14,0
aime:hybrid:56:755f37ac64c4,NVIDIA-Nemotron-Nano-9B-v2,1.0,1.0,0.0,0.21000000000000002,0
aime:hybrid:40:f48bd392bc6e,NVIDIA-Nemotron-Nano-9B-v2,0.0,1.0,1.0,0.04999999999999999,0
aime:hybrid:47:ca1a4c4ffd58,NVIDIA-Nemotron-Nano-9B-v2,1.0,1.0,0.0,0.010000000000000009,0
bbh:test:51:c0191a4a974f,NVIDIA-Nemotron-Nano-9B-v2,0.0,1.0,1.0,0.010000000000000009,0
bbh:test:762:e80d4164979f,Qwen3-8B,1.0,1.0,0.0,0.11000000000000001,0
bbh:test:742:74d979cd3c20,Qwen3-8B,0.0,1.0,1.0,0.09999999999999998,0
bbh:test:524:97397f83c83e,NVIDIA-Nemotron-Nano-9B-v2,1.0,1.0,0.0,0.020000000000000018,0
bbh:test:948:9a7c1a6e68f0,Qwen3-8B,1.0,1.0,0.0,0.03999999999999998,0
bbh:test:828:e3216e3510d6,Qwen3-8B,1.0,1.0,0.0,0.010000000000000009,0
bbh:test:464:1a39aa0a8c4a,Qwen3-8B,1.0,1.0,0.0,0.030000000000000027,0
bbh:test:324:68b1d5d5ce75,NVIDIA-Nemotron-Nano-9B-v2,1.0,1.0,0.0,0.12,0
bbh:test:404:1af9aeb8f6e3,NVIDIA-Nemotron-Nano-9B-v2,1.0,1.0,0.0,0.13999999999999996,0
bbh:test:309:c6f852610461,NVIDIA-Nemotron-Nano-9B-v2,1.0,1.0,0.0,0.09999999999999998,0
bbh:test:767:46b79be18166,Qwen3-8B,1.0,1.0,0.0,0.030000000000000027,0
bbh:test:1066:c2eef967dda3,Qwen3-8B,1.0,1.0,0.0,0.020000000000000018,0
bbh:test:56:2e17602fd908,Qwen3-8B,1.0,1.0,0.0,0.030000000000000027,0
bbh:test:256:8621c2c29ca2,Qwen3-8B,1.0,1.0,0.0,0.13999999999999999,0
bbh:test:692:95dc4047f8a0,NVIDIA-Nemotron-Nano-9B-v2,1.0,1.0,0.0,0.020000000000000018,0
bbh:test:633:ee2b1f418f05,NVIDIA-Nemotron-Nano-9B-v2,0.0,1.0,1.0,0.010000000000000009,0
bbh:test:327:91f5f7de5422,NVIDIA-Nemotron-Nano-9B-v2,1.0,1.0,0.0,0.08999999999999997,0
bbh:test:622:41dd3daf3238,Qwen3-8B,1.0,1.0,0.0,0.020000000000000018,0
bbh:test:666:dcb123c9a048,NVIDIA-Nemotron-Nano-9B-v2,1.0,1.0,0.0,0.10999999999999999,0
bbh:test:550:481a6a07649d,NVIDIA-Nemotron-Nano-9B-v2,1.0,1.0,0.0,0.010000000000000009,0
bbh:test:2:9eea54d4f324,NVIDIA-Nemotron-Nano-9B-v2,1.0,1.0,0.0,0.04999999999999999,0
bbh:test:898:e338542f1a4d,Qwen3-8B,1.0,1.0,0.0,0.03999999999999998,0
bbh:test:88:b1f1324e8f11,Qwen3-8B,1.0,1.0,0.0,0.020000000000000018,0
bbh:test:182:d0ace3319b43,Qwen3-8B,0.0,1.0,1.0,0.12,0
bbh:test:597:55f1ea986276,NVIDIA-Nemotron-Nano-9B-v2,1.0,1.0,0.0,0.25000000000000006,0
bbh:test:577:fc48d7fcc2d8,NVIDIA-Nemotron-Nano-9B-v2,1.0,1.0,0.0,0.09999999999999998,0
bbh:test:975:0a578ba68906,Qwen3-8B,1.0,1.0,0.0,0.07,0
bbh:test:1027:b0396f371736,NVIDIA-Nemotron-Nano-9B-v2,1.0,1.0,0.0,0.15999999999999998,0
bbh:test:1001:20fb0d5ce386,NVIDIA-Nemotron-Nano-9B-v2,1.0,1.0,0.0,0.09999999999999998,0
bbh:test:703:46e732264614,Qwen3-8B,1.0,1.0,0.0,0.010000000000000009,0
bbh:test:176:666b61df05ee,Qwen3-8B,1.0,1.0,0.0,0.09000000000000002,0
bbh:test:326:080e162d5f46,NVIDIA-Nemotron-Nano-9B-v2,1.0,1.0,0.0,0.06,0
bbh:test:289:458cfbebd1ce,NVIDIA-Nemotron-Nano-9B-v2,1.0,1.0,0.0,0.10999999999999999,0
bbh:test:546:fde751e0b2f6,NVIDIA-Nemotron-Nano-9B-v2,1.0,1.0,0.0,0.18,0
bbh:test:84:2ce07f2cfbf3,NVIDIA-Nemotron-Nano-9B-v2,1.0,1.0,0.0,0.020000000000000018,0
bbh:test:194:adc7ab0fc9d4,Qwen3-8B,1.0,1.0,0.0,0.12,0
bbh:test:421:7b55de3632c1,NVIDIA-Nemotron-Nano-9B-v2,1.0,1.0,0.0,0.08999999999999997,0
bbh:test:316:e46cc2e9b5a5,NVIDIA-Nemotron-Nano-9B-v2,1.0,1.0,0.0,0.11999999999999997,0
bbh:test:492:6178d02ced7e,NVIDIA-Nemotron-Nano-9B-v2,1.0,1.0,0.0,0.32999999999999996,0
bbh:test:690:96b8aa210dec,Qwen3-8B,0.0,1.0,1.0,0.05999999999999997,0
bbh:test:155:558a38b4110b,Qwen3-8B,1.0,1.0,0.0,0.050000000000000044,0
bbh:test:399:91c29deb3075,NVIDIA-Nemotron-Nano-9B-v2,1.0,1.0,0.0,0.050000000000000044,0
bbh:test:873:12764fc91a0d,Qwen3-8B,1.0,1.0,0.0,0.08999999999999997,0
bbh:test:830:c625c458487d,NVIDIA-Nemotron-Nano-9B-v2,1.0,1.0,0.0,0.07,0
bbh:test:853:4add2a376ecc,Qwen3-8B,1.0,1.0,0.0,0.12,0
bbh:test:278:52246f57279e,NVIDIA-Nemotron-Nano-9B-v2,1.0,1.0,0.0,0.010000000000000009,0
bbh:test:503:1dae2ce89c44,NVIDIA-Nemotron-Nano-9B-v2,1.0,1.0,0.0,0.20000000000000007,0
bbh:test:392:0c3444e6b47f,NVIDIA-Nemotron-Nano-9B-v2,1.0,1.0,0.0,0.12,0
bbh:test:198:26fc7aa7b395,Qwen3-8B,1.0,1.0,0.0,0.09999999999999998,0
bbh:test:124:dd652b87ff71,Qwen3-8B,1.0,1.0,0.0,0.030000000000000027,0
bbh:test:1010:204d7d318536,NVIDIA-Nemotron-Nano-9B-v2,1.0,1.0,0.0,0.14,0
bbh:test:856:77960293836b,Qwen3-8B,1.0,1.0,0.0,0.07999999999999996,0
bbh:test:303:6f4d628fc6be,NVIDIA-Nemotron-Nano-9B-v2,1.0,1.0,0.0,0.09000000000000002,0
bbh:test:980:67c3ad94c755,Qwen3-8B,1.0,1.0,0.0,0.019999999999999962,0
bbh:test:623:6d8fdd2d59a8,NVIDIA-Nemotron-Nano-9B-v2,0.0,1.0,1.0,0.07,0
bbh:test:616:57b05e959bc5,Qwen3-8B,1.0,1.0,0.0,0.17000000000000004,0
bbh:test:823:dfc86cb3ccb5,NVIDIA-Nemotron-Nano-9B-v2,1.0,1.0,0.0,0.08000000000000002,0
bbh:test:1052:9cf9aa74728d,NVIDIA-Nemotron-Nano-9B-v2,0.0,1.0,1.0,0.09000000000000002,0
bbh:test:711:c305cb53851d,Qwen3-8B,1.0,1.0,0.0,0.03999999999999998,0
bbh:test:1077:7b55fbc5606b,NVIDIA-Nemotron-Nano-9B-v2,1.0,1.0,0.0,0.02999999999999997,0
bbh:test:453:6d846f45e623,Qwen3-8B,1.0,1.0,0.0,0.030000000000000027,0
bbh:test:287:60fb71146087,NVIDIA-Nemotron-Nano-9B-v2,1.0,1.0,0.0,0.21000000000000002,0
bbh:test:743:c49fba188d58,Qwen3-8B,1.0,1.0,0.0,0.05999999999999994,0
bbh:test:268:b9e88fd3b28d,Qwen3-8B,0.0,1.0,1.0,0.08999999999999997,0
bbh:test:878:44c988ca29fd,Qwen3-8B,1.0,1.0,0.0,0.14999999999999997,0
bbh:test:505:1fe4805de794,NVIDIA-Nemotron-Nano-9B-v2,1.0,1.0,0.0,0.3,0
bbh:test:871:2f7d7e1b8dbc,Qwen3-8B,1.0,1.0,0.0,0.07,0
bbh:test:1056:7e2c7862500d,NVIDIA-Nemotron-Nano-9B-v2,1.0,1.0,0.0,0.02999999999999997,0
bbh:test:243:1433c5e4f6d4,Qwen3-8B,1.0,1.0,0.0,0.019999999999999962,0
bbh:test:944:e0218566b66f,Qwen3-8B,1.0,1.0,0.0,0.010000000000000009,0
bbh:test:329:bc1c5ce24eff,NVIDIA-Nemotron-Nano-9B-v2,1.0,1.0,0.0,0.13,0
bbh:test:995:de26acc762cb,Qwen3-8B,1.0,1.0,0.0,0.020000000000000018,0
bbh:test:285:31ebd27d3f2e,NVIDIA-Nemotron-Nano-9B-v2,1.0,1.0,0.0,0.12999999999999998,0
bbh:test:263:4e7d1e401084,Qwen3-8B,1.0,1.0,0.0,0.03999999999999998,0
bbh:test:955:6239fedf8745,Qwen3-8B,1.0,1.0,0.0,0.03999999999999998,0
bbh:test:788:0053138966d2,Qwen3-8B,1.0,1.0,0.0,0.04000000000000001,0
bbh:test:722:5ff325ef8bf9,Qwen3-8B,0.0,0.0,0.0,0.050000000000000044,0
bbh:test:808:c4e193c12b7b,NVIDIA-Nemotron-Nano-9B-v2,1.0,1.0,0.0,0.12999999999999998,0
bbh:test:42:e5ccd4db22cb,Qwen3-8B,0.0,1.0,1.0,0.09000000000000002,0
bbh:test:946:801d2cfb11c2,NVIDIA-Nemotron-Nano-9B-v2,1.0,1.0,0.0,0.09000000000000002,0
bbh:test:125:43c1098edd66,Qwen3-8B,0.0,1.0,1.0,0.02999999999999997,0
bbh:test:331:982465093d50,NVIDIA-Nemotron-Nano-9B-v2,1.0,1.0,0.0,0.06,0
bbh:test:761:0927f8b68c3b,NVIDIA-Nemotron-Nano-9B-v2,0.0,1.0,1.0,0.010000000000000009,0
bbh:test:131:cffcde4704f3,Qwen3-8B,0.0,0.0,0.0,0.03999999999999998,0
bbh:test:197:2d73f443daa9,Qwen3-8B,1.0,1.0,0.0,0.20999999999999996,0
bbh:test:708:01857cd2fb5c,Qwen3-8B,1.0,1.0,0.0,0.06,0
bbh:test:81:88a71012bfa5,Qwen3-8B,1.0,1.0,0.0,0.10000000000000003,0
bbh:test:221:41f4fbcd88c5,Qwen3-8B,1.0,1.0,0.0,0.0,0
bbh:test:259:09625a2b0242,Qwen3-8B,1.0,1.0,0.0,0.040000000000000036,0
bbh:test:905:328eb1b10df5,Qwen3-8B,1.0,1.0,0.0,0.010000000000000009,0
bbh:test:973:6d54b3801516,Qwen3-8B,1.0,1.0,0.0,0.06,0
bbh:test:1051:d975ac6424da,NVIDIA-Nemotron-Nano-9B-v2,1.0,1.0,0.0,0.009999999999999953,0
bbh:test:536:5974fb280f93,NVIDIA-Nemotron-Nano-9B-v2,1.0,1.0,0.0,0.0,0
bbh:test:311:98b00b106d24,NVIDIA-Nemotron-Nano-9B-v2,1.0,1.0,0.0,0.13999999999999999,0
bbh:test:52:8fa38335202f,NVIDIA-Nemotron-Nano-9B-v2,1.0,1.0,0.0,0.010000000000000009,0
bbh:test:377:d45f1888e40f,NVIDIA-Nemotron-Nano-9B-v2,1.0,1.0,0.0,0.040000000000000036,0
bbh:test:299:10ef502fe37d,NVIDIA-Nemotron-Nano-9B-v2,1.0,1.0,0.0,0.03999999999999998,0
bbh:test:173:b54c97a1a600,Qwen3-8B,0.0,1.0,1.0,0.08999999999999997,0
bbh:test:991:afa223e34417,Qwen3-8B,0.0,1.0,1.0,0.04999999999999999,0
bbh:test:1036:b4d79a9c5e72,NVIDIA-Nemotron-Nano-9B-v2,1.0,1.0,0.0,0.09000000000000002,0
bbh:test:1020:a9f4b5490d7d,NVIDIA-Nemotron-Nano-9B-v2,1.0,1.0,0.0,0.06,0
bbh:test:325:649db3235417,NVIDIA-Nemotron-Nano-9B-v2,1.0,1.0,0.0,0.08999999999999997,0
bbh:test:1072:8d76092cd3e1,NVIDIA-Nemotron-Nano-9B-v2,1.0,1.0,0.0,0.019999999999999962,0
bbh:test:621:dc1047fc382c,Qwen3-8B,1.0,1.0,0.0,0.09000000000000002,0
bbh:test:480:4d9388fdd640,Qwen3-8B,1.0,1.0,0.0,0.02999999999999997,0
bbh:test:1009:845a08a4b5db,NVIDIA-Nemotron-Nano-9B-v2,1.0,1.0,0.0,0.020000000000000018,0
bbh:test:297:165e31c00c10,NVIDIA-Nemotron-Nano-9B-v2,1.0,1.0,0.0,0.11999999999999997,0
bbh:test:1012:1c3d75d9b90c,NVIDIA-Nemotron-Nano-9B-v2,1.0,1.0,0.0,0.07999999999999996,0
bbh:test:361:5328df0260c3,NVIDIA-Nemotron-Nano-9B-v2,1.0,1.0,0.0,0.020000000000000018,0
bbh:test:876:ae05ba9eab1e,Qwen3-8B,1.0,1.0,0.0,0.13999999999999996,0
bbh:test:825:0a491080daf4,NVIDIA-Nemotron-Nano-9B-v2,1.0,1.0,0.0,0.06000000000000005,0
bbh:test:1059:28d0b753a179,NVIDIA-Nemotron-Nano-9B-v2,0.0,1.0,1.0,0.08999999999999997,0
bbh:test:780:a1449969322d,NVIDIA-Nemotron-Nano-9B-v2,1.0,1.0,0.0,0.009999999999999981,0
bbh:test:430:7b6e7b510016,NVIDIA-Nemotron-Nano-9B-v2,1.0,1.0,0.0,0.21999999999999997,0
bbh:test:100:61a0dc2bb30d,Qwen3-8B,1.0,1.0,0.0,0.02999999999999997,0
bbh:test:1080:b443ca0db57b,Qwen3-8B,1.0,1.0,0.0,0.060000000000000026,0
bbh:test:364:1cf3643eb647,NVIDIA-Nemotron-Nano-9B-v2,1.0,1.0,0.0,0.10999999999999999,0
bbh:test:988:4ab18bac81f3,NVIDIA-Nemotron-Nano-9B-v2,1.0,1.0,0.0,0.010000000000000009,0
bbh:test:286:e0e876e87189,NVIDIA-Nemotron-Nano-9B-v2,1.0,1.0,0.0,0.08000000000000002,0
bbh:test:882:87d0e5bd91fe,Qwen3-8B,0.0,1.0,1.0,0.06000000000000005,0
bbh:test:242:3c38ce1a2262,Qwen3-8B,1.0,1.0,0.0,0.020000000000000018,0
bbh:test:990:c0a827093615,NVIDIA-Nemotron-Nano-9B-v2,1.0,1.0,0.0,0.08000000000000002,0
bbh:test:719:c8c414605b5b,Qwen3-8B,1.0,1.0,0.0,0.03,0
bbh:test:921:feced963fcd6,Qwen3-8B,1.0,1.0,0.0,0.010000000000000009,0
bbh:test:529:75b4b2410b66,NVIDIA-Nemotron-Nano-9B-v2,1.0,1.0,0.0,0.19,0
bbh:test:199:75379a20d438,Qwen3-8B,0.0,1.0,1.0,0.08999999999999997,0
bbh:test:500:55d70542d011,NVIDIA-Nemotron-Nano-9B-v2,1.0,1.0,0.0,0.26999999999999996,0
bbh:test:332:afaed74188c1,Qwen3-8B,1.0,1.0,0.0,0.010000000000000009,0
bbh:test:789:79bf3c16c4bd,Qwen3-8B,1.0,1.0,0.0,0.07,0
bbh:test:538:ad48aca82fd9,NVIDIA-Nemotron-Nano-9B-v2,1.0,1.0,0.0,0.10000000000000003,0
bbh:test:1031:7d242904b4fe,NVIDIA-Nemotron-Nano-9B-v2,1.0,1.0,0.0,0.07,0
bbh:test:298:22f235623203,NVIDIA-Nemotron-Nano-9B-v2,1.0,1.0,0.0,0.11999999999999997,0
bbh:test:455:f238e12636ba,Qwen3-8B,1.0,1.0,0.0,0.019999999999999962,0
bbh:test:605:d7a8572d24a1,Qwen3-8B,0.0,1.0,1.0,0.06,0
bbh:test:1079:7d89a6bfb354,NVIDIA-Nemotron-Nano-9B-v2,1.0,1.0,0.0,0.03,0
bbh:test:16:835ed1136bb7,NVIDIA-Nemotron-Nano-9B-v2,1.0,1.0,0.0,0.13,0
bbh:test:850:4eef37214f3f,Qwen3-8B,1.0,1.0,0.0,0.07,0
bbh:test:127:c5a148e9a99a,Qwen3-8B,0.0,1.0,1.0,0.040000000000000036,0
bbh:test:545:f12d7ea3781a,Qwen3-8B,1.0,1.0,0.0,0.030000000000000027,0
bbh:test:641:284b6d8e79d0,NVIDIA-Nemotron-Nano-9B-v2,1.0,1.0,0.0,0.06,0
bbh:test:362:3695388bb4d4,NVIDIA-Nemotron-Nano-9B-v2,1.0,1.0,0.0,0.04999999999999999,0
bbh:test:652:fa389624cc6a,NVIDIA-Nemotron-Nano-9B-v2,1.0,1.0,0.0,0.010000000000000009,0
bbh:test:820:bb5527670caf,NVIDIA-Nemotron-Nano-9B-v2,0.0,1.0,1.0,0.08000000000000002,0
bbh:test:471:96c8e03ecb88,Qwen3-8B,1.0,1.0,0.0,0.07,0
bbh:test:158:d3054fe2a04e,Qwen3-8B,0.0,1.0,1.0,0.1,0
bbh:test:435:6913f1bdbb72,NVIDIA-Nemotron-Nano-9B-v2,0.0,1.0,1.0,0.07,0
bbh:test:860:44e19c9f5471,Qwen3-8B,1.0,1.0,0.0,0.15000000000000002,0
bbh:test:1003:8492f84c4d03,NVIDIA-Nemotron-Nano-9B-v2,1.0,1.0,0.0,0.10999999999999999,0
bbh:test:408:b2ca20e0adb0,NVIDIA-Nemotron-Nano-9B-v2,1.0,1.0,0.0,0.09000000000000002,0
bbh:test:1046:780641d251e7,NVIDIA-Nemotron-Nano-9B-v2,1.0,1.0,0.0,0.019999999999999962,0
bbh:test:565:fc53ad25113f,NVIDIA-Nemotron-Nano-9B-v2,1.0,1.0,0.0,0.30000000000000004,0
bbh:test:224:272ec86a8c57,Qwen3-8B,1.0,1.0,0.0,0.030000000000000027,0
bbh:test:572:7240244fb543,NVIDIA-Nemotron-Nano-9B-v2,1.0,1.0,0.0,0.15999999999999998,0
bbh:test:431:4c518d1a1cfe,NVIDIA-Nemotron-Nano-9B-v2,1.0,1.0,0.0,0.03999999999999998,0
bbh:test:71:0c6f69fa13e3,Qwen3-8B,1.0,1.0,0.0,0.16,0
bbh:test:544:2248912c9b98,NVIDIA-Nemotron-Nano-9B-v2,1.0,1.0,0.0,0.07,0
bbh:test:128:b1e90ba23028,NVIDIA-Nemotron-Nano-9B-v2,1.0,1.0,0.0,0.03999999999999998,0
bbh:test:721:9f33f0b271ca,Qwen3-8B,1.0,1.0,0.0,0.07,0
bbh:test:366:4e6e7e31d06e,NVIDIA-Nemotron-Nano-9B-v2,1.0,1.0,0.0,0.04999999999999999,0
bbh:test:574:16af6294cc33,NVIDIA-Nemotron-Nano-9B-v2,1.0,1.0,0.0,0.22000000000000003,0
bbh:test:987:bc7425a5a8fe,Qwen3-8B,1.0,1.0,0.0,0.12,0
bbh:test:630:064412a3684b,NVIDIA-Nemotron-Nano-9B-v2,0.0,1.0,1.0,0.010000000000000009,0
bbh:test:442:ddddefe45fbb,Qwen3-8B,1.0,1.0,0.0,0.010000000000000009,0
bbh:test:815:a0a420049e3b,NVIDIA-Nemotron-Nano-9B-v2,0.0,1.0,1.0,0.04999999999999999,0
bbh:test:596:92fb46809455,NVIDIA-Nemotron-Nano-9B-v2,1.0,1.0,0.0,0.22000000000000003,0
bbh:test:252:9b1b1d5a580c,Qwen3-8B,1.0,1.0,0.0,0.020000000000000018,0
bbh:test:941:9e6da3f02e6e,Qwen3-8B,1.0,1.0,0.0,0.020000000000000018,0
bbh:test:861:69ace1574386,Qwen3-8B,1.0,1.0,0.0,0.08000000000000002,0
bbh:test:693:d6e7dc9a8323,Qwen3-8B,0.0,1.0,1.0,0.05999999999999997,0
bbh:test:58:7a3449c66b7c,Qwen3-8B,1.0,1.0,0.0,0.040000000000000036,0
bbh:test:839:6a8a69c8aa29,Qwen3-8B,0.0,1.0,1.0,0.04999999999999999,0
bbh:test:725:c7e6c5fc5768,Qwen3-8B,1.0,1.0,0.0,0.04999999999999999,0
bbh:test:436:93b836ce2fab,Qwen3-8B,1.0,1.0,0.0,0.010000000000000009,0
bbh:test:352:e155ccf2d3cf,NVIDIA-Nemotron-Nano-9B-v2,1.0,1.0,0.0,0.020000000000000018,0
bbh:test:410:8fdf5415cc6c,NVIDIA-Nemotron-Nano-9B-v2,1.0,1.0,0.0,0.020000000000000018,0
bbh:test:302:d06d56d4d12d,NVIDIA-Nemotron-Nano-9B-v2,1.0,1.0,0.0,0.10999999999999999,0
bbh:test:723:292ffed4eb5e,Qwen3-8B,0.0,1.0,1.0,0.06,0
bbh:test:184:b92dcae0f36e,Qwen3-8B,1.0,1.0,0.0,0.020000000000000018,0
bbh:test:483:472d6d4a0a6f,NVIDIA-Nemotron-Nano-9B-v2,1.0,1.0,0.0,0.35,0
bbh:test:35:8d5ed1a8e410,NVIDIA-Nemotron-Nano-9B-v2,1.0,1.0,0.0,0.07,0
bbh:test:889:a913b5f38279,Qwen3-8B,1.0,1.0,0.0,0.020000000000000018,0
bbh:test:699:a22e0f581a23,Qwen3-8B,0.0,1.0,1.0,0.06999999999999998,0
bbh:test:417:7511511a3ac8,NVIDIA-Nemotron-Nano-9B-v2,1.0,1.0,0.0,0.06,0
bbh:test:396:e3e319d9a243,NVIDIA-Nemotron-Nano-9B-v2,1.0,1.0,0.0,0.020000000000000018,0
bbh:test:370:c6c066a3c2d7,NVIDIA-Nemotron-Nano-9B-v2,1.0,1.0,0.0,0.13,0
bbh:test:250:707d2ee16157,Qwen3-8B,1.0,1.0,0.0,0.09000000000000002,0
bbh:test:489:593e6f2e8fbe,NVIDIA-Nemotron-Nano-9B-v2,1.0,1.0,0.0,0.31,0
bbh:test:1042:b4031de46c3c,NVIDIA-Nemotron-Nano-9B-v2,0.0,1.0,1.0,0.06,0
bbh:test:885:fcf9d1ad4a8c,Qwen3-8B,1.0,1.0,0.0,0.06,0
bbh:test:401:5c032ce2c0d6,NVIDIA-Nemotron-Nano-9B-v2,1.0,1.0,0.0,0.09000000000000002,0
bbh:test:817:7aa44eb02acb,NVIDIA-Nemotron-Nano-9B-v2,1.0,1.0,0.0,0.019999999999999962,0
bbh:test:1024:d2e127ec3cd8,NVIDIA-Nemotron-Nano-9B-v2,1.0,1.0,0.0,0.10000000000000003,0
bbh:test:166:a8520faa09b6,Qwen3-8B,0.0,1.0,1.0,0.19,0
bbh:test:716:2de455ceb324,Qwen3-8B,0.0,1.0,1.0,0.05000000000000002,0
bbh:test:102:1e5de574dec3,Qwen3-8B,1.0,1.0,0.0,0.06,0
bbh:test:82:eef3de5af21e,Qwen3-8B,1.0,1.0,0.0,0.08999999999999997,0
bbh:test:260:bd1a13e2dafe,Qwen3-8B,1.0,1.0,0.0,0.0,0
bbh:test:749:57394782ce69,NVIDIA-Nemotron-Nano-9B-v2,1.0,1.0,0.0,0.0,0
bbh:test:516:cea11cd331a1,NVIDIA-Nemotron-Nano-9B-v2,1.0,1.0,0.0,0.32,0
bbh:test:427:dab6b208bd8b,NVIDIA-Nemotron-Nano-9B-v2,1.0,1.0,0.0,0.14,0
bbh:test:44:c22dbe8486d2,Qwen3-8B,0.0,1.0,1.0,0.06,0
bbh:test:881:79db0600998d,Qwen3-8B,1.0,1.0,0.0,0.020000000000000018,0
bbh:test:308:fa8f02d4b0e1,NVIDIA-Nemotron-Nano-9B-v2,1.0,1.0,0.0,0.08000000000000002,0
bbh:test:864:ee7a7713bf94,Qwen3-8B,1.0,1.0,0.0,0.14999999999999997,0
bbh:test:473:4113dd0c9f86,Qwen3-8B,1.0,1.0,0.0,0.07,0
bbh:test:107:ca948940b727,Qwen3-8B,1.0,1.0,0.0,0.08999999999999997,0
bbh:test:94:6ab15e06d2cd,Qwen3-8B,1.0,1.0,0.0,0.020000000000000018,0
bbh:test:69:ed52121444b8,Qwen3-8B,1.0,1.0,0.0,0.07999999999999996,0
bbh:test:337:b48857ec60e7,NVIDIA-Nemotron-Nano-9B-v2,1.0,1.0,0.0,0.06,0
bbh:test:775:6501b7893d4f,Qwen3-8B,1.0,1.0,0.0,0.04000000000000001,0
bbh:test:159:518b9e7a2d56,Qwen3-8B,1.0,1.0,0.0,0.010000000000000009,0
bbh:test:612:3b3c8f5e4819,NVIDIA-Nemotron-Nano-9B-v2,1.0,1.0,0.0,0.030000000000000027,0
bbh:test:985:8798412eedde,Qwen3-8B,0.0,1.0,1.0,0.08999999999999997,0
bbh:test:164:611e38c82144,Qwen3-8B,1.0,1.0,0.0,0.10999999999999999,0
bbh:test:341:4e821bfa0a16,NVIDIA-Nemotron-Nano-9B-v2,1.0,1.0,0.0,0.010000000000000009,0
bbh:test:676:977c9c653267,NVIDIA-Nemotron-Nano-9B-v2,1.0,1.0,0.0,0.13999999999999996,0
emorynlp:test:223:ebf5aef57a70,Qwen3-8B,1.0,1.0,0.0,0.20999999999999996,0
emorynlp:test:108:6b78f0bd6baa,Qwen3-8B,0.0,1.0,1.0,0.14,0
emorynlp:test:564:b0610f3cb4f8,Qwen3-8B,0.0,0.0,0.0,0.21000000000000002,0
emorynlp:test:374:4b76166a6f69,Qwen3-8B,0.0,1.0,1.0,0.16999999999999998,0
emorynlp:test:127:455e19807e0c,Qwen3-8B,1.0,1.0,0.0,0.19,0
emorynlp:test:244:bd08f9b67666,Qwen3-8B,0.0,1.0,1.0,0.21999999999999997,0
emorynlp:test:280:9e5ac50566a8,Qwen3-8B,0.0,0.0,0.0,0.21000000000000002,0
emorynlp:test:38:5754ccd622f4,Qwen3-8B,0.0,0.0,0.0,0.15999999999999998,0
emorynlp:test:317:d1f8a9a6b396,Qwen3-8B,1.0,1.0,0.0,0.27,0
emorynlp:test:144:b3e7fffc2d9e,Qwen3-8B,1.0,1.0,0.0,0.17,0
emorynlp:test:670:47c43fdf3114,Qwen3-8B,1.0,1.0,0.0,0.19,0
emorynlp:test:566:3d3b1374c670,Qwen3-8B,0.0,1.0,1.0,0.15,0
emorynlp:test:178:0293cd56783a,Qwen3-8B,1.0,1.0,0.0,0.16999999999999998,0
emorynlp:test:71:6935003da179,Qwen3-8B,0.0,1.0,1.0,0.15000000000000002,0
emorynlp:test:466:79126eaed51d,Qwen3-8B,0.0,1.0,1.0,0.22999999999999998,0
emorynlp:test:221:622a9635ef9c,Qwen3-8B,0.0,1.0,1.0,0.19,0
emorynlp:test:329:5b5e4d2dbb5f,Qwen3-8B,0.0,1.0,1.0,0.2,0
emorynlp:test:523:b19c96b4fabd,Qwen3-8B,0.0,1.0,1.0,0.2,0
emorynlp:test:183:c47e6dd13c6b,Qwen3-8B,0.0,0.0,0.0,0.25,0
emorynlp:test:541:e39b39ac7c6c,Qwen3-8B,0.0,1.0,1.0,0.22000000000000003,0
emorynlp:test:629:f9d3108f726a,Qwen3-8B,0.0,0.0,0.0,0.17,0
emorynlp:test:624:3ecb2900fa3b,Qwen3-8B,0.0,0.0,0.0,0.21000000000000002,0
emorynlp:test:359:0a6319177ae3,Qwen3-8B,0.0,0.0,0.0,0.29000000000000004,0
emorynlp:test:293:d93da4f68397,Qwen3-8B,1.0,1.0,0.0,0.24,0
emorynlp:test:33:29788350d0bc,Qwen3-8B,0.0,1.0,1.0,0.16,0
emorynlp:test:252:5769c2e6fcbb,Qwen3-8B,1.0,1.0,0.0,0.24000000000000005,0
emorynlp:test:439:9d8e09062bf5,Qwen3-8B,0.0,0.0,0.0,0.21999999999999997,0
emorynlp:test:308:314e3b1cd617,Qwen3-8B,0.0,1.0,1.0,0.19,0
emorynlp:test:57:f228697bb822,Qwen3-8B,0.0,1.0,1.0,0.20999999999999996,0
emorynlp:test:688:4e4ec8f6450a,Qwen3-8B,1.0,1.0,0.0,0.29000000000000004,0
emorynlp:test:600:cea6719d5096,Qwen3-8B,1.0,1.0,0.0,0.2,0
emorynlp:test:269:d01f27ced9c7,Qwen3-8B,1.0,1.0,0.0,0.26,0
emorynlp:test:415:e126c98eef1e,Qwen3-8B,1.0,1.0,0.0,0.2,0
emorynlp:test:619:7f6075ebc712,Qwen3-8B,0.0,0.0,0.0,0.16999999999999998,0
emorynlp:test:141:2c420a687b03,Qwen3-8B,0.0,0.0,0.0,0.22999999999999998,0
emorynlp:test:467:8126d646e43d,Qwen3-8B,0.0,0.0,0.0,0.2,0
emorynlp:test:177:d63745bde469,Qwen3-8B,0.0,1.0,1.0,0.21999999999999997,0
emorynlp:test:157:549d5e12ebb5,Qwen3-8B,0.0,1.0,1.0,0.2,0
emorynlp:test:659:bb5c0a1224e5,Qwen3-8B,1.0,1.0,0.0,0.24,0
emorynlp:test:47:9450e5c756bd,Qwen3-8B,1.0,1.0,0.0,0.25,0
emorynlp:test:172:899fed9eb05f,Qwen3-8B,0.0,1.0,1.0,0.24,0
emorynlp:test:288:3eb6a29ec764,Qwen3-8B,0.0,1.0,1.0,0.19,0
emorynlp:test:683:9a78df78ea1f,Qwen3-8B,1.0,1.0,0.0,0.22999999999999998,0
emorynlp:test:661:a6541a72e4bb,Qwen3-8B,0.0,0.0,0.0,0.22000000000000003,0
emorynlp:test:413:3dfa8d10d39d,Qwen3-8B,0.0,1.0,1.0,0.18,0
emorynlp:test:52:53a203852c58,Qwen3-8B,1.0,1.0,0.0,0.26,0
emorynlp:test:379:c6eb751a72f7,Qwen3-8B,1.0,1.0,0.0,0.1,0
emorynlp:test:147:2e1bbebee3e0,Qwen3-8B,0.0,1.0,1.0,0.2,0
emorynlp:test:424:2d076c677252,Qwen3-8B,0.0,1.0,1.0,0.21000000000000002,0
emorynlp:test:426:aa4d9fda161b,Qwen3-8B,0.0,1.0,1.0,0.18,0
emorynlp:test:348:3fdd8f5a7441,Qwen3-8B,0.0,1.0,1.0,0.14,0
emorynlp:test:277:fa9c90736f13,Qwen3-8B,0.0,1.0,1.0,0.19000000000000003,0
emorynlp:test:27:f2097e0b2621,Qwen3-8B,0.0,1.0,1.0,0.21999999999999997,0
emorynlp:test:416:3ef4278232da,Qwen3-8B,0.0,1.0,1.0,0.21,0
emorynlp:test:35:8dab363198dc,Qwen3-8B,0.0,0.0,0.0,0.22999999999999998,0
emorynlp:test:512:b781ccf8976c,Qwen3-8B,1.0,1.0,0.0,0.15999999999999998,0
emorynlp:test:199:526201b37290,Qwen3-8B,1.0,1.0,0.0,0.21000000000000002,0
emorynlp:test:516:d1458a7712c4,Qwen3-8B,1.0,1.0,0.0,0.15999999999999998,0
emorynlp:test:15:dfdf2aa73be2,Qwen3-8B,0.0,0.0,0.0,0.16999999999999998,0
emorynlp:test:156:6db9cdc2f0ba,Qwen3-8B,1.0,1.0,0.0,0.21000000000000002,0
emorynlp:test:544:3016f4346565,Qwen3-8B,1.0,1.0,0.0,0.15999999999999998,0
emorynlp:test:513:f574cd6f7fb5,Qwen3-8B,1.0,1.0,0.0,0.20999999999999996,0
emorynlp:test:536:0fc4214ad055,Qwen3-8B,0.0,1.0,1.0,0.2,0
emorynlp:test:378:687d46e6222a,Qwen3-8B,0.0,0.0,0.0,0.22999999999999998,0
emorynlp:test:190:689a51636e3a,Qwen3-8B,0.0,1.0,1.0,0.21000000000000002,0
emorynlp:test:515:88d743ac0cde,Qwen3-8B,0.0,0.0,0.0,0.12000000000000002,0
emorynlp:test:461:813be91c64f9,Qwen3-8B,0.0,0.0,0.0,0.19,0
emorynlp:test:511:369e29bea67a,Qwen3-8B,1.0,1.0,0.0,0.22000000000000003,0
emorynlp:test:198:ae36c3defd6b,Qwen3-8B,1.0,1.0,0.0,0.2,0
emorynlp:test:504:c491fd0bca0f,Qwen3-8B,1.0,1.0,0.0,0.23000000000000004,0
emorynlp:test:623:a4b2984ee909,Qwen3-8B,0.0,1.0,1.0,0.19000000000000003,0
emorynlp:test:54:6a407cb34337,Qwen3-8B,1.0,1.0,0.0,0.27,0
emorynlp:test:551:edf6a24774d8,Qwen3-8B,1.0,1.0,0.0,0.24,0
emorynlp:test:30:007e43e663bd,Qwen3-8B,1.0,1.0,0.0,0.16,0
emorynlp:test:489:5f6830672332,Qwen3-8B,0.0,1.0,1.0,0.16999999999999998,0
emorynlp:test:488:1e23337deeb2,Qwen3-8B,0.0,0.0,0.0,0.19,0
emorynlp:test:506:c3fa0228e8a0,Qwen3-8B,0.0,1.0,1.0,0.13,0
emorynlp:test:215:068c878216cd,Qwen3-8B,0.0,0.0,0.0,0.21999999999999997,0
emorynlp:test:98:084850542a2d,Qwen3-8B,1.0,1.0,0.0,0.19999999999999996,0
emorynlp:test:245:0b45b25fc2a1,Qwen3-8B,0.0,0.0,0.0,0.22999999999999998,0
emorynlp:test:26:8b74717c7aa6,Qwen3-8B,0.0,1.0,1.0,0.21000000000000002,0
emorynlp:test:237:bd502a8a2662,Qwen3-8B,1.0,1.0,0.0,0.18000000000000002,0
emorynlp:test:576:4a90993a24ef,Qwen3-8B,1.0,1.0,0.0,0.21999999999999997,0
emorynlp:test:410:f60545140a31,Qwen3-8B,0.0,1.0,1.0,0.2,0
emorynlp:test:528:7a0771c91521,Qwen3-8B,0.0,0.0,0.0,0.15999999999999998,0
emorynlp:test:590:9cf81b17ed5c,Qwen3-8B,1.0,1.0,0.0,0.24000000000000005,0
emorynlp:test:441:fc21bed14710,Qwen3-8B,1.0,1.0,0.0,0.18,0
emorynlp:test:193:c8b6b92c2c9a,Qwen3-8B,1.0,1.0,0.0,0.25,0
emorynlp:test:689:0df973d766c4,Qwen3-8B,1.0,1.0,0.0,0.19,0
emorynlp:test:5:26eea11e53a3,Qwen3-8B,0.0,1.0,1.0,0.21000000000000002,0
emorynlp:test:87:06093bcd326a,Qwen3-8B,0.0,0.0,0.0,0.26,0
emorynlp:test:174:150c9e3724f7,Qwen3-8B,0.0,0.0,0.0,0.23000000000000004,0
emorynlp:test:634:2239d57849a9,Qwen3-8B,0.0,1.0,1.0,0.19,0
emorynlp:test:304:8c6d424cfde5,Qwen3-8B,1.0,1.0,0.0,0.22000000000000003,0
emorynlp:test:672:f6c86f9d72d8,Qwen3-8B,0.0,1.0,1.0,0.22999999999999998,0
emorynlp:test:187:869b51e53344,Qwen3-8B,1.0,1.0,0.0,0.22999999999999998,0
emorynlp:test:169:f71aa8f9e229,Qwen3-8B,0.0,0.0,0.0,0.19,0
emorynlp:test:46:16fd755b5a3d,Qwen3-8B,0.0,1.0,1.0,0.25,0
emorynlp:test:497:0432ef9e0014,Qwen3-8B,1.0,1.0,0.0,0.21000000000000002,0
emorynlp:test:577:6acbe0a43070,Qwen3-8B,1.0,1.0,0.0,0.24,0
emorynlp:test:210:9b9ac9d96cef,Qwen3-8B,0.0,1.0,1.0,0.25,0
emorynlp:test:213:974ec06a8db8,Qwen3-8B,1.0,1.0,0.0,0.18,0
emorynlp:test:478:753c69c3135a,Qwen3-8B,0.0,1.0,1.0,0.2,0
emorynlp:test:203:ae41d34988c5,Qwen3-8B,0.0,0.0,0.0,0.28,0
emorynlp:test:36:03446905fb7a,Qwen3-8B,0.0,1.0,1.0,0.2,0
emorynlp:test:618:b7e737eb295f,Qwen3-8B,0.0,0.0,0.0,0.15,0
emorynlp:test:326:5053d97ef85d,Qwen3-8B,0.0,0.0,0.0,0.19,0
emorynlp:test:527:f595680b8aa4,Qwen3-8B,0.0,1.0,1.0,0.29000000000000004,0
emorynlp:test:207:b6fd7267950f,Qwen3-8B,1.0,1.0,0.0,0.15999999999999998,0
emorynlp:test:90:5285941a7217,Qwen3-8B,0.0,0.0,0.0,0.22999999999999998,0
emorynlp:test:337:756f81e582a8,Qwen3-8B,0.0,1.0,1.0,0.19,0
emorynlp:test:134:0b8e19df561d,Qwen3-8B,0.0,1.0,1.0,0.24,0
emorynlp:test:437:6093cf0313f2,Qwen3-8B,1.0,1.0,0.0,0.25,0
emorynlp:test:137:bbda89767ff5,Qwen3-8B,1.0,1.0,0.0,0.2,0
emorynlp:test:482:bb4057437964,Qwen3-8B,0.0,0.0,0.0,0.2,0
emorynlp:test:132:701461160b69,Qwen3-8B,0.0,1.0,1.0,0.19,0
emorynlp:test:281:f73675b0c8ff,Qwen3-8B,0.0,0.0,0.0,0.22000000000000003,0
emorynlp:test:641:1061e1004cda,Qwen3-8B,0.0,0.0,0.0,0.21999999999999997,0
emorynlp:test:561:a4fc2b98a2b2,Qwen3-8B,0.0,0.0,0.0,0.18000000000000002,0
emorynlp:test:444:11e3eb838fff,Qwen3-8B,1.0,1.0,0.0,0.26,0
emorynlp:test:418:5aacd227c293,Qwen3-8B,0.0,1.0,1.0,0.2,0
emorynlp:test:563:2c5804fad1e6,Qwen3-8B,1.0,1.0,0.0,0.19,0
emorynlp:test:290:247c429c674a,Qwen3-8B,0.0,1.0,1.0,0.16999999999999998,0
emorynlp:test:631:f8ed6eb2b954,Qwen3-8B,1.0,1.0,0.0,0.21000000000000002,0
emorynlp:test:404:b626ab60925b,Qwen3-8B,1.0,1.0,0.0,0.22999999999999998,0
emorynlp:test:60:32c5b8821bb3,Qwen3-8B,0.0,0.0,0.0,0.25,0
emorynlp:test:578:0b8a776afc1e,Qwen3-8B,0.0,0.0,0.0,0.23000000000000004,0
emorynlp:test:40:79d81859d17c,Qwen3-8B,1.0,1.0,0.0,0.21000000000000002,0
emorynlp:test:428:41e9c1401f5f,Qwen3-8B,0.0,1.0,1.0,0.27,0
emorynlp:test:14:779df58ed0ff,Qwen3-8B,0.0,1.0,1.0,0.19,0
emorynlp:test:201:8e5a339c736c,Qwen3-8B,1.0,1.0,0.0,0.22999999999999998,0
emorynlp:test:226:e33d62cdb703,Qwen3-8B,0.0,1.0,1.0,0.14999999999999997,0
emorynlp:test:194:199fdd23f2b0,Qwen3-8B,1.0,1.0,0.0,0.26,0
emorynlp:test:628:2838bbf29ca9,Qwen3-8B,1.0,1.0,0.0,0.22000000000000003,0
emorynlp:test:150:a2add4ca1316,Qwen3-8B,1.0,1.0,0.0,0.14999999999999997,0
emorynlp:test:625:66e3c71feb23,Qwen3-8B,1.0,1.0,0.0,0.24,0
emorynlp:test:217:ae5aa70d1a0f,Qwen3-8B,1.0,1.0,0.0,0.26,0
emorynlp:test:582:2f0ea7cffb1b,Qwen3-8B,1.0,1.0,0.0,0.22999999999999998,0
emorynlp:test:667:8a7bc5fcd96c,Qwen3-8B,0.0,0.0,0.0,0.19999999999999996,0
emorynlp:test:604:c9547ae6b32d,Qwen3-8B,1.0,1.0,0.0,0.16999999999999998,0
finqa:test:620:fad24eb5fc43,Qwen3-8B,1.0,1.0,0.0,0.07,0
finqa:test:271:9de1f752a276,Qwen3-8B,0.0,0.0,0.0,0.0,0
finqa:test:874:95e73e979b61,Qwen3-8B,1.0,1.0,0.0,0.07,0
finqa:test:1011:4e1a86f5b36d,Qwen3-8B,1.0,1.0,0.0,0.08000000000000002,0
finqa:test:21:9934e4d228aa,NVIDIA-Nemotron-Nano-9B-v2,0.0,1.0,1.0,0.010000000000000009,0
finqa:test:306:f882b2abb61d,NVIDIA-Nemotron-Nano-9B-v2,1.0,1.0,0.0,0.050000000000000044,0
finqa:test:379:6da8f5a30114,Qwen3-8B,1.0,1.0,0.0,0.019999999999999962,0
finqa:test:219:2ed26e898c6a,NVIDIA-Nemotron-Nano-9B-v2,1.0,1.0,0.0,0.010000000000000009,0
finqa:test:441:0fd877640678,NVIDIA-Nemotron-Nano-9B-v2,1.0,1.0,0.0,0.020000000000000018,0
finqa:test:341:98cf06718aa5,Qwen3-8B,1.0,1.0,0.0,0.04999999999999999,0
finqa:test:913:fd1be4ed0ded,Qwen3-8B,1.0,1.0,0.0,0.06,0
finqa:test:859:05d17e640fa5,NVIDIA-Nemotron-Nano-9B-v2,1.0,1.0,0.0,0.07999999999999996,0
finqa:test:9:72f211a1be62,Qwen3-8B,1.0,1.0,0.0,0.0,0
finqa:test:574:a526829fea51,NVIDIA-Nemotron-Nano-9B-v2,0.0,1.0,1.0,0.13,0
finqa:test:721:4b8caa0b46e6,NVIDIA-Nemotron-Nano-9B-v2,1.0,1.0,0.0,0.08000000000000002,0
finqa:test:347:ec97c4b97e83,Qwen3-8B,1.0,1.0,0.0,0.020000000000000018,0
finqa:test:723:f17a88dd6558,Qwen3-8B,1.0,1.0,0.0,0.07,0
finqa:test:57:56736f6289f7,NVIDIA-Nemotron-Nano-9B-v2,0.0,1.0,1.0,0.14,0
finqa:test:611:86d8939f7939,NVIDIA-Nemotron-Nano-9B-v2,1.0,1.0,0.0,0.10999999999999999,0
finqa:test:322:882d0ae0eff3,NVIDIA-Nemotron-Nano-9B-v2,1.0,1.0,0.0,0.06,0
finqa:test:400:3bcf03be4dd7,NVIDIA-Nemotron-Nano-9B-v2,0.0,0.0,0.0,0.12,0
finqa:test:323:e46a27a14d3b,Qwen3-8B,1.0,1.0,0.0,0.0,0
finqa:test:465:1d00def5c512,NVIDIA-Nemotron-Nano-9B-v2,1.0,1.0,0.0,0.050000000000000044,0
finqa:test:818:f828f3c8d148,Qwen3-8B,1.0,1.0,0.0,0.02999999999999997,0
finqa:test:201:ee6d2d2d1bf5,Qwen3-8B,1.0,1.0,0.0,0.10000000000000003,0
finqa:test:384:d923cc803254,Qwen3-8B,1.0,1.0,0.0,0.06,0
finqa:test:591:b7ea24e5d041,Qwen3-8B,0.0,1.0,1.0,0.08000000000000002,0
finqa:test:881:5b2ee58cb3ef,NVIDIA-Nemotron-Nano-9B-v2,1.0,1.0,0.0,0.04999999999999999,0
finqa:test:155:b3af9b802f2f,NVIDIA-Nemotron-Nano-9B-v2,1.0,1.0,0.0,0.07,0
finqa:test:751:e845b9af9486,NVIDIA-Nemotron-Nano-9B-v2,1.0,1.0,0.0,0.03999999999999998,0
finqa:test:752:a410ffb12e3f,NVIDIA-Nemotron-Nano-9B-v2,1.0,1.0,0.0,0.12,0
finqa:test:269:80d5b9c0a292,NVIDIA-Nemotron-Nano-9B-v2,1.0,1.0,0.0,0.019999999999999962,0
finqa:test:771:3da0219b5b6c,NVIDIA-Nemotron-Nano-9B-v2,1.0,1.0,0.0,0.08000000000000002,0
finqa:test:680:80e953a5ce7c,NVIDIA-Nemotron-Nano-9B-v2,1.0,1.0,0.0,0.10000000000000003,0
finqa:test:368:ef9719f27540,Qwen3-8B,1.0,1.0,0.0,0.10999999999999999,0
finqa:test:16:903af4f01f42,Qwen3-8B,1.0,1.0,0.0,0.0,0
finqa:test:1147:b187b4d1e99a,NVIDIA-Nemotron-Nano-9B-v2,0.0,1.0,1.0,0.21000000000000002,0
finqa:test:1144:62e4f8039d94,Qwen3-8B,1.0,1.0,0.0,0.07,0
finqa:test:399:f7ff92bd5f23,NVIDIA-Nemotron-Nano-9B-v2,1.0,1.0,0.0,0.13,0
finqa:test:849:ea43231aaf50,Qwen3-8B,1.0,1.0,0.0,0.10999999999999999,0
finqa:test:403:3eeb687a1ad1,Qwen3-8B,0.0,0.0,0.0,0.019999999999999962,0
finqa:test:413:aab8a23a71bf,NVIDIA-Nemotron-Nano-9B-v2,0.0,1.0,1.0,0.07,0
finqa:test:679:0572540333d2,Qwen3-8B,1.0,1.0,0.0,0.07,0
finqa:test:934:2651f55937e5,Qwen3-8B,0.0,0.0,0.0,0.14,0
finqa:test:682:c091d1156722,NVIDIA-Nemotron-Nano-9B-v2,0.0,1.0,1.0,0.030000000000000027,0
finqa:test:498:7aacaad8ce89,NVIDIA-Nemotron-Nano-9B-v2,1.0,1.0,0.0,0.08000000000000002,0
finqa:test:247:7df3509da2da,NVIDIA-Nemotron-Nano-9B-v2,0.0,1.0,1.0,0.04999999999999999,0
finqa:test:329:03e59d9b34e1,NVIDIA-Nemotron-Nano-9B-v2,0.0,1.0,1.0,0.09000000000000002,0
finqa:test:287:f79dc5374c55,Qwen3-8B,1.0,1.0,0.0,0.02999999999999997,0
finqa:test:741:3880f071f12f,NVIDIA-Nemotron-Nano-9B-v2,1.0,1.0,0.0,0.07,0
finqa:test:845:022b6b1f8e06,NVIDIA-Nemotron-Nano-9B-v2,1.0,1.0,0.0,0.0,0
finqa:test:852:272d30bb47ed,NVIDIA-Nemotron-Nano-9B-v2,1.0,1.0,0.0,0.08000000000000002,0
finqa:test:1109:9e10c1966bd4,NVIDIA-Nemotron-Nano-9B-v2,1.0,1.0,0.0,0.12,0
finqa:test:794:cb8c9bcd5542,Qwen3-8B,0.0,0.0,0.0,0.04999999999999999,0
finqa:test:781:021d004510c8,NVIDIA-Nemotron-Nano-9B-v2,0.0,0.0,0.0,0.08999999999999997,0
finqa:test:925:c93b07cbb3de,NVIDIA-Nemotron-Nano-9B-v2,1.0,1.0,0.0,0.010000000000000009,0
finqa:test:911:f84dc80b0958,Qwen3-8B,1.0,1.0,0.0,0.07999999999999996,0
finqa:test:732:51079bb760b8,NVIDIA-Nemotron-Nano-9B-v2,1.0,1.0,0.0,0.12,0
finqa:test:402:9819180013a2,NVIDIA-Nemotron-Nano-9B-v2,0.0,1.0,1.0,0.030000000000000027,0
finqa:test:551:db6dc1fa1697,NVIDIA-Nemotron-Nano-9B-v2,1.0,1.0,0.0,0.10999999999999999,0
finqa:test:50:e1a3e52bb132,NVIDIA-Nemotron-Nano-9B-v2,0.0,1.0,1.0,0.050000000000000044,0
finqa:test:608:0322737b9b9c,NVIDIA-Nemotron-Nano-9B-v2,1.0,1.0,0.0,0.02999999999999997,0
finqa:test:994:ee5e92fc5cdc,NVIDIA-Nemotron-Nano-9B-v2,1.0,1.0,0.0,0.04999999999999999,0
finqa:test:703:25aab195c3eb,NVIDIA-Nemotron-Nano-9B-v2,1.0,1.0,0.0,0.010000000000000009,0
finqa:test:60:fc67276c2f81,NVIDIA-Nemotron-Nano-9B-v2,0.0,0.0,0.0,0.08999999999999997,0
finqa:test:182:5847a1de630e,NVIDIA-Nemotron-Nano-9B-v2,1.0,1.0,0.0,0.030000000000000027,0
finqa:test:353:77c80d76543a,NVIDIA-Nemotron-Nano-9B-v2,1.0,1.0,0.0,0.030000000000000027,0
finqa:test:923:b0e04f2275e2,NVIDIA-Nemotron-Nano-9B-v2,1.0,1.0,0.0,0.18,0
finqa:test:790:f2b564b34e85,NVIDIA-Nemotron-Nano-9B-v2,1.0,1.0,0.0,0.010000000000000009,0
finqa:test:714:b7a12ab76b8c,Qwen3-8B,0.0,1.0,1.0,0.010000000000000009,0
finqa:test:722:bcb334b6e43a,NVIDIA-Nemotron-Nano-9B-v2,1.0,1.0,0.0,0.0,0
finqa:test:878:aebff1fe9bdd,NVIDIA-Nemotron-Nano-9B-v2,1.0,1.0,0.0,0.08999999999999997,0
finqa:test:576:b2e16cf8246e,NVIDIA-Nemotron-Nano-9B-v2,1.0,1.0,0.0,0.009999999999999953,0
finqa:test:927:83152d992c84,NVIDIA-Nemotron-Nano-9B-v2,1.0,1.0,0.0,0.040000000000000036,0
finqa:test:727:b08b0ab1d9a5,Qwen3-8B,0.0,0.0,0.0,0.040000000000000036,0
finqa:test:394:c47ab3c3df8a,NVIDIA-Nemotron-Nano-9B-v2,1.0,1.0,0.0,0.07,0
finqa:test:928:409eb5471d1f,NVIDIA-Nemotron-Nano-9B-v2,1.0,1.0,0.0,0.08999999999999997,0
finqa:test:98:e190538a9ee7,Qwen3-8B,1.0,1.0,0.0,0.030000000000000027,0
finqa:test:100:7ddf17012e4b,NVIDIA-Nemotron-Nano-9B-v2,0.0,1.0,1.0,0.04999999999999999,0
finqa:test:1141:451f10ec497d,NVIDIA-Nemotron-Nano-9B-v2,0.0,1.0,1.0,0.010000000000000009,0
finqa:test:1140:3a01433c3997,NVIDIA-Nemotron-Nano-9B-v2,0.0,1.0,1.0,0.030000000000000027,0
finqa:test:834:40d0d35e49a4,NVIDIA-Nemotron-Nano-9B-v2,0.0,1.0,1.0,0.08000000000000002,0
finqa:test:957:e527f60f1fa8,NVIDIA-Nemotron-Nano-9B-v2,0.0,1.0,1.0,0.0,0
finqa:test:436:d54d899491c3,Qwen3-8B,1.0,1.0,0.0,0.010000000000000009,0
finqa:test:662:d4618a77e9bb,NVIDIA-Nemotron-Nano-9B-v2,1.0,1.0,0.0,0.08999999999999997,0
finqa:test:619:faf3f72c6a20,NVIDIA-Nemotron-Nano-9B-v2,0.0,1.0,1.0,0.10999999999999999,0
finqa:test:792:ce4f9f51f0e1,Qwen3-8B,1.0,1.0,0.0,0.09999999999999998,0
finqa:test:253:8fb5c7bdd381,NVIDIA-Nemotron-Nano-9B-v2,1.0,1.0,0.0,0.009999999999999953,0
finqa:test:95:d411be2f52b9,NVIDIA-Nemotron-Nano-9B-v2,1.0,1.0,0.0,0.06,0
finqa:test:28:a796742c4c0c,Qwen3-8B,1.0,1.0,0.0,0.08999999999999997,0
finqa:test:827:99c11515c01b,NVIDIA-Nemotron-Nano-9B-v2,1.0,1.0,0.0,0.030000000000000027,0
finqa:test:895:a086fe1e3488,NVIDIA-Nemotron-Nano-9B-v2,0.0,1.0,1.0,0.08000000000000002,0
finqa:test:279:fc017f80071a,NVIDIA-Nemotron-Nano-9B-v2,0.0,0.0,0.0,0.17000000000000004,0
finqa:test:760:11cb3a7011d1,NVIDIA-Nemotron-Nano-9B-v2,0.0,0.0,0.0,0.030000000000000027,0
finqa:test:921:8d2774abfdb3,NVIDIA-Nemotron-Nano-9B-v2,0.0,1.0,1.0,0.09999999999999998,0
finqa:test:298:d3b649665155,NVIDIA-Nemotron-Nano-9B-v2,0.0,1.0,1.0,0.08999999999999997,0
finqa:test:615:ae9c1e7efd66,NVIDIA-Nemotron-Nano-9B-v2,1.0,1.0,0.0,0.06,0
finqa:test:592:04bee417d722,NVIDIA-Nemotron-Nano-9B-v2,0.0,1.0,1.0,0.07999999999999996,0
finqa:test:180:25963864a3b6,NVIDIA-Nemotron-Nano-9B-v2,1.0,1.0,0.0,0.010000000000000009,0
finqa:test:444:5331929bc02b,NVIDIA-Nemotron-Nano-9B-v2,0.0,0.0,0.0,0.10999999999999999,0
finqa:test:762:e494aa9d33ff,NVIDIA-Nemotron-Nano-9B-v2,1.0,1.0,0.0,0.08000000000000002,0
finqa:test:63:e544dc01bbb4,NVIDIA-Nemotron-Nano-9B-v2,0.0,0.0,0.0,0.08000000000000002,0
finqa:test:1097:4d8daac94ed6,Qwen3-8B,1.0,1.0,0.0,0.020000000000000018,0
finqa:test:1018:d0582c7234c2,NVIDIA-Nemotron-Nano-9B-v2,1.0,1.0,0.0,0.08000000000000002,0
finqa:test:393:7045f44098ac,Qwen3-8B,1.0,1.0,0.0,0.010000000000000009,0
finqa:test:90:47fa60d71e4b,Qwen3-8B,1.0,1.0,0.0,0.010000000000000009,0
finqa:test:801:a5bbc7556817,NVIDIA-Nemotron-Nano-9B-v2,0.0,1.0,1.0,0.10999999999999999,0
finqa:test:7:628cfba53537,NVIDIA-Nemotron-Nano-9B-v2,1.0,1.0,0.0,0.07,0
finqa:test:747:f3898dd06f29,Qwen3-8B,1.0,1.0,0.0,0.020000000000000018,0
finqa:test:999:351dad6dba58,Qwen3-8B,1.0,1.0,0.0,0.12,0
finqa:test:456:70bcfda2a2f3,NVIDIA-Nemotron-Nano-9B-v2,1.0,1.0,0.0,0.10999999999999999,0
finqa:test:172:c6d54037c11e,NVIDIA-Nemotron-Nano-9B-v2,0.0,0.0,0.0,0.020000000000000018,0
finqa:test:894:d70c0ba43bbd,Qwen3-8B,1.0,1.0,0.0,0.02999999999999997,0
finqa:test:363:b11feaf5b726,NVIDIA-Nemotron-Nano-9B-v2,1.0,1.0,0.0,0.08000000000000002,0
finqa:test:199:78d7d7cc0e37,NVIDIA-Nemotron-Nano-9B-v2,1.0,1.0,0.0,0.020000000000000018,0
finqa:test:1060:493d5ce7d7d7,NVIDIA-Nemotron-Nano-9B-v2,1.0,1.0,0.0,0.10999999999999999,0
finqa:test:916:780c3ca3031c,Qwen3-8B,1.0,1.0,0.0,0.14,0
finqa:test:1137:180788053594,NVIDIA-Nemotron-Nano-9B-v2,1.0,1.0,0.0,0.04999999999999999,0
finqa:test:583:0519b5c50102,NVIDIA-Nemotron-Nano-9B-v2,1.0,1.0,0.0,0.07999999999999996,0
finqa:test:1104:9f2445468ee6,NVIDIA-Nemotron-Nano-9B-v2,0.0,1.0,1.0,0.10999999999999999,0
finqa:test:862:5a6d411d7bd9,Qwen3-8B,1.0,1.0,0.0,0.0,0
finqa:test:536:c653d667edf2,Qwen3-8B,0.0,1.0,1.0,0.030000000000000027,0
finqa:test:472:ebbad8c9f0e1,NVIDIA-Nemotron-Nano-9B-v2,1.0,1.0,0.0,0.18,0
finqa:test:683:041da07453db,NVIDIA-Nemotron-Nano-9B-v2,1.0,1.0,0.0,0.06,0
finqa:test:1053:a73849d3aee0,NVIDIA-Nemotron-Nano-9B-v2,1.0,1.0,0.0,0.08000000000000002,0
finqa:test:886:627efc2a1425,NVIDIA-Nemotron-Nano-9B-v2,1.0,1.0,0.0,0.13,0
finqa:test:333:27ae94f349e0,NVIDIA-Nemotron-Nano-9B-v2,1.0,1.0,0.0,0.07,0
finqa:test:487:3cf390721594,NVIDIA-Nemotron-Nano-9B-v2,0.0,1.0,1.0,0.03999999999999998,0
finqa:test:262:e84bf9819454,Qwen3-8B,0.0,1.0,1.0,0.010000000000000009,0
finqa:test:742:bc3cb75a774d,Qwen3-8B,1.0,1.0,0.0,0.02999999999999997,0
finqa:test:890:b16e2cb58715,Qwen3-8B,1.0,1.0,0.0,0.06,0
finqa:test:864:53a285bb7a6d,NVIDIA-Nemotron-Nano-9B-v2,0.0,0.0,0.0,0.15000000000000002,0
finqa:test:554:82ac9d5fc9ae,NVIDIA-Nemotron-Nano-9B-v2,1.0,1.0,0.0,0.15999999999999998,0
finqa:test:268:23d8a3c6d036,NVIDIA-Nemotron-Nano-9B-v2,0.0,0.0,0.0,0.03999999999999998,0
finqa:test:635:cbe5c1782b0d,NVIDIA-Nemotron-Nano-9B-v2,1.0,1.0,0.0,0.28,0
finqa:test:773:718ec10154cf,NVIDIA-Nemotron-Nano-9B-v2,0.0,0.0,0.0,0.020000000000000018,0
finqa:test:284:e2d5739efa28,NVIDIA-Nemotron-Nano-9B-v2,1.0,1.0,0.0,0.04999999999999999,0
finqa:test:428:66115caccc66,NVIDIA-Nemotron-Nano-9B-v2,1.0,1.0,0.0,0.03999999999999998,0
finqa:test:1012:d5500d59ba48,NVIDIA-Nemotron-Nano-9B-v2,0.0,1.0,1.0,0.010000000000000009,0
finqa:test:587:b2905e88c098,NVIDIA-Nemotron-Nano-9B-v2,1.0,1.0,0.0,0.14,0
finqa:test:893:dae0a7ddfd76,NVIDIA-Nemotron-Nano-9B-v2,1.0,1.0,0.0,0.06999999999999995,0
finqa:test:69:284443bffdea,NVIDIA-Nemotron-Nano-9B-v2,0.0,1.0,1.0,0.11000000000000004,0
finqa:test:185:2894e36b433a,Qwen3-8B,1.0,1.0,0.0,0.010000000000000009,0
finqa:test:499:dbb44f8a6b14,NVIDIA-Nemotron-Nano-9B-v2,1.0,1.0,0.0,0.08000000000000002,0
finqa:test:1133:a5536b4910df,NVIDIA-Nemotron-Nano-9B-v2,1.0,1.0,0.0,0.33999999999999997,0
finqa:test:6:42e55791f823,NVIDIA-Nemotron-Nano-9B-v2,0.0,0.0,0.0,0.12,0
finqa:test:1051:6616a1f0b58b,NVIDIA-Nemotron-Nano-9B-v2,1.0,1.0,0.0,0.06,0
finqa:test:993:0070aa1a479f,NVIDIA-Nemotron-Nano-9B-v2,0.0,1.0,1.0,0.0,0
finqa:test:550:abbc32d2c500,NVIDIA-Nemotron-Nano-9B-v2,1.0,1.0,0.0,0.010000000000000009,0
finqa:test:595:6a6ae8cc9191,Qwen3-8B,0.0,0.0,0.0,0.040000000000000036,0
finqa:test:133:3f2039c88625,NVIDIA-Nemotron-Nano-9B-v2,1.0,1.0,0.0,0.19,0
finqa:test:974:164c8f0ee7fc,NVIDIA-Nemotron-Nano-9B-v2,0.0,1.0,1.0,0.02999999999999997,0
finqa:test:1023:99564e3ed70f,Qwen3-8B,1.0,1.0,0.0,0.07,0
finqa:test:254:3028c8c54ab5,NVIDIA-Nemotron-Nano-9B-v2,1.0,1.0,0.0,0.10999999999999999,0
finqa:test:919:dc4cf0113662,NVIDIA-Nemotron-Nano-9B-v2,1.0,1.0,0.0,0.16999999999999998,0
finqa:test:555:837cf1b852e4,NVIDIA-Nemotron-Nano-9B-v2,1.0,1.0,0.0,0.010000000000000009,0
finqa:test:869:45e9c79f66f8,Qwen3-8B,1.0,1.0,0.0,0.010000000000000009,0
finqa:test:27:63e1f9eb55fc,Qwen3-8B,1.0,1.0,0.0,0.03999999999999998,0
finqa:test:726:b41c989c4f49,NVIDIA-Nemotron-Nano-9B-v2,0.0,1.0,1.0,0.07,0
finqa:test:80:f1c8680d0cbc,Qwen3-8B,0.0,0.0,0.0,0.010000000000000009,0
finqa:test:417:93169a6bf292,NVIDIA-Nemotron-Nano-9B-v2,0.0,1.0,1.0,0.16999999999999998,0
finqa:test:594:36dd53e5e741,NVIDIA-Nemotron-Nano-9B-v2,1.0,1.0,0.0,0.10999999999999999,0
finqa:test:245:3eb918472e9e,NVIDIA-Nemotron-Nano-9B-v2,1.0,1.0,0.0,0.06,0
finqa:test:240:ca63e2047b62,Qwen3-8B,1.0,1.0,0.0,0.07,0
finqa:test:820:15b3a85357f7,NVIDIA-Nemotron-Nano-9B-v2,1.0,1.0,0.0,0.04999999999999999,0
finqa:test:756:1070aca90e12,NVIDIA-Nemotron-Nano-9B-v2,1.0,1.0,0.0,0.09999999999999998,0
finqa:test:339:73a652c459f7,NVIDIA-Nemotron-Nano-9B-v2,1.0,1.0,0.0,0.03999999999999998,0
finqa:test:1093:990719c588ee,NVIDIA-Nemotron-Nano-9B-v2,1.0,1.0,0.0,0.10999999999999999,0
finqa:test:450:e4472d8f5d69,NVIDIA-Nemotron-Nano-9B-v2,1.0,1.0,0.0,0.16999999999999998,0
finqa:test:1075:addc6fa5683c,NVIDIA-Nemotron-Nano-9B-v2,0.0,1.0,1.0,0.10999999999999999,0
finqa:test:430:27ed957f9a92,Qwen3-8B,1.0,1.0,0.0,0.12,0
finqa:test:286:04cf5a5777cc,NVIDIA-Nemotron-Nano-9B-v2,1.0,1.0,0.0,0.14,0
finqa:test:961:e5ab04b72455,NVIDIA-Nemotron-Nano-9B-v2,1.0,1.0,0.0,0.02999999999999997,0
finqa:test:222:b8c373daa316,NVIDIA-Nemotron-Nano-9B-v2,1.0,1.0,0.0,0.09000000000000002,0
finqa:test:689:ff044877b52e,NVIDIA-Nemotron-Nano-9B-v2,1.0,1.0,0.0,0.030000000000000027,0
finqa:test:53:62fb57e55a77,NVIDIA-Nemotron-Nano-9B-v2,0.0,1.0,1.0,0.06,0
finqa:test:52:4eaaf9b1c408,Qwen3-8B,1.0,1.0,0.0,0.020000000000000018,0
finqa:test:691:e39c0ac0c581,NVIDIA-Nemotron-Nano-9B-v2,1.0,1.0,0.0,0.07,0
finqa:test:517:5e3f0eb29f1f,NVIDIA-Nemotron-Nano-9B-v2,1.0,1.0,0.0,0.11000000000000004,0
finqa:test:621:b1739e1ad176,NVIDIA-Nemotron-Nano-9B-v2,0.0,1.0,1.0,0.10000000000000003,0
finqa:test:140:7d94bdb5a504,NVIDIA-Nemotron-Nano-9B-v2,1.0,1.0,0.0,0.21000000000000002,0
finqa:test:857:9acdde91d7de,NVIDIA-Nemotron-Nano-9B-v2,0.0,0.0,0.0,0.040000000000000036,0
finqa:test:630:101408a0df81,NVIDIA-Nemotron-Nano-9B-v2,1.0,1.0,0.0,0.06,0
finqa:test:898:b2e21cfde8b3,NVIDIA-Nemotron-Nano-9B-v2,0.0,0.0,0.0,0.09000000000000002,0
finqa:test:194:4ab0dc833c50,Qwen3-8B,1.0,1.0,0.0,0.019999999999999962,0
finqa:test:701:a35693709a68,NVIDIA-Nemotron-Nano-9B-v2,1.0,1.0,0.0,0.12,0
finqa:test:644:e8db5a94cf90,NVIDIA-Nemotron-Nano-9B-v2,0.0,1.0,1.0,0.02999999999999997,0
finqa:test:1058:42fc47337356,NVIDIA-Nemotron-Nano-9B-v2,1.0,1.0,0.0,0.08000000000000002,0
finqa:test:532:789d0eba950e,Qwen3-8B,0.0,0.0,0.0,0.009999999999999953,0
finqa:test:879:8f3f34edce19,NVIDIA-Nemotron-Nano-9B-v2,1.0,1.0,0.0,0.010000000000000009,0
finqa:test:46:4d4b63dacccf,NVIDIA-Nemotron-Nano-9B-v2,1.0,1.0,0.0,0.13,0
finqa:test:1066:3b0da9d47c0b,NVIDIA-Nemotron-Nano-9B-v2,0.0,1.0,1.0,0.019999999999999962,0
finqa:test:261:94ce900fa618,NVIDIA-Nemotron-Nano-9B-v2,0.0,1.0,1.0,0.010000000000000009,0
finqa:test:768:5498f59bcd37,Qwen3-8B,0.0,0.0,0.0,0.040000000000000036,0
finqa:test:713:4222d4b008b7,Qwen3-8B,1.0,1.0,0.0,0.019999999999999962,0
finqa:test:908:8c872f389865,NVIDIA-Nemotron-Nano-9B-v2,1.0,1.0,0.0,0.10999999999999999,0
finqa:test:734:ad870c70b590,NVIDIA-Nemotron-Nano-9B-v2,1.0,1.0,0.0,0.12,0
finqa:test:232:aa7a6064dcf5,NVIDIA-Nemotron-Nano-9B-v2,0.0,0.0,0.0,0.030000000000000027,0
finqa:test:566:de3eb289f3c6,NVIDIA-Nemotron-Nano-9B-v2,1.0,1.0,0.0,0.09000000000000002,0
finqa:test:968:5373c9ab5097,NVIDIA-Nemotron-Nano-9B-v2,0.0,0.0,0.0,0.10999999999999999,0
finqa:test:1105:28333f350ac9,NVIDIA-Nemotron-Nano-9B-v2,1.0,1.0,0.0,0.15999999999999998,0
finqa:test:539:bc6a2b551e67,NVIDIA-Nemotron-Nano-9B-v2,1.0,1.0,0.0,0.06,0
finqa:test:4:6977408536cd,Qwen3-8B,1.0,1.0,0.0,0.03999999999999998,0
finqa:test:88:0828deb584f1,NVIDIA-Nemotron-Nano-9B-v2,1.0,1.0,0.0,0.04999999999999999,0
finqa:test:966:4e2d3cda2c55,NVIDIA-Nemotron-Nano-9B-v2,1.0,1.0,0.0,0.04999999999999999,0
finqa:test:406:2075cc706e69,Qwen3-8B,1.0,1.0,0.0,0.020000000000000018,0
finqa:test:519:4bd8d62f2d35,NVIDIA-Nemotron-Nano-9B-v2,0.0,1.0,1.0,0.019999999999999962,0
finqa:test:310:8a0c3839eb19,NVIDIA-Nemotron-Nano-9B-v2,0.0,1.0,1.0,0.04999999999999999,0
finqa:test:548:a309e7133dd8,NVIDIA-Nemotron-Nano-9B-v2,1.0,1.0,0.0,0.07,0
finqa:test:348:810e0889d741,NVIDIA-Nemotron-Nano-9B-v2,1.0,1.0,0.0,0.010000000000000009,0
finqa:test:295:9c64a967e06f,Qwen3-8B,1.0,1.0,0.0,0.06,0
finqa:test:848:bae6f191eec8,Qwen3-8B,0.0,0.0,0.0,0.06,0
finqa:test:314:00f185a73559,NVIDIA-Nemotron-Nano-9B-v2,0.0,0.0,0.0,0.04999999999999999,0
finqa:test:822:b19bbd9500b3,NVIDIA-Nemotron-Nano-9B-v2,1.0,1.0,0.0,0.06,0
finqa:test:1007:7504602d3db5,NVIDIA-Nemotron-Nano-9B-v2,1.0,1.0,0.0,0.10000000000000003,0
finqa:test:113:dab11902458d,Qwen3-8B,1.0,1.0,0.0,0.009999999999999953,0
finqa:test:331:69d9aa771274,Qwen3-8B,1.0,1.0,0.0,0.11000000000000004,0
finqa:test:871:20478303c7e7,NVIDIA-Nemotron-Nano-9B-v2,1.0,1.0,0.0,0.009999999999999953,0
finqa:test:577:7e7a29307152,NVIDIA-Nemotron-Nano-9B-v2,1.0,1.0,0.0,0.02999999999999997,0
finqa:test:15:301fcad856aa,NVIDIA-Nemotron-Nano-9B-v2,0.0,1.0,1.0,0.06,0
finqa:test:506:6322cdc14caa,NVIDIA-Nemotron-Nano-9B-v2,1.0,1.0,0.0,0.12,0
finqa:test:160:b7e0e2878326,NVIDIA-Nemotron-Nano-9B-v2,0.0,1.0,1.0,0.04999999999999999,0
finqa:test:724:b4dcf6bd648d,NVIDIA-Nemotron-Nano-9B-v2,1.0,1.0,0.0,0.06,0
finqa:test:1034:150f705f1132,NVIDIA-Nemotron-Nano-9B-v2,1.0,1.0,0.0,0.15999999999999998,0
finqa:test:205:9c19699bda8d,NVIDIA-Nemotron-Nano-9B-v2,0.0,0.0,0.0,0.08999999999999997,0
finqa:test:326:fd2635378100,NVIDIA-Nemotron-Nano-9B-v2,1.0,1.0,0.0,0.030000000000000027,0
finqa:test:634:71d3295dbc84,NVIDIA-Nemotron-Nano-9B-v2,1.0,1.0,0.0,0.010000000000000009,0
finqa:test:1021:8a09de4f1e13,NVIDIA-Nemotron-Nano-9B-v2,1.0,1.0,0.0,0.0,0
finqa:test:586:cf4b65d477eb,NVIDIA-Nemotron-Nano-9B-v2,1.0,1.0,0.0,0.06,0
finqa:test:850:6705d671a4fb,NVIDIA-Nemotron-Nano-9B-v2,1.0,1.0,0.0,0.09000000000000002,0
gpqa:test:65:01925e6e712c,Qwen3-8B,0.0,1.0,1.0,0.09000000000000002,0
gpqa:test:103:ea1d2c2fd439,Qwen3-8B,0.0,1.0,1.0,0.08000000000000002,0
gpqa:test:113:16bcf4c7129e,Qwen3-8B,1.0,1.0,0.0,0.06,0
gpqa:test:12:789a3cfe39d1,Qwen3-8B,1.0,1.0,0.0,0.07,0
gpqa:test:161:50af1b117a9c,Qwen3-8B,1.0,1.0,0.0,0.050000000000000044,0
gpqa:test:97:acf784efba89,Qwen3-8B,1.0,1.0,0.0,0.04999999999999996,0
gpqa:test:87:f328e748a74c,Qwen3-8B,1.0,1.0,0.0,0.08000000000000002,0
gpqa:test:3:13e7c71f8aae,NVIDIA-Nemotron-Nano-9B-v2,1.0,1.0,0.0,0.06,0
gpqa:test:118:cdb165b285d5,Qwen3-8B,0.0,1.0,1.0,0.08999999999999997,0
gpqa:test:25:8c18771bada6,NVIDIA-Nemotron-Nano-9B-v2,0.0,1.0,1.0,0.02999999999999997,0
gpqa:test:152:838fc09fd4e7,Qwen3-8B,1.0,1.0,0.0,0.04999999999999999,0
gpqa:test:150:e986b5199af1,Qwen3-8B,1.0,1.0,0.0,0.24,0
gpqa:test:104:31d429048798,NVIDIA-Nemotron-Nano-9B-v2,1.0,1.0,0.0,0.030000000000000027,0
gpqa:test:153:a1ebcbd3375d,NVIDIA-Nemotron-Nano-9B-v2,0.0,1.0,1.0,0.02999999999999997,0
gpqa:test:73:826fb502d2db,Qwen3-8B,0.0,1.0,1.0,0.10999999999999999,0
gpqa:test:55:9104748b31c7,Qwen3-8B,0.0,1.0,1.0,0.10999999999999999,0
gpqa:test:88:c4d795814405,Qwen3-8B,1.0,1.0,0.0,0.040000000000000036,0
gpqa:test:128:bb67c5482c54,Qwen3-8B,0.0,1.0,1.0,0.18,0
gpqa:test:102:c003a37af0ea,Qwen3-8B,1.0,1.0,0.0,0.03999999999999998,0
gpqa:test:119:68d85e74bb11,Qwen3-8B,0.0,1.0,1.0,0.020000000000000018,0
gpqa:test:117:7a33f7806e0c,Qwen3-8B,1.0,1.0,0.0,0.010000000000000009,0
gpqa:test:23:cbf5c336a099,NVIDIA-Nemotron-Nano-9B-v2,0.0,1.0,1.0,0.04999999999999999,0
gpqa:test:69:71075d4447ee,Qwen3-8B,1.0,1.0,0.0,0.13999999999999996,0
gpqa:test:168:c24d4f85ad79,Qwen3-8B,0.0,1.0,1.0,0.07,0
gpqa:test:60:e4933caac60c,Qwen3-8B,1.0,1.0,0.0,0.030000000000000027,0
gpqa:test:135:f7917430adb9,Qwen3-8B,1.0,1.0,0.0,0.04999999999999999,0
gpqa:test:36:e757408f3cae,Qwen3-8B,1.0,1.0,0.0,0.04999999999999999,0
gpqa:test:81:b51a836cebaa,Qwen3-8B,1.0,1.0,0.0,0.04999999999999999,0
gpqa:test:134:8f174dd25b58,Qwen3-8B,1.0,1.0,0.0,0.14999999999999997,0
gpqa:test:9:a650bf73f2f3,Qwen3-8B,1.0,1.0,0.0,0.04999999999999999,0
gpqa:test:186:a40790d78d4f,Qwen3-8B,0.0,1.0,1.0,0.02999999999999997,0
gpqa:test:16:d9a4fae8b670,NVIDIA-Nemotron-Nano-9B-v2,1.0,1.0,0.0,0.0,0
gpqa:test:141:0caf81b8c837,Qwen3-8B,0.0,1.0,1.0,0.030000000000000027,0
gpqa:test:44:145b51d1c857,Qwen3-8B,1.0,1.0,0.0,0.06,0
gpqa:test:101:702362f9ddcb,Qwen3-8B,1.0,1.0,0.0,0.09000000000000002,0
gpqa:test:151:ae2aac342f06,Qwen3-8B,1.0,1.0,0.0,0.02999999999999997,0
gpqa:test:1:b698ebb0cb6d,Qwen3-8B,1.0,1.0,0.0,0.18999999999999997,0
gpqa:test:160:5a24c76ed39e,Qwen3-8B,1.0,1.0,0.0,0.11000000000000004,0
gpqa:test:41:18c1c5c103fb,NVIDIA-Nemotron-Nano-9B-v2,1.0,1.0,0.0,0.010000000000000009,0
gpqa:test:167:c43a16bf3105,NVIDIA-Nemotron-Nano-9B-v2,1.0,1.0,0.0,0.04999999999999999,0
humaneval:test:47:0eb51f92a527,Qwen3-8B,0.0,1.0,1.0,0.49,0
humaneval:test:123:857c07e16121,Qwen3-8B,1.0,1.0,0.0,0.39999999999999997,0
humaneval:test:82:6bce71479783,Qwen3-8B,0.0,1.0,1.0,0.39,0
humaneval:test:88:223943ef5add,Qwen3-8B,1.0,1.0,0.0,0.35,0
humaneval:test:110:9524195dfd5c,Qwen3-8B,0.0,1.0,1.0,0.37,0
humaneval:test:94:947feef6c5b1,Qwen3-8B,0.0,1.0,1.0,0.28,0
humaneval:test:69:7e936e4e6726,Qwen3-8B,0.0,1.0,1.0,0.43,0
humaneval:test:34:9065176be668,Qwen3-8B,1.0,1.0,0.0,0.26,0
humaneval:test:15:c70dbd0385c5,Qwen3-8B,1.0,1.0,0.0,0.25000000000000006,0
humaneval:test:8:205abe4826fc,Qwen3-8B,1.0,1.0,0.0,0.25,0
humaneval:test:92:8055a684df17,Qwen3-8B,0.0,1.0,1.0,0.26000000000000006,0
humaneval:test:41:e08d3ccda34c,Qwen3-8B,1.0,1.0,0.0,0.41,0
humaneval:test:136:fbc77f24f2d1,Qwen3-8B,1.0,1.0,0.0,0.26,0
humaneval:test:127:a8c33afcb234,Qwen3-8B,0.0,1.0,1.0,0.38999999999999996,0
humaneval:test:157:bfde7649fdd1,Qwen3-8B,1.0,1.0,0.0,0.36,0
humaneval:test:72:4f58983b0982,Qwen3-8B,1.0,1.0,0.0,0.49000000000000005,0
humaneval:test:67:3354d64c35c1,Qwen3-8B,1.0,1.0,0.0,0.32999999999999996,0
humaneval:test:147:aeb478c1d492,Qwen3-8B,0.0,1.0,1.0,0.48,0
humaneval:test:95:43e4d19a7dc2,Qwen3-8B,1.0,1.0,0.0,0.4,0
humaneval:test:141:e318fb1ed6f6,Qwen3-8B,0.0,1.0,1.0,0.35,0
humaneval:test:7:f5a52ad13e38,Qwen3-8B,0.0,1.0,1.0,0.3400000000000001,0
humaneval:test:116:d8ea7c87fe8a,Qwen3-8B,1.0,1.0,0.0,0.45999999999999996,0
humaneval:test:74:138f4e6d6562,Qwen3-8B,1.0,1.0,0.0,0.36,0
humaneval:test:50:664c829e6295,Qwen3-8B,1.0,1.0,0.0,0.31000000000000005,0
humaneval:test:77:2ad882b31749,Qwen3-8B,0.0,1.0,1.0,0.38999999999999996,0
humaneval:test:132:f9249300191b,Qwen3-8B,1.0,1.0,0.0,0.5,0
humaneval:test:73:f0b21a2e4b13,Qwen3-8B,1.0,1.0,0.0,0.41,0
humaneval:test:154:116b07494e60,Qwen3-8B,0.0,1.0,1.0,0.26,0
humaneval:test:25:f33fccff2b3c,Qwen3-8B,0.0,1.0,1.0,0.44,0
humaneval:test:18:f3d0f2c7135b,Qwen3-8B,1.0,1.0,0.0,0.27,0
humaneval:test:59:2b3daafff7d3,Qwen3-8B,1.0,1.0,0.0,0.38999999999999996,0
humaneval:test:106:64e7266f5cd9,Qwen3-8B,1.0,1.0,0.0,0.41,0
humaneval:test:40:a27d5f311914,Qwen3-8B,0.0,1.0,1.0,0.49,0
kandk:test:341:b29970959329,NVIDIA-Nemotron-Nano-9B-v2,1.0,1.0,0.0,0.02999999999999997,0
kandk:test:361:2556d2cefcb2,NVIDIA-Nemotron-Nano-9B-v2,1.0,1.0,0.0,0.04999999999999999,0
kandk:test:106:4f84588d7864,NVIDIA-Nemotron-Nano-9B-v2,1.0,1.0,0.0,0.040000000000000036,0
kandk:test:202:45de7afd3ccd,NVIDIA-Nemotron-Nano-9B-v2,0.0,1.0,1.0,0.10999999999999999,0
kandk:test:75:3d5ae73fc4b9,NVIDIA-Nemotron-Nano-9B-v2,0.0,1.0,1.0,0.04999999999999999,0
kandk:test:394:58c2ec5e37cc,NVIDIA-Nemotron-Nano-9B-v2,0.0,1.0,1.0,0.14,0
kandk:test:473:1ac7f7492d63,NVIDIA-Nemotron-Nano-9B-v2,0.0,1.0,1.0,0.030000000000000027,0
kandk:test:234:e029fff91f67,NVIDIA-Nemotron-Nano-9B-v2,1.0,1.0,0.0,0.030000000000000027,0
kandk:test:146:826ec12e8ae8,NVIDIA-Nemotron-Nano-9B-v2,1.0,1.0,0.0,0.010000000000000009,0
kandk:test:249:b9b0b0c611dc,NVIDIA-Nemotron-Nano-9B-v2,1.0,1.0,0.0,0.04999999999999999,0
kandk:test:596:9568cc23430d,NVIDIA-Nemotron-Nano-9B-v2,1.0,1.0,0.0,0.15000000000000002,0
kandk:test:634:f0c8c28d6d7a,NVIDIA-Nemotron-Nano-9B-v2,1.0,1.0,0.0,0.06,0
kandk:test:609:8f9ece6f67f0,NVIDIA-Nemotron-Nano-9B-v2,1.0,1.0,0.0,0.07,0
kandk:test:340:f904b653a4fc,NVIDIA-Nemotron-Nano-9B-v2,1.0,1.0,0.0,0.13,0
kandk:test:44:0cc67cbd30aa,NVIDIA-Nemotron-Nano-9B-v2,1.0,1.0,0.0,0.010000000000000009,0
kandk:test:83:95c4dbce39fe,NVIDIA-Nemotron-Nano-9B-v2,1.0,1.0,0.0,0.10999999999999999,0
kandk:test:598:a02656e969b9,NVIDIA-Nemotron-Nano-9B-v2,1.0,1.0,0.0,0.09999999999999998,0
kandk:test:93:17addad40e08,NVIDIA-Nemotron-Nano-9B-v2,1.0,1.0,0.0,0.07,0
kandk:test:236:4060371a38b5,NVIDIA-Nemotron-Nano-9B-v2,1.0,1.0,0.0,0.09999999999999998,0
kandk:test:339:990ba920fb49,NVIDIA-Nemotron-Nano-9B-v2,1.0,1.0,0.0,0.09999999999999998,0
kandk:test:224:1405a8e93667,NVIDIA-Nemotron-Nano-9B-v2,1.0,1.0,0.0,0.13,0
kandk:test:279:18e868102e1e,NVIDIA-Nemotron-Nano-9B-v2,1.0,1.0,0.0,0.07,0
kandk:test:374:d6da613f6a7c,NVIDIA-Nemotron-Nano-9B-v2,1.0,1.0,0.0,0.14,0
kandk:test:227:a7cbdbcb0715,NVIDIA-Nemotron-Nano-9B-v2,0.0,1.0,1.0,0.030000000000000027,0
kandk:test:431:761ccc7c42fa,NVIDIA-Nemotron-Nano-9B-v2,1.0,1.0,0.0,0.13,0
kandk:test:653:8b057aa442c6,NVIDIA-Nemotron-Nano-9B-v2,0.0,1.0,1.0,0.010000000000000009,0
kandk:test:392:2e4ba9dc8a89,NVIDIA-Nemotron-Nano-9B-v2,0.0,1.0,1.0,0.08999999999999997,0
kandk:test:248:cb6f6e8d1869,NVIDIA-Nemotron-Nano-9B-v2,1.0,1.0,0.0,0.020000000000000018,0
kandk:test:350:51bfca930851,NVIDIA-Nemotron-Nano-9B-v2,1.0,1.0,0.0,0.08999999999999997,0
kandk:test:369:8719a4913c57,Qwen3-8B,0.0,1.0,1.0,0.040000000000000036,0
kandk:test:542:5493528b442f,NVIDIA-Nemotron-Nano-9B-v2,1.0,1.0,0.0,0.030000000000000027,0
kandk:test:607:1ae8584018bd,NVIDIA-Nemotron-Nano-9B-v2,1.0,1.0,0.0,0.11000000000000004,0
kandk:test:216:4bce80322688,NVIDIA-Nemotron-Nano-9B-v2,1.0,1.0,0.0,0.06,0
kandk:test:654:29b85f72ed6e,Qwen3-8B,1.0,1.0,0.0,0.03999999999999998,0
kandk:test:597:ac6eb6bfdc9a,NVIDIA-Nemotron-Nano-9B-v2,1.0,1.0,0.0,0.14,0
kandk:test:510:59fa1dbe9251,NVIDIA-Nemotron-Nano-9B-v2,0.0,1.0,1.0,0.040000000000000036,0
kandk:test:610:654a5ba991e8,NVIDIA-Nemotron-Nano-9B-v2,0.0,1.0,1.0,0.050000000000000044,0
kandk:test:316:280d0d7501e6,Qwen3-8B,1.0,1.0,0.0,0.010000000000000009,0
kandk:test:206:4735d512b6e6,NVIDIA-Nemotron-Nano-9B-v2,1.0,1.0,0.0,0.04999999999999999,0
kandk:test:636:bdaedf6daed6,NVIDIA-Nemotron-Nano-9B-v2,0.0,1.0,1.0,0.10999999999999999,0
kandk:test:105:cb7db62f5346,NVIDIA-Nemotron-Nano-9B-v2,0.0,1.0,1.0,0.050000000000000044,0
kandk:test:187:133901de331a,NVIDIA-Nemotron-Nano-9B-v2,1.0,1.0,0.0,0.07999999999999996,0
kandk:test:295:557a33716f47,NVIDIA-Nemotron-Nano-9B-v2,1.0,1.0,0.0,0.14,0
kandk:test:80:e9c7a13a96fe,NVIDIA-Nemotron-Nano-9B-v2,1.0,1.0,0.0,0.10999999999999999,0
kandk:test:308:5cd40cb96ea7,NVIDIA-Nemotron-Nano-9B-v2,1.0,1.0,0.0,0.14,0
kandk:test:638:bad2402e53b5,NVIDIA-Nemotron-Nano-9B-v2,1.0,1.0,0.0,0.09999999999999998,0
kandk:test:441:0dedb2ae6d25,Qwen3-8B,0.0,1.0,1.0,0.040000000000000036,0
kandk:test:39:f47ef9ada327,NVIDIA-Nemotron-Nano-9B-v2,1.0,1.0,0.0,0.10999999999999999,0
kandk:test:253:e039b9271ade,NVIDIA-Nemotron-Nano-9B-v2,0.0,1.0,1.0,0.15000000000000002,0
kandk:test:387:fe86b3d69c3b,NVIDIA-Nemotron-Nano-9B-v2,1.0,1.0,0.0,0.16999999999999998,0
kandk:test:532:37c1fb6dff6d,NVIDIA-Nemotron-Nano-9B-v2,1.0,1.0,0.0,0.13,0
kandk:test:147:952f5eb5f21c,NVIDIA-Nemotron-Nano-9B-v2,1.0,1.0,0.0,0.15000000000000002,0
kandk:test:403:ad264aa9ccde,NVIDIA-Nemotron-Nano-9B-v2,0.0,1.0,1.0,0.09999999999999998,0
kandk:test:613:c7549411e5dd,Qwen3-8B,1.0,1.0,0.0,0.010000000000000009,0
kandk:test:288:5484c5875e0d,NVIDIA-Nemotron-Nano-9B-v2,1.0,1.0,0.0,0.020000000000000018,0
kandk:test:673:b7b036942a10,NVIDIA-Nemotron-Nano-9B-v2,0.0,1.0,1.0,0.14,0
kandk:test:181:f6d25b43bc87,NVIDIA-Nemotron-Nano-9B-v2,0.0,1.0,1.0,0.12,0
kandk:test:497:5d1cd9bbd6c7,NVIDIA-Nemotron-Nano-9B-v2,1.0,1.0,0.0,0.09000000000000002,0
kandk:test:244:65344745b7ac,NVIDIA-Nemotron-Nano-9B-v2,1.0,1.0,0.0,0.06,0
kandk:test:333:632bd2bda6a0,NVIDIA-Nemotron-Nano-9B-v2,1.0,1.0,0.0,0.08000000000000002,0
kandk:test:557:7b744f3e7bde,NVIDIA-Nemotron-Nano-9B-v2,1.0,1.0,0.0,0.13,0
kandk:test:678:fce6fe85d1d5,NVIDIA-Nemotron-Nano-9B-v2,1.0,1.0,0.0,0.07999999999999996,0
kandk:test:171:0861f123f94c,Qwen3-8B,1.0,1.0,0.0,0.019999999999999962,0
kandk:test:475:9893a932f75d,NVIDIA-Nemotron-Nano-9B-v2,0.0,1.0,1.0,0.17000000000000004,0
kandk:test:63:0993dd5abaf0,NVIDIA-Nemotron-Nano-9B-v2,1.0,1.0,0.0,0.04999999999999999,0
kandk:test:383:db83ada017e8,NVIDIA-Nemotron-Nano-9B-v2,1.0,1.0,0.0,0.12,0
kandk:test:210:7055060acf5c,NVIDIA-Nemotron-Nano-9B-v2,1.0,1.0,0.0,0.07999999999999996,0
kandk:test:89:5a231e09fdde,NVIDIA-Nemotron-Nano-9B-v2,1.0,1.0,0.0,0.040000000000000036,0
kandk:test:270:e1bfc91224f2,NVIDIA-Nemotron-Nano-9B-v2,1.0,1.0,0.0,0.13,0
kandk:test:91:7cd3e194020f,NVIDIA-Nemotron-Nano-9B-v2,1.0,1.0,0.0,0.040000000000000036,0
kandk:test:410:cfd4adfe8637,NVIDIA-Nemotron-Nano-9B-v2,0.0,1.0,1.0,0.13,0
kandk:test:225:04beb1a2b842,NVIDIA-Nemotron-Nano-9B-v2,1.0,1.0,0.0,0.09999999999999998,0
kandk:test:440:9d3ee2fa33d1,NVIDIA-Nemotron-Nano-9B-v2,0.0,1.0,1.0,0.12,0
kandk:test:124:38b0f2847972,NVIDIA-Nemotron-Nano-9B-v2,1.0,1.0,0.0,0.07,0
kandk:test:632:0a792e05510e,NVIDIA-Nemotron-Nano-9B-v2,1.0,1.0,0.0,0.04999999999999999,0
kandk:test:35:e40465dfb912,NVIDIA-Nemotron-Nano-9B-v2,1.0,1.0,0.0,0.04999999999999999,0
kandk:test:483:ab210d6b1316,NVIDIA-Nemotron-Nano-9B-v2,1.0,1.0,0.0,0.04999999999999999,0
kandk:test:284:bc2a0e491c50,NVIDIA-Nemotron-Nano-9B-v2,1.0,1.0,0.0,0.040000000000000036,0
kandk:test:623:1311ebdfec0b,NVIDIA-Nemotron-Nano-9B-v2,1.0,1.0,0.0,0.020000000000000018,0
kandk:test:351:5eb1aaa84a11,NVIDIA-Nemotron-Nano-9B-v2,1.0,1.0,0.0,0.020000000000000018,0
kandk:test:670:ad9e71c17171,NVIDIA-Nemotron-Nano-9B-v2,0.0,1.0,1.0,0.06,0
kandk:test:21:7a4021633d6b,NVIDIA-Nemotron-Nano-9B-v2,1.0,1.0,0.0,0.09999999999999998,0
kandk:test:563:ff850147d06d,NVIDIA-Nemotron-Nano-9B-v2,1.0,1.0,0.0,0.020000000000000018,0
kandk:test:296:5939f1e2d862,Qwen3-8B,0.0,1.0,1.0,0.020000000000000018,0
kandk:test:541:ac35aade9d64,NVIDIA-Nemotron-Nano-9B-v2,1.0,1.0,0.0,0.10999999999999999,0
kandk:test:99:52ee30619b37,Qwen3-8B,1.0,1.0,0.0,0.06000000000000005,0
kandk:test:435:618d8c843b6d,NVIDIA-Nemotron-Nano-9B-v2,1.0,1.0,0.0,0.03999999999999998,0
kandk:test:460:c1bb9d35e539,NVIDIA-Nemotron-Nano-9B-v2,1.0,1.0,0.0,0.04999999999999999,0
kandk:test:78:f3f4bfcce6bb,NVIDIA-Nemotron-Nano-9B-v2,0.0,1.0,1.0,0.09999999999999998,0
kandk:test:192:127114fe8740,NVIDIA-Nemotron-Nano-9B-v2,1.0,1.0,0.0,0.08999999999999997,0
kandk:test:521:78a18303e78f,NVIDIA-Nemotron-Nano-9B-v2,0.0,1.0,1.0,0.0,0
kandk:test:462:eb4073ac68b0,NVIDIA-Nemotron-Nano-9B-v2,0.0,1.0,1.0,0.040000000000000036,0
kandk:test:307:40f38b425c01,NVIDIA-Nemotron-Nano-9B-v2,0.0,1.0,1.0,0.18999999999999995,0
kandk:test:457:034cda990f75,Qwen3-8B,0.0,1.0,1.0,0.020000000000000018,0
kandk:test:161:280686969fcd,NVIDIA-Nemotron-Nano-9B-v2,1.0,1.0,0.0,0.030000000000000027,0
kandk:test:699:2583c102adee,NVIDIA-Nemotron-Nano-9B-v2,1.0,1.0,0.0,0.08999999999999997,0
kandk:test:547:3a7a0ae495de,NVIDIA-Nemotron-Nano-9B-v2,1.0,1.0,0.0,0.020000000000000018,0
kandk:test:447:ac3550ac9b39,NVIDIA-Nemotron-Nano-9B-v2,0.0,1.0,1.0,0.13999999999999996,0
kandk:test:418:0fddcd0db941,NVIDIA-Nemotron-Nano-9B-v2,1.0,1.0,0.0,0.06,0
kandk:test:114:5d31ef02f838,NVIDIA-Nemotron-Nano-9B-v2,0.0,1.0,1.0,0.050000000000000044,0
kandk:test:693:5bf0fe8474aa,NVIDIA-Nemotron-Nano-9B-v2,1.0,1.0,0.0,0.07,0
kandk:test:322:46cdb7eec74f,NVIDIA-Nemotron-Nano-9B-v2,0.0,1.0,1.0,0.04999999999999999,0
kandk:test:280:778811cfafdf,NVIDIA-Nemotron-Nano-9B-v2,1.0,1.0,0.0,0.08000000000000002,0
kandk:test:113:a74b50f921e6,NVIDIA-Nemotron-Nano-9B-v2,0.0,1.0,1.0,0.07999999999999996,0
kandk:test:304:98d5f183908c,NVIDIA-Nemotron-Nano-9B-v2,0.0,1.0,1.0,0.040000000000000036,0
kandk:test:61:9475dfdce919,NVIDIA-Nemotron-Nano-9B-v2,0.0,1.0,1.0,0.06,0
kandk:test:411:7c78780172a4,NVIDIA-Nemotron-Nano-9B-v2,1.0,1.0,0.0,0.18,0
kandk:test:650:b425b60dff08,Qwen3-8B,0.0,1.0,1.0,0.030000000000000027,0
kandk:test:625:e4524636104a,NVIDIA-Nemotron-Nano-9B-v2,1.0,1.0,0.0,0.010000000000000009,0
kandk:test:603:4ac8529db375,NVIDIA-Nemotron-Nano-9B-v2,1.0,1.0,0.0,0.15000000000000002,0
kandk:test:390:f5e0cfc5648e,NVIDIA-Nemotron-Nano-9B-v2,1.0,1.0,0.0,0.08999999999999997,0
kandk:test:695:8e83ec88c9f4,NVIDIA-Nemotron-Nano-9B-v2,1.0,1.0,0.0,0.07999999999999996,0
kandk:test:576:29f5f097291a,NVIDIA-Nemotron-Nano-9B-v2,1.0,1.0,0.0,0.09999999999999998,0
kandk:test:401:ebc048096637,NVIDIA-Nemotron-Nano-9B-v2,1.0,1.0,0.0,0.08999999999999997,0
kandk:test:310:8466dba33551,NVIDIA-Nemotron-Nano-9B-v2,1.0,1.0,0.0,0.07999999999999996,0
kandk:test:365:3581b5d2f7e1,NVIDIA-Nemotron-Nano-9B-v2,1.0,1.0,0.0,0.13,0
kandk:test:346:928b6ac727de,NVIDIA-Nemotron-Nano-9B-v2,1.0,1.0,0.0,0.16000000000000003,0
kandk:test:577:c4b7db3b935d,NVIDIA-Nemotron-Nano-9B-v2,1.0,1.0,0.0,0.07999999999999996,0
kandk:test:154:5c3a63268100,Qwen3-8B,1.0,1.0,0.0,0.010000000000000009,0
kandk:test:466:298e94e903bb,NVIDIA-Nemotron-Nano-9B-v2,0.0,1.0,1.0,0.0,0
kandk:test:142:c2e9498d9427,NVIDIA-Nemotron-Nano-9B-v2,1.0,1.0,0.0,0.12,0
kandk:test:474:915cea3b22fc,NVIDIA-Nemotron-Nano-9B-v2,1.0,1.0,0.0,0.13,0
kandk:test:118:26715fb85d01,NVIDIA-Nemotron-Nano-9B-v2,1.0,1.0,0.0,0.09000000000000002,0
kandk:test:213:378005ffa8df,NVIDIA-Nemotron-Nano-9B-v2,0.0,1.0,1.0,0.050000000000000044,0
kandk:test:579:e8459f2fc96a,NVIDIA-Nemotron-Nano-9B-v2,0.0,1.0,1.0,0.07,0
kandk:test:87:abf4bf7ec3f2,NVIDIA-Nemotron-Nano-9B-v2,0.0,1.0,1.0,0.020000000000000018,0
kandk:test:14:2f65f9793731,NVIDIA-Nemotron-Nano-9B-v2,1.0,1.0,0.0,0.13,0
kandk:test:667:461355f0b68d,NVIDIA-Nemotron-Nano-9B-v2,0.0,1.0,1.0,0.09999999999999998,0
kandk:test:257:a9a4fca3ba91,NVIDIA-Nemotron-Nano-9B-v2,0.0,1.0,1.0,0.04999999999999999,0
kandk:test:429:807dc5be3f2a,NVIDIA-Nemotron-Nano-9B-v2,1.0,1.0,0.0,0.04999999999999999,0
kandk:test:502:b1cece39864c,NVIDIA-Nemotron-Nano-9B-v2,1.0,1.0,0.0,0.040000000000000036,0
kandk:test:477:aa132bfdba9d,NVIDIA-Nemotron-Nano-9B-v2,1.0,1.0,0.0,0.07,0
kandk:test:321:9d0cc314a7d5,NVIDIA-Nemotron-Nano-9B-v2,1.0,1.0,0.0,0.050000000000000044,0
kandk:test:451:7bb4a0e69c65,NVIDIA-Nemotron-Nano-9B-v2,0.0,1.0,1.0,0.050000000000000044,0
kandk:test:529:4d547e1df95f,Qwen3-8B,1.0,1.0,0.0,0.010000000000000009,0
kandk:test:141:d4a6d54d0c48,NVIDIA-Nemotron-Nano-9B-v2,1.0,1.0,0.0,0.09999999999999998,0
kandk:test:520:55a6850f12d3,NVIDIA-Nemotron-Nano-9B-v2,1.0,1.0,0.0,0.050000000000000044,0
kandk:test:539:fd2b99a39231,NVIDIA-Nemotron-Nano-9B-v2,0.0,1.0,1.0,0.06999999999999995,0
kandk:test:584:b35238027ffc,NVIDIA-Nemotron-Nano-9B-v2,1.0,1.0,0.0,0.04999999999999999,0
kandk:test:646:463ec9f2880e,NVIDIA-Nemotron-Nano-9B-v2,1.0,1.0,0.0,0.06,0
korbench:test:978:1e096c9637d4,Qwen3-8B,1.0,1.0,0.0,0.04999999999999999,0
korbench:test:331:7f22a8871035,NVIDIA-Nemotron-Nano-9B-v2,1.0,1.0,0.0,0.42000000000000004,0
korbench:test:503:2f8bdab0bfb5,NVIDIA-Nemotron-Nano-9B-v2,0.0,0.0,0.0,0.0,0
korbench:test:108:a85c91502e75,NVIDIA-Nemotron-Nano-9B-v2,1.0,1.0,0.0,0.010000000000000009,0
korbench:test:1059:1ad420790fc4,NVIDIA-Nemotron-Nano-9B-v2,0.0,1.0,1.0,0.07,0
korbench:test:344:d70626d52819,NVIDIA-Nemotron-Nano-9B-v2,0.0,0.0,0.0,0.2700000000000001,0
korbench:test:315:4b7daadea75c,NVIDIA-Nemotron-Nano-9B-v2,0.0,1.0,1.0,0.25000000000000006,0
korbench:test:426:15de30e7433a,NVIDIA-Nemotron-Nano-9B-v2,1.0,1.0,0.0,0.07,0
korbench:test:1219:789905360de9,NVIDIA-Nemotron-Nano-9B-v2,1.0,1.0,0.0,0.09000000000000002,0
korbench:test:246:9a4afd8bab49,NVIDIA-Nemotron-Nano-9B-v2,0.0,1.0,1.0,0.04999999999999999,0
korbench:test:422:af14efde2b3d,NVIDIA-Nemotron-Nano-9B-v2,1.0,1.0,0.0,0.14,0
korbench:test:667:595534d0f3f0,NVIDIA-Nemotron-Nano-9B-v2,0.0,1.0,1.0,0.040000000000000036,0
korbench:test:544:e4560fc1bbb4,NVIDIA-Nemotron-Nano-9B-v2,1.0,1.0,0.0,0.08999999999999997,0
korbench:test:1029:dc7486c8ebb1,NVIDIA-Nemotron-Nano-9B-v2,0.0,0.0,0.0,0.09000000000000002,0
korbench:test:1191:7060f4e44060,Qwen3-8B,1.0,1.0,0.0,0.06,0
korbench:test:104:dbe0b10f03a1,Qwen3-8B,0.0,1.0,1.0,0.04999999999999999,0
korbench:test:236:5522aa36f14b,NVIDIA-Nemotron-Nano-9B-v2,1.0,1.0,0.0,0.06,0
korbench:test:376:2bf9e3dae40d,NVIDIA-Nemotron-Nano-9B-v2,1.0,1.0,0.0,0.27999999999999997,0
korbench:test:719:03727b78ba71,NVIDIA-Nemotron-Nano-9B-v2,0.0,0.0,0.0,0.12,0
korbench:test:25:3c3a0d54fab0,Qwen3-8B,1.0,1.0,0.0,0.06,0
korbench:test:580:f612a21be20b,Qwen3-8B,0.0,0.0,0.0,0.010000000000000009,0
korbench:test:1181:12b5adf8420f,Qwen3-8B,1.0,1.0,0.0,0.010000000000000009,0
korbench:test:1148:99066e4fce1a,Qwen3-8B,0.0,1.0,1.0,0.04999999999999999,0
korbench:test:595:30a29eca3c11,NVIDIA-Nemotron-Nano-9B-v2,1.0,1.0,0.0,0.13999999999999996,0
korbench:test:1077:ad48ac23a9a3,NVIDIA-Nemotron-Nano-9B-v2,0.0,1.0,1.0,0.16000000000000003,0
korbench:test:696:728dad137479,Qwen3-8B,0.0,0.0,0.0,0.16999999999999998,0
korbench:test:232:baf0c3b82644,Qwen3-8B,1.0,1.0,0.0,0.0,0
korbench:test:436:031bf97679be,NVIDIA-Nemotron-Nano-9B-v2,1.0,1.0,0.0,0.24000000000000005,0
korbench:test:1094:f7d26acb737d,NVIDIA-Nemotron-Nano-9B-v2,1.0,1.0,0.0,0.040000000000000036,0
korbench:test:925:c2f23e0e04c1,NVIDIA-Nemotron-Nano-9B-v2,1.0,1.0,0.0,0.07,0
korbench:test:593:afc440ec1620,NVIDIA-Nemotron-Nano-9B-v2,1.0,1.0,0.0,0.10000000000000003,0
korbench:test:836:4c9a21848555,Qwen3-8B,1.0,1.0,0.0,0.03999999999999998,0
korbench:test:1166:c8fc8f55eff7,NVIDIA-Nemotron-Nano-9B-v2,1.0,1.0,0.0,0.02999999999999997,0
korbench:test:346:0e2534a22ed0,NVIDIA-Nemotron-Nano-9B-v2,1.0,1.0,0.0,0.31999999999999995,0
korbench:test:92:365ea6d96c39,Qwen3-8B,1.0,1.0,0.0,0.040000000000000036,0
korbench:test:916:378d9d5367e6,NVIDIA-Nemotron-Nano-9B-v2,0.0,1.0,1.0,0.04999999999999999,0
korbench:test:462:2fd12e789c51,NVIDIA-Nemotron-Nano-9B-v2,0.0,0.0,0.0,0.15000000000000002,0
korbench:test:1239:79fc53f43c5d,NVIDIA-Nemotron-Nano-9B-v2,1.0,1.0,0.0,0.0,0
korbench:test:904:25c305bbdafa,Qwen3-8B,1.0,1.0,0.0,0.06,0
korbench:test:866:13ee8b52439c,Qwen3-8B,1.0,1.0,0.0,0.010000000000000009,0
korbench:test:112:a86b37a0d8a3,NVIDIA-Nemotron-Nano-9B-v2,0.0,0.0,0.0,0.17000000000000004,0
korbench:test:999:93d5a40054b2,Qwen3-8B,1.0,1.0,0.0,0.07,0
korbench:test:684:08b9be494016,Qwen3-8B,0.0,0.0,0.0,0.030000000000000027,0
korbench:test:766:284b468e8a86,Qwen3-8B,1.0,1.0,0.0,0.010000000000000009,0
korbench:test:891:6d6a18814d90,NVIDIA-Nemotron-Nano-9B-v2,1.0,1.0,0.0,0.0,0
korbench:test:1214:4a97f0e64c6b,NVIDIA-Nemotron-Nano-9B-v2,1.0,1.0,0.0,0.06999999999999998,0
korbench:test:302:a9e7eb0f6b0e,NVIDIA-Nemotron-Nano-9B-v2,1.0,1.0,0.0,0.16000000000000003,0
korbench:test:248:bd9b7bc9a619,Qwen3-8B,1.0,1.0,0.0,0.16,0
korbench:test:188:35db97624aae,Qwen3-8B,1.0,1.0,0.0,0.12999999999999998,0
korbench:test:867:763728fa0fa9,NVIDIA-Nemotron-Nano-9B-v2,0.0,1.0,1.0,0.06,0
korbench:test:579:b8c1e3f829f7,Qwen3-8B,0.0,0.0,0.0,0.07,0
korbench:test:65:3c3a0d54fab0,Qwen3-8B,1.0,1.0,0.0,0.07,0
korbench:test:980:f7b523a754bf,Qwen3-8B,1.0,1.0,0.0,0.09,0
korbench:test:869:90cccbeb568e,Qwen3-8B,1.0,1.0,0.0,0.010000000000000009,0
korbench:test:69:e52c896c570e,Qwen3-8B,0.0,1.0,1.0,0.020000000000000018,0
korbench:test:1162:f3f9c83c10d5,Qwen3-8B,1.0,1.0,0.0,0.08000000000000002,0
korbench:test:31:57296e966304,Qwen3-8B,1.0,1.0,0.0,0.09999999999999998,0
korbench:test:349:8ce826a2dc90,NVIDIA-Nemotron-Nano-9B-v2,1.0,1.0,0.0,0.26000000000000006,0
korbench:test:1070:8b20cd77d43d,Qwen3-8B,0.0,0.0,0.0,0.010000000000000009,0
korbench:test:469:eb022177f482,NVIDIA-Nemotron-Nano-9B-v2,0.0,1.0,1.0,0.26999999999999996,0
korbench:test:965:d2b7cb2bcbb6,NVIDIA-Nemotron-Nano-9B-v2,1.0,1.0,0.0,0.019999999999999962,0
korbench:test:1132:a456665dccd0,NVIDIA-Nemotron-Nano-9B-v2,1.0,1.0,0.0,0.14,0
korbench:test:373:2aa906ce2d62,NVIDIA-Nemotron-Nano-9B-v2,0.0,0.0,0.0,0.12,0
korbench:test:755:78ccd5e8b7da,Qwen3-8B,1.0,1.0,0.0,0.010000000000000009,0
korbench:test:1178:544775a06c9b,NVIDIA-Nemotron-Nano-9B-v2,1.0,1.0,0.0,0.06999999999999998,0
korbench:test:428:8bf51c8e6777,NVIDIA-Nemotron-Nano-9B-v2,1.0,1.0,0.0,0.010000000000000009,0
korbench:test:480:d8f8d54b8662,NVIDIA-Nemotron-Nano-9B-v2,0.0,1.0,1.0,0.16000000000000003,0
korbench:test:380:7fcf45248a65,NVIDIA-Nemotron-Nano-9B-v2,1.0,1.0,0.0,0.07,0
korbench:test:273:7d8b105f2f32,NVIDIA-Nemotron-Nano-9B-v2,1.0,1.0,0.0,0.23000000000000004,0
korbench:test:123:83dd45abdb70,Qwen3-8B,0.0,1.0,1.0,0.12999999999999998,0
korbench:test:55:dce5d1307c38,Qwen3-8B,1.0,1.0,0.0,0.12999999999999998,0
korbench:test:614:12ec5d416856,NVIDIA-Nemotron-Nano-9B-v2,0.0,1.0,1.0,0.15999999999999998,0
korbench:test:454:e8282bb6274a,NVIDIA-Nemotron-Nano-9B-v2,1.0,1.0,0.0,0.31,0
korbench:test:143:a1e8b2fb492b,Qwen3-8B,1.0,1.0,0.0,0.08000000000000002,0
korbench:test:602:b2797c6865e1,NVIDIA-Nemotron-Nano-9B-v2,0.0,0.0,0.0,0.02999999999999997,0
korbench:test:708:fba4f00aabb9,Qwen3-8B,0.0,0.0,0.0,0.03999999999999998,0
korbench:test:905:54d3449b1efc,Qwen3-8B,0.0,1.0,1.0,0.0,0
korbench:test:371:cdff597680c1,NVIDIA-Nemotron-Nano-9B-v2,0.0,0.0,0.0,0.24000000000000005,0
korbench:test:39:0c8786542563,Qwen3-8B,0.0,1.0,1.0,0.10000000000000003,0
korbench:test:839:b572f589eaf4,Qwen3-8B,1.0,1.0,0.0,0.010000000000000009,0
korbench:test:191:afd2d02b7669,Qwen3-8B,0.0,1.0,1.0,0.19999999999999998,0
korbench:test:857:9f8483ce9f18,Qwen3-8B,1.0,1.0,0.0,0.0,0
korbench:test:177:76a6299960b8,Qwen3-8B,0.0,0.0,0.0,0.16999999999999998,0
korbench:test:447:6dc7ebebb561,NVIDIA-Nemotron-Nano-9B-v2,1.0,1.0,0.0,0.21000000000000002,0
korbench:test:826:765d578fa932,NVIDIA-Nemotron-Nano-9B-v2,1.0,1.0,0.0,0.0,0
korbench:test:943:6e590b0cfedf,NVIDIA-Nemotron-Nano-9B-v2,1.0,1.0,0.0,0.07999999999999996,0
korbench:test:257:0f555adadfc0,NVIDIA-Nemotron-Nano-9B-v2,0.0,1.0,1.0,0.050000000000000044,0
korbench:test:846:965cd902e2e4,Qwen3-8B,1.0,1.0,0.0,0.07,0
korbench:test:406:5f49061fc2f5,NVIDIA-Nemotron-Nano-9B-v2,0.0,0.0,0.0,0.25999999999999995,0
korbench:test:1129:50d19e9cd47d,Qwen3-8B,1.0,1.0,0.0,0.010000000000000009,0
korbench:test:345:093d083228e5,NVIDIA-Nemotron-Nano-9B-v2,1.0,1.0,0.0,0.32999999999999996,0
korbench:test:835:a4935fb6c0c3,Qwen3-8B,1.0,1.0,0.0,0.03999999999999998,0
korbench:test:393:8c08042fa19b,NVIDIA-Nemotron-Nano-9B-v2,0.0,0.0,0.0,0.15000000000000002,0
korbench:test:600:62ebfcd23ef9,NVIDIA-Nemotron-Nano-9B-v2,0.0,1.0,1.0,0.25,0
korbench:test:650:ea67e3634fb9,NVIDIA-Nemotron-Nano-9B-v2,0.0,0.0,0.0,0.08999999999999997,0
korbench:test:954:409e0e662ef6,NVIDIA-Nemotron-Nano-9B-v2,1.0,1.0,0.0,0.040000000000000036,0
korbench:test:1038:582285281e51,NVIDIA-Nemotron-Nano-9B-v2,1.0,1.0,0.0,0.06,0
korbench:test:908:bf754bf950a0,NVIDIA-Nemotron-Nano-9B-v2,1.0,1.0,0.0,0.020000000000000018,0
korbench:test:407:5096dc337bc3,NVIDIA-Nemotron-Nano-9B-v2,1.0,1.0,0.0,0.08000000000000002,0
korbench:test:1098:9f819de0299c,NVIDIA-Nemotron-Nano-9B-v2,0.0,0.0,0.0,0.15000000000000002,0
korbench:test:750:7e01f2283272,NVIDIA-Nemotron-Nano-9B-v2,0.0,0.0,0.0,0.020000000000000018,0
korbench:test:7:360585770811,Qwen3-8B,0.0,1.0,1.0,0.17,0
korbench:test:33:0bb8847c2a2a,Qwen3-8B,0.0,1.0,1.0,0.030000000000000027,0
korbench:test:880:be4b68c80845,Qwen3-8B,1.0,1.0,0.0,0.010000000000000009,0
korbench:test:81:ebb34089c352,NVIDIA-Nemotron-Nano-9B-v2,1.0,1.0,0.0,0.019999999999999962,0
korbench:test:1009:d8e9a1b5084e,Qwen3-8B,1.0,1.0,0.0,0.06,0
korbench:test:137:1e36514ef93f,Qwen3-8B,0.0,1.0,1.0,0.09000000000000002,0
korbench:test:30:879ad0594816,NVIDIA-Nemotron-Nano-9B-v2,0.0,0.0,0.0,0.07,0
korbench:test:991:a041ff44b774,NVIDIA-Nemotron-Nano-9B-v2,1.0,1.0,0.0,0.0,0
korbench:test:128:188b18506a99,Qwen3-8B,1.0,1.0,0.0,0.03999999999999998,0
korbench:test:704:cccd089197bc,Qwen3-8B,0.0,0.0,0.0,0.020000000000000018,0
korbench:test:19:52f10f2af1d6,Qwen3-8B,0.0,1.0,1.0,0.16999999999999998,0
korbench:test:549:ca9a148f27e0,NVIDIA-Nemotron-Nano-9B-v2,0.0,0.0,0.0,0.06,0
korbench:test:278:847c91cd3976,NVIDIA-Nemotron-Nano-9B-v2,1.0,1.0,0.0,0.2,0
korbench:test:149:57008fa32fc9,Qwen3-8B,0.0,1.0,1.0,0.2,0
korbench:test:399:4ec9f5182bc9,NVIDIA-Nemotron-Nano-9B-v2,0.0,0.0,0.0,0.25000000000000006,0
korbench:test:184:113cb968676d,Qwen3-8B,0.0,1.0,1.0,0.019999999999999962,0
korbench:test:244:3fb7221aa634,Qwen3-8B,1.0,1.0,0.0,0.04999999999999999,0
korbench:test:1168:2caac27b1ae1,NVIDIA-Nemotron-Nano-9B-v2,1.0,1.0,0.0,0.02999999999999997,0
korbench:test:885:19b32b8c7918,Qwen3-8B,1.0,1.0,0.0,0.010000000000000009,0
korbench:test:412:17f4b7c06eb7,NVIDIA-Nemotron-Nano-9B-v2,0.0,0.0,0.0,0.18000000000000005,0
korbench:test:1237:dea37ba095db,NVIDIA-Nemotron-Nano-9B-v2,1.0,1.0,0.0,0.09999999999999998,0
korbench:test:1221:640a22168abc,NVIDIA-Nemotron-Nano-9B-v2,0.0,1.0,1.0,0.09000000000000002,0
korbench:test:46:435ce2c9ec2b,Qwen3-8B,1.0,1.0,0.0,0.06,0
korbench:test:596:2cb89da8610e,NVIDIA-Nemotron-Nano-9B-v2,1.0,1.0,0.0,0.19,0
korbench:test:499:d9e671ba0711,NVIDIA-Nemotron-Nano-9B-v2,0.0,1.0,1.0,0.09999999999999998,0
korbench:test:247:15f6f2ffcca9,Qwen3-8B,0.0,1.0,1.0,0.19999999999999998,0
korbench:test:815:8f277ebfc298,NVIDIA-Nemotron-Nano-9B-v2,1.0,1.0,0.0,0.02999999999999997,0
korbench:test:718:6261f73505ff,Qwen3-8B,0.0,0.0,0.0,0.040000000000000036,0
korbench:test:1075:4007ac193a73,NVIDIA-Nemotron-Nano-9B-v2,1.0,1.0,0.0,0.0,0
korbench:test:804:a54cfcc18e2b,NVIDIA-Nemotron-Nano-9B-v2,0.0,1.0,1.0,0.0,0
korbench:test:676:5a159f8c07ec,NVIDIA-Nemotron-Nano-9B-v2,0.0,0.0,0.0,0.010000000000000009,0
korbench:test:496:8ba2d1b044a0,NVIDIA-Nemotron-Nano-9B-v2,0.0,1.0,1.0,0.09999999999999998,0
korbench:test:1139:9998873ea8e4,NVIDIA-Nemotron-Nano-9B-v2,0.0,0.0,0.0,0.07,0
korbench:test:3:1c222ae955e7,Qwen3-8B,0.0,1.0,1.0,0.17,0
korbench:test:178:13ade852eac0,Qwen3-8B,0.0,0.0,0.0,0.06,0
korbench:test:489:d7ed6e7d029a,NVIDIA-Nemotron-Nano-9B-v2,0.0,1.0,1.0,0.19,0
korbench:test:698:6b32b1fdc627,NVIDIA-Nemotron-Nano-9B-v2,0.0,0.0,0.0,0.010000000000000009,0
korbench:test:1060:53c8ef49c2cd,NVIDIA-Nemotron-Nano-9B-v2,0.0,0.0,0.0,0.02999999999999997,0
korbench:test:135:aef02a6162c2,Qwen3-8B,0.0,1.0,1.0,0.21000000000000002,0
korbench:test:197:cc1deccb985a,Qwen3-8B,0.0,1.0,1.0,0.11000000000000004,0
korbench:test:996:56d98be5dac2,Qwen3-8B,1.0,1.0,0.0,0.020000000000000018,0
korbench:test:833:ca96276cc300,Qwen3-8B,1.0,1.0,0.0,0.010000000000000009,0
korbench:test:84:f51ca871c60c,Qwen3-8B,1.0,1.0,0.0,0.030000000000000027,0
korbench:test:757:051228972d1b,NVIDIA-Nemotron-Nano-9B-v2,1.0,1.0,0.0,0.08000000000000002,0
korbench:test:240:9a6f5a47d102,Qwen3-8B,1.0,1.0,0.0,0.09999999999999998,0
korbench:test:1197:93583f7b7763,NVIDIA-Nemotron-Nano-9B-v2,0.0,1.0,1.0,0.07,0
korbench:test:734:60ed5e681f98,NVIDIA-Nemotron-Nano-9B-v2,1.0,1.0,0.0,0.020000000000000018,0
korbench:test:265:f62bfd010997,NVIDIA-Nemotron-Nano-9B-v2,0.0,1.0,1.0,0.22000000000000003,0
korbench:test:574:a0d31027ae64,Qwen3-8B,0.0,0.0,0.0,0.030000000000000027,0
korbench:test:642:53258402ab02,NVIDIA-Nemotron-Nano-9B-v2,0.0,0.0,0.0,0.050000000000000044,0
korbench:test:669:8dd4a618f7aa,NVIDIA-Nemotron-Nano-9B-v2,0.0,0.0,0.0,0.12,0
korbench:test:748:558967f0be45,NVIDIA-Nemotron-Nano-9B-v2,0.0,0.0,0.0,0.06,0
korbench:test:922:7bfc73d4d78a,NVIDIA-Nemotron-Nano-9B-v2,1.0,1.0,0.0,0.04999999999999999,0
korbench:test:822:2183de9fc1e0,NVIDIA-Nemotron-Nano-9B-v2,1.0,1.0,0.0,0.010000000000000009,0
korbench:test:565:71f3f03e8f64,Qwen3-8B,1.0,1.0,0.0,0.14,0
korbench:test:1043:a3393f6c1287,Qwen3-8B,0.0,1.0,1.0,0.16999999999999998,0
korbench:test:501:c814a5192ffc,Qwen3-8B,1.0,1.0,0.0,0.010000000000000009,0
korbench:test:697:e2c07fd7f246,Qwen3-8B,0.0,0.0,0.0,0.08999999999999997,0
korbench:test:681:a4a19d23b8b4,Qwen3-8B,0.0,0.0,0.0,0.010000000000000009,0
korbench:test:204:0e7a726aabb6,Qwen3-8B,1.0,1.0,0.0,0.15,0
korbench:test:583:4b412cfc4068,NVIDIA-Nemotron-Nano-9B-v2,1.0,1.0,0.0,0.10999999999999999,0
korbench:test:409:1abacf3403da,NVIDIA-Nemotron-Nano-9B-v2,1.0,1.0,0.0,0.21000000000000002,0
korbench:test:87:1ee9c333fdb4,NVIDIA-Nemotron-Nano-9B-v2,0.0,1.0,1.0,0.06,0
korbench:test:1048:2fe4375cbade,NVIDIA-Nemotron-Nano-9B-v2,1.0,1.0,0.0,0.07,0
korbench:test:1047:c04b8f28e098,Qwen3-8B,0.0,1.0,1.0,0.03999999999999998,0
korbench:test:701:7c4714275299,NVIDIA-Nemotron-Nano-9B-v2,0.0,0.0,0.0,0.010000000000000009,0
korbench:test:936:8d77a2c1af92,Qwen3-8B,1.0,1.0,0.0,0.13000000000000003,0
korbench:test:284:da33d906f5f5,NVIDIA-Nemotron-Nano-9B-v2,1.0,1.0,0.0,0.36,0
korbench:test:368:4d736bbe790f,NVIDIA-Nemotron-Nano-9B-v2,1.0,1.0,0.0,0.45000000000000007,0
korbench:test:1169:12d56b1e69b0,NVIDIA-Nemotron-Nano-9B-v2,1.0,1.0,0.0,0.019999999999999962,0
korbench:test:1149:f92b7d595bf5,Qwen3-8B,1.0,1.0,0.0,0.14,0
korbench:test:926:87d7845a8616,NVIDIA-Nemotron-Nano-9B-v2,1.0,1.0,0.0,0.12,0
korbench:test:420:3abf8e4ebf6f,NVIDIA-Nemotron-Nano-9B-v2,0.0,0.0,0.0,0.25000000000000006,0
korbench:test:319:baeb15e268a4,NVIDIA-Nemotron-Nano-9B-v2,1.0,1.0,0.0,0.22000000000000003,0
korbench:test:250:cf1e0f2112eb,Qwen3-8B,0.0,1.0,1.0,0.14,0
korbench:test:953:1eaf175672d1,NVIDIA-Nemotron-Nano-9B-v2,0.0,1.0,1.0,0.02999999999999997,0
korbench:test:856:00750a92c693,NVIDIA-Nemotron-Nano-9B-v2,1.0,1.0,0.0,0.04999999999999999,0
korbench:test:673:261abda9df02,NVIDIA-Nemotron-Nano-9B-v2,0.0,0.0,0.0,0.03999999999999998,0
korbench:test:176:c1517b3175e3,Qwen3-8B,0.0,0.0,0.0,0.08000000000000002,0
korbench:test:171:f40e7495f867,Qwen3-8B,0.0,1.0,1.0,0.08000000000000002,0
korbench:test:1024:3c03e67e7eee,NVIDIA-Nemotron-Nano-9B-v2,1.0,1.0,0.0,0.06,0
korbench:test:109:d2ad4e4c348b,Qwen3-8B,0.0,1.0,1.0,0.09000000000000002,0
korbench:test:482:5343c75229c9,NVIDIA-Nemotron-Nano-9B-v2,0.0,1.0,1.0,0.2,0
korbench:test:229:31588b648762,Qwen3-8B,1.0,1.0,0.0,0.09999999999999998,0
korbench:test:127:d4ba2d7fdcc0,Qwen3-8B,0.0,1.0,1.0,0.17,0
korbench:test:782:5a36a1f764db,Qwen3-8B,1.0,1.0,0.0,0.09000000000000002,0
korbench:test:317:8ff8f28bac8f,NVIDIA-Nemotron-Nano-9B-v2,1.0,1.0,0.0,0.33999999999999997,0
korbench:test:606:02d92c4f5ae1,NVIDIA-Nemotron-Nano-9B-v2,0.0,1.0,1.0,0.15000000000000002,0
korbench:test:578:0028f837f77f,Qwen3-8B,0.0,0.0,0.0,0.08000000000000002,0
korbench:test:168:de6edf1a71a7,Qwen3-8B,0.0,0.0,0.0,0.09999999999999998,0
korbench:test:213:e2395cbbd59c,Qwen3-8B,0.0,1.0,1.0,0.12,0
korbench:test:716:2da4a1b28c80,Qwen3-8B,0.0,0.0,0.0,0.07,0
korbench:test:199:7241f6e2d1c4,Qwen3-8B,0.0,1.0,1.0,0.13,0
korbench:test:542:5e65e4aac7ce,NVIDIA-Nemotron-Nano-9B-v2,1.0,1.0,0.0,0.13,0
korbench:test:847:2e4c6af22594,NVIDIA-Nemotron-Nano-9B-v2,1.0,1.0,0.0,0.040000000000000036,0
korbench:test:1074:acbfb87b5342,NVIDIA-Nemotron-Nano-9B-v2,0.0,1.0,1.0,0.04999999999999999,0
korbench:test:189:ff0a8f07aba3,Qwen3-8B,0.0,0.0,0.0,0.19999999999999998,0
korbench:test:721:398a46200bc8,NVIDIA-Nemotron-Nano-9B-v2,0.0,0.0,0.0,0.09999999999999998,0
korbench:test:381:7bfa3eea97f8,NVIDIA-Nemotron-Nano-9B-v2,0.0,0.0,0.0,0.29,0
korbench:test:588:27bd76c1a49f,NVIDIA-Nemotron-Nano-9B-v2,1.0,1.0,0.0,0.16000000000000003,0
korbench:test:1240:10e1e8f403a7,NVIDIA-Nemotron-Nano-9B-v2,1.0,1.0,0.0,0.030000000000000027,0
korbench:test:774:4b539bad82c4,Qwen3-8B,1.0,1.0,0.0,0.030000000000000027,0
korbench:test:720:30ceae2b6bc6,NVIDIA-Nemotron-Nano-9B-v2,0.0,0.0,0.0,0.0,0
korbench:test:378:e46a3d4ff62a,Qwen3-8B,1.0,1.0,0.0,0.0,0
korbench:test:895:100b9cb93308,Qwen3-8B,1.0,1.0,0.0,0.019999999999999962,0
korbench:test:1031:37f33da2c292,NVIDIA-Nemotron-Nano-9B-v2,1.0,1.0,0.0,0.030000000000000027,0
korbench:test:239:9aa273530d34,Qwen3-8B,1.0,1.0,0.0,0.18,0
korbench:test:1:a41db587bda6,Qwen3-8B,0.0,1.0,1.0,0.07999999999999996,0
korbench:test:616:d1ec237e5292,NVIDIA-Nemotron-Nano-9B-v2,0.0,0.0,0.0,0.06,0
korbench:test:1003:6dfb4845c30e,NVIDIA-Nemotron-Nano-9B-v2,0.0,0.0,0.0,0.07,0
korbench:test:43:57296e966304,Qwen3-8B,0.0,1.0,1.0,0.02999999999999997,0
korbench:test:946:866029333e7e,Qwen3-8B,1.0,1.0,0.0,0.010000000000000009,0
korbench:test:26:9f5a4c3d00e1,NVIDIA-Nemotron-Nano-9B-v2,1.0,1.0,0.0,0.25,0
korbench:test:291:a778c1fe8ea2,NVIDIA-Nemotron-Nano-9B-v2,1.0,1.0,0.0,0.29000000000000004,0
korbench:test:392:2b227704d543,NVIDIA-Nemotron-Nano-9B-v2,1.0,1.0,0.0,0.10999999999999999,0
korbench:test:775:4ab4a72b2086,NVIDIA-Nemotron-Nano-9B-v2,1.0,1.0,0.0,0.040000000000000036,0
korbench:test:410:82df8fa2b68b,NVIDIA-Nemotron-Nano-9B-v2,0.0,0.0,0.0,0.14,0
korbench:test:824:c778b4ec4e4d,NVIDIA-Nemotron-Nano-9B-v2,1.0,1.0,0.0,0.09999999999999998,0
korbench:test:516:ae662c3d7f89,NVIDIA-Nemotron-Nano-9B-v2,0.0,1.0,1.0,0.010000000000000009,0
korbench:test:873:9749e4a03baa,Qwen3-8B,1.0,1.0,0.0,0.05000000000000002,0
korbench:test:429:447bce8746ce,NVIDIA-Nemotron-Nano-9B-v2,1.0,1.0,0.0,0.14,0
korbench:test:984:34e50fd576fc,Qwen3-8B,1.0,1.0,0.0,0.06,0
korbench:test:455:dd5b863c334f,NVIDIA-Nemotron-Nano-9B-v2,1.0,1.0,0.0,0.22000000000000003,0
korbench:test:911:7fbac00d0d53,NVIDIA-Nemotron-Nano-9B-v2,0.0,1.0,1.0,0.04999999999999999,0
korbench:test:963:7cd702d7b405,Qwen3-8B,1.0,1.0,0.0,0.04000000000000001,0
korbench:test:1216:20e41092d776,NVIDIA-Nemotron-Nano-9B-v2,0.0,1.0,1.0,0.040000000000000036,0
korbench:test:1215:1d22864f53b6,NVIDIA-Nemotron-Nano-9B-v2,1.0,1.0,0.0,0.06,0
korbench:test:1186:e08fc23efdb8,NVIDIA-Nemotron-Nano-9B-v2,0.0,1.0,1.0,0.020000000000000018,0
korbench:test:352:fe76cceaa6b5,NVIDIA-Nemotron-Nano-9B-v2,1.0,1.0,0.0,0.29999999999999993,0
korbench:test:1117:e7b178cb8e3b,NVIDIA-Nemotron-Nano-9B-v2,1.0,1.0,0.0,0.06,0
korbench:test:762:a3b5d5d2f858,Qwen3-8B,1.0,1.0,0.0,0.12,0
korbench:test:185:58f211642c4a,Qwen3-8B,0.0,1.0,1.0,0.09999999999999998,0
korbench:test:158:ae2eed5cb46e,Qwen3-8B,1.0,1.0,0.0,0.16999999999999998,0
korbench:test:627:db05bccdf6da,NVIDIA-Nemotron-Nano-9B-v2,0.0,0.0,0.0,0.19,0
korbench:test:359:e24c5a0ecfb5,NVIDIA-Nemotron-Nano-9B-v2,1.0,1.0,0.0,0.24000000000000005,0
korbench:test:528:f3ce64f329f1,Qwen3-8B,0.0,0.0,0.0,0.020000000000000018,0
korbench:test:675:2d9d56b41df8,Qwen3-8B,0.0,0.0,0.0,0.020000000000000018,0
korbench:test:394:2f98e72a237f,NVIDIA-Nemotron-Nano-9B-v2,1.0,1.0,0.0,0.26999999999999996,0
korbench:test:355:423a08359fef,NVIDIA-Nemotron-Nano-9B-v2,1.0,1.0,0.0,0.37,0
korbench:test:803:c4b9fb84f80f,Qwen3-8B,1.0,1.0,0.0,0.15,0
korbench:test:647:6ae05ea07ba6,NVIDIA-Nemotron-Nano-9B-v2,0.0,0.0,0.0,0.030000000000000027,0
korbench:test:728:890d62e16ef6,Qwen3-8B,0.0,0.0,0.0,0.020000000000000018,0
korbench:test:751:501f45c6dc35,NVIDIA-Nemotron-Nano-9B-v2,1.0,1.0,0.0,0.010000000000000009,0
korbench:test:915:7b31c6e3d060,NVIDIA-Nemotron-Nano-9B-v2,1.0,1.0,0.0,0.03999999999999998,0
korbench:test:82:c02dc6842234,Qwen3-8B,1.0,1.0,0.0,0.009999999999999953,0
korbench:test:677:8368f9a32da9,NVIDIA-Nemotron-Nano-9B-v2,0.0,0.0,0.0,0.06,0
korbench:test:844:12babdc280c6,Qwen3-8B,1.0,1.0,0.0,0.04999999999999999,0
korbench:test:154:82d138cd8501,Qwen3-8B,0.0,0.0,0.0,0.05999999999999994,0
korbench:test:711:cab667392785,NVIDIA-Nemotron-Nano-9B-v2,0.0,0.0,0.0,0.030000000000000027,0
livecodebench:test:170:8a88ea8862c1,Qwen3-8B,1.0,1.0,0.0,0.44000000000000006,0
livecodebench:test:9:ece340c3990e,Qwen3-8B,1.0,1.0,0.0,0.29999999999999993,0
livecodebench:test:803:fa81c9357e03,Qwen3-8B,0.0,0.0,0.0,0.25999999999999995,0
livecodebench:test:754:1a33464c8602,Qwen3-8B,1.0,1.0,0.0,0.35,0
livecodebench:test:603:39e96e391eca,Qwen3-8B,0.0,0.0,0.0,0.43000000000000005,0
livecodebench:test:930:e3ffe859f369,Qwen3-8B,1.0,1.0,0.0,0.2700000000000001,0
livecodebench:test:153:47cc82e96cff,Qwen3-8B,0.0,1.0,1.0,0.43999999999999995,0
livecodebench:test:333:84ca30c3ea05,Qwen3-8B,1.0,1.0,0.0,0.28,0
livecodebench:test:57:8b3e13dd416f,Qwen3-8B,1.0,1.0,0.0,0.45999999999999996,0
livecodebench:test:634:e0cdfbfa17d1,Qwen3-8B,1.0,1.0,0.0,0.30999999999999994,0
livecodebench:test:250:6698a74655ff,Qwen3-8B,1.0,1.0,0.0,0.24,0
livecodebench:test:804:0c2ade0edc4a,Qwen3-8B,0.0,0.0,0.0,0.16000000000000003,0
livecodebench:test:624:bb676f3dce10,Qwen3-8B,1.0,1.0,0.0,0.27999999999999997,0
livecodebench:test:105:670264c394ea,Qwen3-8B,1.0,1.0,0.0,0.30999999999999994,0
livecodebench:test:779:df3554b0535b,Qwen3-8B,1.0,1.0,0.0,0.30000000000000004,0
livecodebench:test:1:36b37fdc342c,Qwen3-8B,1.0,1.0,0.0,0.22999999999999998,0
livecodebench:test:321:bf508dc3f733,Qwen3-8B,0.0,0.0,0.0,0.21000000000000002,0
livecodebench:test:737:855c1ef03908,Qwen3-8B,1.0,1.0,0.0,0.24,0
livecodebench:test:227:79101c6dfcd0,Qwen3-8B,1.0,1.0,0.0,0.4,0
livecodebench:test:759:a26f63f50b50,Qwen3-8B,1.0,1.0,0.0,0.26000000000000006,0
livecodebench:test:1029:fe505ca38c0f,Qwen3-8B,1.0,1.0,0.0,0.39,0
livecodebench:test:716:8ae096b250dd,Qwen3-8B,1.0,1.0,0.0,0.29000000000000004,0
livecodebench:test:635:672942001de8,Qwen3-8B,0.0,0.0,0.0,0.33999999999999997,0
livecodebench:test:156:697e01f50d1c,Qwen3-8B,1.0,1.0,0.0,0.37,0
livecodebench:test:70:4ee17fbd29ab,Qwen3-8B,1.0,1.0,0.0,0.38,0
livecodebench:test:478:765da0eb716c,Qwen3-8B,1.0,1.0,0.0,0.46,0
livecodebench:test:546:4a524625c06d,Qwen3-8B,1.0,1.0,0.0,0.08000000000000002,0
livecodebench:test:162:5f35128a4152,Qwen3-8B,1.0,1.0,0.0,0.31999999999999995,0
livecodebench:test:876:05a1d7ecb27a,Qwen3-8B,0.0,0.0,0.0,0.36,0
livecodebench:test:843:4f7514d53b47,Qwen3-8B,1.0,1.0,0.0,0.30000000000000004,0
livecodebench:test:406:985d805f303a,Qwen3-8B,0.0,1.0,1.0,0.21000000000000002,0
livecodebench:test:1025:0e1860a1d7b5,Qwen3-8B,0.0,1.0,1.0,0.32999999999999996,0
livecodebench:test:969:b4020a5b4c04,Qwen3-8B,0.0,0.0,0.0,0.37,0
livecodebench:test:354:7c94e2a94a89,Qwen3-8B,0.0,1.0,1.0,0.020000000000000018,0
livecodebench:test:705:17fc966612a5,Qwen3-8B,0.0,1.0,1.0,0.48,0
livecodebench:test:1055:8d9590d41d03,Qwen3-8B,0.0,0.0,0.0,0.38,0
livecodebench:test:711:798cbecb296a,Qwen3-8B,1.0,1.0,0.0,0.27999999999999997,0
livecodebench:test:129:8d271443e700,Qwen3-8B,1.0,1.0,0.0,0.43,0
livecodebench:test:848:f365ba072bdc,Qwen3-8B,0.0,1.0,1.0,0.32999999999999996,0
livecodebench:test:945:7390c5940c94,Qwen3-8B,0.0,1.0,1.0,0.14,0
livecodebench:test:341:d1cd670412b9,Qwen3-8B,1.0,1.0,0.0,0.29999999999999993,0
livecodebench:test:356:15eb9877468a,NVIDIA-Nemotron-Nano-9B-v2,1.0,1.0,0.0,0.02999999999999997,0
livecodebench:test:674:f14c1e370adf,Qwen3-8B,0.0,0.0,0.0,0.24000000000000005,0
livecodebench:test:645:5f6318d3f1cc,Qwen3-8B,1.0,1.0,0.0,0.15999999999999998,0
livecodebench:test:207:c04cc6031200,Qwen3-8B,0.0,1.0,1.0,0.12,0
livecodebench:test:439:70f3e640c341,Qwen3-8B,1.0,1.0,0.0,0.27,0
livecodebench:test:684:4f96f3f7c71a,Qwen3-8B,1.0,1.0,0.0,0.37999999999999995,0
livecodebench:test:114:d7803ffb68b6,Qwen3-8B,1.0,1.0,0.0,0.37,0
livecodebench:test:336:cc7afebb2420,Qwen3-8B,1.0,1.0,0.0,0.30999999999999994,0
livecodebench:test:217:fd3839be6955,Qwen3-8B,1.0,1.0,0.0,0.3500000000000001,0
livecodebench:test:198:b121444395e2,Qwen3-8B,1.0,1.0,0.0,0.37999999999999995,0
livecodebench:test:841:3a2c0c1729cb,Qwen3-8B,1.0,1.0,0.0,0.35,0
livecodebench:test:507:5afbe4d63f84,Qwen3-8B,0.0,0.0,0.0,0.5499999999999999,0
livecodebench:test:671:ad495cb8a350,Qwen3-8B,0.0,0.0,0.0,0.37,0
livecodebench:test:570:7aa0fb38e2cf,Qwen3-8B,0.0,0.0,0.0,0.35,0
livecodebench:test:1053:176b8ec7845f,Qwen3-8B,1.0,1.0,0.0,0.23000000000000004,0
livecodebench:test:846:ea4bd131a190,Qwen3-8B,0.0,1.0,1.0,0.33999999999999997,0
livecodebench:test:599:c8dd975a00fd,Qwen3-8B,0.0,0.0,0.0,0.39,0
livecodebench:test:518:d00cce1d91e0,Qwen3-8B,1.0,1.0,0.0,0.18,0
livecodebench:test:451:4bd3b36740da,Qwen3-8B,1.0,1.0,0.0,0.38,0
livecodebench:test:460:b98f0b870d0f,Qwen3-8B,1.0,1.0,0.0,0.37,0
livecodebench:test:15:15cfe8303ef8,Qwen3-8B,1.0,1.0,0.0,0.43000000000000005,0
livecodebench:test:197:4438b1f471bb,Qwen3-8B,1.0,1.0,0.0,0.17000000000000004,0
livecodebench:test:1041:494346e3f9d9,Qwen3-8B,1.0,1.0,0.0,0.38,0
livecodebench:test:991:f017126260ca,Qwen3-8B,0.0,0.0,0.0,0.21000000000000002,0
livecodebench:test:976:010972581d97,Qwen3-8B,0.0,0.0,0.0,0.25999999999999995,0
livecodebench:test:520:63366905b3a3,Qwen3-8B,1.0,1.0,0.0,0.21999999999999997,0
livecodebench:test:1003:c15b563ed3ff,Qwen3-8B,0.0,1.0,1.0,0.27999999999999997,0
livecodebench:test:418:ac65c64b990e,Qwen3-8B,1.0,1.0,0.0,0.35,0
livecodebench:test:345:3285ff611160,Qwen3-8B,1.0,1.0,0.0,0.35,0
livecodebench:test:961:5d399ccb0cea,Qwen3-8B,0.0,1.0,1.0,0.26,0
livecodebench:test:741:c0c8c9ab1a54,Qwen3-8B,1.0,1.0,0.0,0.26000000000000006,0
livecodebench:test:228:9006cb8f194e,Qwen3-8B,1.0,1.0,0.0,0.16999999999999998,0
livecodebench:test:482:969a817ce3f2,Qwen3-8B,0.0,1.0,1.0,0.41000000000000003,0
livecodebench:test:868:9291d11d17cc,Qwen3-8B,0.0,0.0,0.0,0.38,0
livecodebench:test:124:5202ca48e65a,Qwen3-8B,1.0,1.0,0.0,0.43,0
livecodebench:test:313:bfaa33ba1924,Qwen3-8B,1.0,1.0,0.0,0.09000000000000002,0
livecodebench:test:521:268de5cd7796,Qwen3-8B,0.0,1.0,1.0,0.31,0
livecodebench:test:39:8411093d03fb,Qwen3-8B,1.0,1.0,0.0,0.5,0
livecodebench:test:362:469500b8de3b,Qwen3-8B,1.0,1.0,0.0,0.27,0
livecodebench:test:751:af4526636e47,Qwen3-8B,0.0,1.0,1.0,0.30999999999999994,0
livecodebench:test:1045:ae4a66dc45ea,Qwen3-8B,0.0,1.0,1.0,0.36,0
livecodebench:test:922:67843674c799,Qwen3-8B,1.0,1.0,0.0,0.3600000000000001,0
livecodebench:test:158:84834d2f4e20,Qwen3-8B,1.0,1.0,0.0,0.29000000000000004,0
livecodebench:test:438:a01fd233d1b8,Qwen3-8B,1.0,1.0,0.0,0.28,0
livecodebench:test:160:d1f0122a40bf,Qwen3-8B,1.0,1.0,0.0,0.37,0
livecodebench:test:1033:3a64f044b49c,Qwen3-8B,1.0,1.0,0.0,0.4,0
livecodebench:test:292:531b26d8b334,Qwen3-8B,1.0,1.0,0.0,0.39,0
livecodebench:test:567:eee2b28159f1,Qwen3-8B,1.0,1.0,0.0,0.32999999999999996,0
livecodebench:test:486:4da5b40e1ede,Qwen3-8B,1.0,1.0,0.0,0.29,0
livecodebench:test:765:835fe545ed89,Qwen3-8B,0.0,1.0,1.0,0.26,0
livecodebench:test:700:900ee7276b4b,Qwen3-8B,1.0,1.0,0.0,0.41,0
livecodebench:test:998:1ee40fdd612a,Qwen3-8B,1.0,1.0,0.0,0.36,0
livecodebench:test:189:9caf80ab55c9,Qwen3-8B,1.0,1.0,0.0,0.36,0
livecodebench:test:766:d9e86142c2df,Qwen3-8B,1.0,1.0,0.0,0.33999999999999997,0
livecodebench:test:489:e60f1c9eb529,Qwen3-8B,1.0,1.0,0.0,0.33000000000000007,0
livecodebench:test:137:be5f50812bcd,Qwen3-8B,1.0,1.0,0.0,0.31000000000000005,0
livecodebench:test:148:b49324b2e4e3,Qwen3-8B,1.0,1.0,0.0,0.47000000000000003,0
livecodebench:test:359:941a3e45e1cd,Qwen3-8B,1.0,1.0,0.0,0.43,0
livecodebench:test:174:08c8127d6bd7,Qwen3-8B,1.0,1.0,0.0,0.42999999999999994,0
livecodebench:test:511:cb7374f555dd,Qwen3-8B,1.0,1.0,0.0,0.49,0
livecodebench:test:597:25233141ea47,Qwen3-8B,1.0,1.0,0.0,0.33999999999999997,0
livecodebench:test:387:bcba2bea06ed,Qwen3-8B,0.0,0.0,0.0,0.41,0
livecodebench:test:383:44e657f190ea,Qwen3-8B,1.0,1.0,0.0,0.21000000000000002,0
livecodebench:test:662:264ef708aa89,Qwen3-8B,0.0,0.0,0.0,0.23000000000000004,0
livecodebench:test:390:4488a52d51fe,Qwen3-8B,1.0,1.0,0.0,0.10999999999999999,0
livecodebench:test:89:2ae21cd2af31,Qwen3-8B,0.0,1.0,1.0,0.43,0
livecodebench:test:1043:d5ae02a0e0cc,Qwen3-8B,0.0,0.0,0.0,0.41999999999999993,0
livecodebench:test:878:02f944f2c600,Qwen3-8B,1.0,1.0,0.0,0.31000000000000005,0
livecodebench:test:682:eb934d4f9ccc,Qwen3-8B,1.0,1.0,0.0,0.48,0
livecodebench:test:600:1dd2dd06ff99,Qwen3-8B,1.0,1.0,0.0,0.27,0
livecodebench:test:858:f680abb30821,Qwen3-8B,1.0,1.0,0.0,0.08000000000000002,0
livecodebench:test:811:d2ac966ae9d3,Qwen3-8B,0.0,0.0,0.0,0.3400000000000001,0
livecodebench:test:485:ba884cf2f3ca,Qwen3-8B,1.0,1.0,0.0,0.29000000000000004,0
livecodebench:test:45:6b42e437c69e,Qwen3-8B,1.0,1.0,0.0,0.3600000000000001,0
livecodebench:test:291:08281e33da6b,Qwen3-8B,1.0,1.0,0.0,0.32,0
livecodebench:test:636:3ade495a6f64,Qwen3-8B,1.0,1.0,0.0,0.19000000000000006,0
livecodebench:test:743:2a4f4192eeca,Qwen3-8B,1.0,1.0,0.0,0.22000000000000003,0
livecodebench:test:981:9dc0b900bc6b,Qwen3-8B,0.0,0.0,0.0,0.25000000000000006,0
livecodebench:test:319:effee68a5914,Qwen3-8B,1.0,1.0,0.0,0.06,0
livecodebench:test:881:87afc07d5356,Qwen3-8B,1.0,1.0,0.0,0.21000000000000002,0
livecodebench:test:6:17078439d600,Qwen3-8B,1.0,1.0,0.0,0.14999999999999997,0
livecodebench:test:591:9a8391dab056,Qwen3-8B,0.0,1.0,1.0,0.35,0
livecodebench:test:416:77c61c69f10b,Qwen3-8B,1.0,1.0,0.0,0.18999999999999995,0
livecodebench:test:904:15705051191e,Qwen3-8B,1.0,1.0,0.0,0.31999999999999995,0
livecodebench:test:875:c0dd77cc2cff,Qwen3-8B,0.0,1.0,1.0,0.31000000000000005,0
livecodebench:test:552:bea0b2322263,Qwen3-8B,1.0,1.0,0.0,0.32999999999999996,0
livecodebench:test:99:efebaa4ac80e,Qwen3-8B,1.0,1.0,0.0,0.49,0
livecodebench:test:783:f56b5114f9c9,Qwen3-8B,0.0,1.0,1.0,0.12,0
livecodebench:test:301:872f68efcc60,Qwen3-8B,1.0,1.0,0.0,0.2,0
livecodebench:test:133:38bdba9f238b,Qwen3-8B,1.0,1.0,0.0,0.24000000000000005,0
livecodebench:test:1030:9e176d9853b3,Qwen3-8B,1.0,1.0,0.0,0.37999999999999995,0
livecodebench:test:551:9837f61cffb2,Qwen3-8B,0.0,0.0,0.0,0.19,0
livecodebench:test:686:a0762b9a3432,Qwen3-8B,0.0,1.0,1.0,0.26000000000000006,0
livecodebench:test:71:f04a3f4e7770,Qwen3-8B,1.0,1.0,0.0,0.36,0
livecodebench:test:1040:41e3e781b548,Qwen3-8B,1.0,1.0,0.0,0.23999999999999994,0
livecodebench:test:247:a813ac9d8d2c,Qwen3-8B,0.0,0.0,0.0,0.43,0
livecodebench:test:568:bca2b78e6a93,Qwen3-8B,1.0,1.0,0.0,0.39,0
livecodebench:test:252:71646b544387,Qwen3-8B,1.0,1.0,0.0,0.19,0
livecodebench:test:545:4331ec85b135,Qwen3-8B,0.0,0.0,0.0,0.2800000000000001,0
livecodebench:test:456:cb4e46b57cfa,Qwen3-8B,1.0,1.0,0.0,0.13,0
livecodebench:test:290:71ea647c823f,Qwen3-8B,1.0,1.0,0.0,0.28,0
livecodebench:test:688:1f0d0f4db0c2,Qwen3-8B,1.0,1.0,0.0,0.38,0
livecodebench:test:654:759e2481c225,Qwen3-8B,0.0,1.0,1.0,0.42,0
livecodebench:test:53:8b9efd44041b,Qwen3-8B,1.0,1.0,0.0,0.36,0
livecodebench:test:35:6dfa0aa1aca1,Qwen3-8B,1.0,1.0,0.0,0.30999999999999994,0
livecodebench:test:723:3728132def4a,Qwen3-8B,0.0,0.0,0.0,0.3400000000000001,0
livecodebench:test:54:6c981a42b662,Qwen3-8B,1.0,1.0,0.0,0.4700000000000001,0
livecodebench:test:1009:afeedf2439f8,Qwen3-8B,0.0,0.0,0.0,0.4,0
livecodebench:test:801:069da8ba70c4,Qwen3-8B,0.0,0.0,0.0,0.29000000000000004,0
livecodebench:test:1017:711cc79e5f7a,Qwen3-8B,0.0,0.0,0.0,0.31999999999999995,0
livecodebench:test:992:034ef8a869c7,Qwen3-8B,0.0,0.0,0.0,0.26000000000000006,0
livecodebench:test:145:ab79cc379040,Qwen3-8B,1.0,1.0,0.0,0.39,0
livecodebench:test:939:3f255b5833b6,Qwen3-8B,1.0,1.0,0.0,0.21000000000000002,0
livecodebench:test:513:38edff487e4e,Qwen3-8B,1.0,1.0,0.0,0.32,0
livecodebench:test:68:1cd600ef2e89,Qwen3-8B,1.0,1.0,0.0,0.4,0
livecodebench:test:669:866e864b43a6,Qwen3-8B,0.0,0.0,0.0,0.16000000000000003,0
livecodebench:test:706:b2c3520f6271,Qwen3-8B,1.0,1.0,0.0,0.5700000000000001,0
livecodebench:test:411:e982a5ff734e,Qwen3-8B,1.0,1.0,0.0,0.32000000000000006,0
livecodebench:test:784:0feded4dd136,Qwen3-8B,0.0,1.0,1.0,0.32,0
livecodebench:test:374:89ffd4c2fac0,Qwen3-8B,1.0,1.0,0.0,0.27,0
livecodebench:test:27:069afcaa3293,Qwen3-8B,1.0,1.0,0.0,0.30999999999999994,0
livecodebench:test:963:2b46928424bc,Qwen3-8B,1.0,1.0,0.0,0.25000000000000006,0
livecodebench:test:794:d08cbd4ab009,Qwen3-8B,0.0,0.0,0.0,0.07,0
livecodebench:test:448:4b8b06708b4b,Qwen3-8B,1.0,1.0,0.0,0.39,0
livecodebench:test:404:b8294ca2a3f4,Qwen3-8B,1.0,1.0,0.0,0.32000000000000006,0
livecodebench:test:394:8fc38921e98c,Qwen3-8B,1.0,1.0,0.0,0.2,0
livecodebench:test:51:3c09952fe473,Qwen3-8B,1.0,1.0,0.0,0.42,0
livecodebench:test:995:ef2fc43d26ff,Qwen3-8B,1.0,1.0,0.0,0.30000000000000004,0
livecodebench:test:1012:776681e61352,Qwen3-8B,0.0,0.0,0.0,0.23000000000000004,0
livecodebench:test:498:a0a4fab57ec9,Qwen3-8B,1.0,1.0,0.0,0.41000000000000003,0
livecodebench:test:254:0cb6da2d47bc,Qwen3-8B,0.0,0.0,0.0,0.21000000000000002,0
livecodebench:test:538:a49083421b89,Qwen3-8B,1.0,1.0,0.0,0.12,0
livecodebench:test:553:3dae205db225,Qwen3-8B,1.0,1.0,0.0,0.2,0
livecodebench:test:280:ac429f2fc665,Qwen3-8B,1.0,1.0,0.0,0.21000000000000002,0
livecodebench:test:474:cbec6189309f,Qwen3-8B,1.0,1.0,0.0,0.39,0
livecodebench:test:237:473926fceab0,Qwen3-8B,1.0,1.0,0.0,0.09999999999999998,0
livecodebench:test:772:fa60dd6f5dd3,Qwen3-8B,0.0,0.0,0.0,0.07999999999999996,0
livecodebench:test:777:ca441ee26252,Qwen3-8B,1.0,1.0,0.0,0.07,0
livecodebench:test:515:02021bcc76e1,Qwen3-8B,1.0,1.0,0.0,0.18,0
livecodebench:test:4:2989e8bd6e22,Qwen3-8B,0.0,1.0,1.0,0.38,0
livecodebench:test:115:11493cc4857b,Qwen3-8B,1.0,1.0,0.0,0.37,0
livecodebench:test:632:4dde29c05267,Qwen3-8B,1.0,1.0,0.0,0.32000000000000006,0
livecodebench:test:32:bf0d6027abc5,Qwen3-8B,1.0,1.0,0.0,0.33000000000000007,0
livecodebench:test:473:ea4736a5f0d0,Qwen3-8B,1.0,1.0,0.0,0.49,0
livecodebench:test:673:a71a1b4759e0,Qwen3-8B,0.0,0.0,0.0,0.39,0
livecodebench:test:368:47338b9e2c73,Qwen3-8B,1.0,1.0,0.0,0.30000000000000004,0
livecodebench:test:382:31864a5ec95e,Qwen3-8B,1.0,1.0,0.0,0.29,0
livecodebench:test:337:13bf7c56846b,Qwen3-8B,1.0,1.0,0.0,0.27,0
livecodebench:test:495:dcd23f692a0e,Qwen3-8B,1.0,1.0,0.0,0.33000000000000007,0
livecodebench:test:733:cefd77ea609c,Qwen3-8B,1.0,1.0,0.0,0.2,0
livecodebench:test:946:a2201e6ec281,Qwen3-8B,1.0,1.0,0.0,0.21000000000000002,0
livecodebench:test:615:aba894ceab5b,Qwen3-8B,0.0,1.0,1.0,0.25999999999999995,0
livecodebench:test:256:ebe5b4a94b5e,Qwen3-8B,1.0,1.0,0.0,0.21000000000000002,0
livecodebench:test:970:5ec4bd66e95c,Qwen3-8B,0.0,0.0,0.0,0.17000000000000004,0
livecodebench:test:1002:777f829dcd2a,Qwen3-8B,1.0,1.0,0.0,0.38999999999999996,0
livecodebench:test:281:da1fc52b576f,Qwen3-8B,1.0,1.0,0.0,0.3999999999999999,0
livecodebench:test:487:3df305731781,Qwen3-8B,1.0,1.0,0.0,0.43999999999999995,0
livecodebench:test:606:1b9ccd4b5445,Qwen3-8B,1.0,1.0,0.0,0.38,0
livecodebench:test:56:9f61e019c9ef,Qwen3-8B,1.0,1.0,0.0,0.47,0
livecodebench:test:278:70639d283878,Qwen3-8B,1.0,1.0,0.0,0.35,0
livecodebench:test:266:2e0d1d9d999c,Qwen3-8B,1.0,1.0,0.0,0.2,0
livecodebench:test:179:8e2b03a5dc7d,Qwen3-8B,1.0,1.0,0.0,0.31999999999999995,0
livecodebench:test:46:98f26e19a498,Qwen3-8B,1.0,1.0,0.0,0.37,0
livecodebench:test:306:52d2037220f4,Qwen3-8B,1.0,1.0,0.0,0.13,0
livecodebench:test:1047:474d970c652d,Qwen3-8B,1.0,1.0,0.0,0.42999999999999994,0
livecodebench:test:307:0feee11eecab,Qwen3-8B,1.0,1.0,0.0,0.2700000000000001,0
livecodebench:test:579:4c4b77a05ba0,Qwen3-8B,1.0,1.0,0.0,0.33999999999999997,0
livecodebench:test:180:df7988d5bbbc,Qwen3-8B,0.0,1.0,1.0,0.48000000000000004,0
livecodebench:test:584:ebd215a76290,Qwen3-8B,1.0,1.0,0.0,0.5,0
livecodebench:test:392:1d435c4c2690,Qwen3-8B,1.0,1.0,0.0,0.3400000000000001,0
math500:test:183:210778075950,NVIDIA-Nemotron-Nano-9B-v2,1.0,1.0,0.0,0.17000000000000004,0
math500:test:338:b18bba5824f9,NVIDIA-Nemotron-Nano-9B-v2,1.0,1.0,0.0,0.22000000000000003,0
math500:test:254:26add22e99a1,NVIDIA-Nemotron-Nano-9B-v2,1.0,1.0,0.0,0.19,0
math500:test:97:a9c13cf2e9bc,NVIDIA-Nemotron-Nano-9B-v2,0.0,0.0,0.0,0.07,0
math500:test:469:a54ef7e372ba,Qwen3-8B,1.0,1.0,0.0,0.10000000000000003,0
math500:test:385:93d733b48692,NVIDIA-Nemotron-Nano-9B-v2,1.0,1.0,0.0,0.14,0
math500:test:110:61fa726557a0,NVIDIA-Nemotron-Nano-9B-v2,1.0,1.0,0.0,0.020000000000000018,0
math500:test:314:2453029bc9e4,NVIDIA-Nemotron-Nano-9B-v2,1.0,1.0,0.0,0.14,0
math500:test:271:1e70b4456ea5,NVIDIA-Nemotron-Nano-9B-v2,1.0,1.0,0.0,0.06,0
math500:test:37:5b1d584cfe23,Qwen3-8B,1.0,1.0,0.0,0.010000000000000009,0
math500:test:6:8e0aeeb8ecbe,NVIDIA-Nemotron-Nano-9B-v2,1.0,1.0,0.0,0.08000000000000002,0
math500:test:103:8870acf1d4b1,Qwen3-8B,1.0,1.0,0.0,0.030000000000000027,0
math500:test:155:88bd1d429ff4,NVIDIA-Nemotron-Nano-9B-v2,0.0,0.0,0.0,0.07,0
math500:test:409:c26fe5040bbc,Qwen3-8B,1.0,1.0,0.0,0.13999999999999996,0
math500:test:418:fc0a8c355d60,NVIDIA-Nemotron-Nano-9B-v2,1.0,1.0,0.0,0.010000000000000009,0
math500:test:64:1d11f9ffbe4e,NVIDIA-Nemotron-Nano-9B-v2,1.0,1.0,0.0,0.030000000000000027,0
math500:test:25:d679be77bf18,NVIDIA-Nemotron-Nano-9B-v2,1.0,1.0,0.0,0.020000000000000018,0
math500:test:79:979ab2c1f755,Qwen3-8B,1.0,1.0,0.0,0.10000000000000003,0
math500:test:383:c26bf37622f3,NVIDIA-Nemotron-Nano-9B-v2,1.0,1.0,0.0,0.27999999999999997,0
math500:test:124:afbe085e6811,Qwen3-8B,1.0,1.0,0.0,0.24000000000000005,0
math500:test:59:22b1b3e31b49,NVIDIA-Nemotron-Nano-9B-v2,1.0,1.0,0.0,0.37,0
math500:test:116:9e0b1d33f87c,NVIDIA-Nemotron-Nano-9B-v2,1.0,1.0,0.0,0.32,0
math500:test:334:71fc61f49bcf,Qwen3-8B,1.0,1.0,0.0,0.06,0
math500:test:73:9762de06228c,NVIDIA-Nemotron-Nano-9B-v2,1.0,1.0,0.0,0.07999999999999996,0
math500:test:401:370853d31f3e,NVIDIA-Nemotron-Nano-9B-v2,0.0,1.0,1.0,0.08000000000000002,0
math500:test:240:dbe25f76577a,NVIDIA-Nemotron-Nano-9B-v2,1.0,1.0,0.0,0.0,0
math500:test:373:2d9df1407878,NVIDIA-Nemotron-Nano-9B-v2,1.0,1.0,0.0,0.02999999999999997,0
math500:test:280:aa943667a0cb,NVIDIA-Nemotron-Nano-9B-v2,1.0,1.0,0.0,0.08999999999999997,0
math500:test:487:232c130542b0,NVIDIA-Nemotron-Nano-9B-v2,1.0,1.0,0.0,0.21000000000000002,0
math500:test:455:f83aecab9fac,Qwen3-8B,1.0,1.0,0.0,0.10999999999999999,0
math500:test:375:5acc6365946c,NVIDIA-Nemotron-Nano-9B-v2,1.0,1.0,0.0,0.38,0
math500:test:277:a153bf646bb8,NVIDIA-Nemotron-Nano-9B-v2,1.0,1.0,0.0,0.16000000000000003,0
math500:test:152:233c7e1c07b4,NVIDIA-Nemotron-Nano-9B-v2,1.0,1.0,0.0,0.09999999999999998,0
math500:test:483:d1e39ceb48a9,NVIDIA-Nemotron-Nano-9B-v2,1.0,1.0,0.0,0.08999999999999997,0
math500:test:438:d3161eafd121,Qwen3-8B,1.0,1.0,0.0,0.010000000000000009,0
math500:test:390:04fc13556e3f,Qwen3-8B,1.0,1.0,0.0,0.08999999999999997,0
math500:test:23:8e69fc01349a,Qwen3-8B,1.0,1.0,0.0,0.08999999999999997,0
math500:test:294:5b28247e26c2,NVIDIA-Nemotron-Nano-9B-v2,1.0,1.0,0.0,0.030000000000000027,0
math500:test:141:a1eed86ee4ad,NVIDIA-Nemotron-Nano-9B-v2,1.0,1.0,0.0,0.07,0
math500:test:115:f604ddc238c9,NVIDIA-Nemotron-Nano-9B-v2,1.0,1.0,0.0,0.020000000000000018,0
math500:test:41:72453fd38664,NVIDIA-Nemotron-Nano-9B-v2,1.0,1.0,0.0,0.18,0
math500:test:264:9c713fb13ae4,NVIDIA-Nemotron-Nano-9B-v2,1.0,1.0,0.0,0.18000000000000005,0
math500:test:99:e87c54273a4f,NVIDIA-Nemotron-Nano-9B-v2,1.0,1.0,0.0,0.21000000000000002,0
math500:test:452:0f74f3328993,NVIDIA-Nemotron-Nano-9B-v2,1.0,1.0,0.0,0.27999999999999997,0
math500:test:405:0c9bf35e7280,NVIDIA-Nemotron-Nano-9B-v2,1.0,1.0,0.0,0.19,0
math500:test:298:eee898cfa2cd,NVIDIA-Nemotron-Nano-9B-v2,1.0,1.0,0.0,0.08000000000000002,0
math500:test:12:4f1949500aa1,NVIDIA-Nemotron-Nano-9B-v2,1.0,1.0,0.0,0.0,0
math500:test:287:4090b3789bef,NVIDIA-Nemotron-Nano-9B-v2,0.0,1.0,1.0,0.15000000000000002,0
math500:test:442:0c7d885aab7f,NVIDIA-Nemotron-Nano-9B-v2,1.0,1.0,0.0,0.33999999999999997,0
math500:test:93:9d135f320cbe,NVIDIA-Nemotron-Nano-9B-v2,0.0,1.0,1.0,0.3,0
math500:test:360:77dcb63f9722,NVIDIA-Nemotron-Nano-9B-v2,1.0,1.0,0.0,0.040000000000000036,0
math500:test:475:89f1d351159d,NVIDIA-Nemotron-Nano-9B-v2,1.0,1.0,0.0,0.09999999999999998,0
math500:test:318:2f7c46ab9eda,Qwen3-8B,1.0,1.0,0.0,0.09999999999999998,0
math500:test:189:5a8c50102096,Qwen3-8B,1.0,1.0,0.0,0.030000000000000027,0
math500:test:249:b248cb4aff92,NVIDIA-Nemotron-Nano-9B-v2,1.0,1.0,0.0,0.12,0
math500:test:118:de0c58f09875,NVIDIA-Nemotron-Nano-9B-v2,1.0,1.0,0.0,0.10999999999999999,0
math500:test:378:a509f3e3d250,NVIDIA-Nemotron-Nano-9B-v2,1.0,1.0,0.0,0.02999999999999997,0
math500:test:81:07e22408c9d8,NVIDIA-Nemotron-Nano-9B-v2,1.0,1.0,0.0,0.04999999999999999,0
math500:test:323:3c62a0acc21b,Qwen3-8B,1.0,1.0,0.0,0.020000000000000018,0
math500:test:191:db4c0ed2fbf9,NVIDIA-Nemotron-Nano-9B-v2,1.0,1.0,0.0,0.21000000000000002,0
math500:test:484:7b5a516cad6a,Qwen3-8B,1.0,1.0,0.0,0.020000000000000018,0
math500:test:312:5d688c1d01de,NVIDIA-Nemotron-Nano-9B-v2,1.0,1.0,0.0,0.13,0
math500:test:427:db0260fbb016,NVIDIA-Nemotron-Nano-9B-v2,1.0,1.0,0.0,0.25999999999999995,0
math500:test:435:b93d929414a8,NVIDIA-Nemotron-Nano-9B-v2,1.0,1.0,0.0,0.06,0
math500:test:283:9377eb195883,Qwen3-8B,1.0,1.0,0.0,0.0,0
math500:test:148:d4b549c0bfc6,NVIDIA-Nemotron-Nano-9B-v2,1.0,1.0,0.0,0.02999999999999997,0
math500:test:5:9a3b9c3b8176,Qwen3-8B,1.0,1.0,0.0,0.020000000000000018,0
math500:test:176:bdd65b73583a,NVIDIA-Nemotron-Nano-9B-v2,1.0,1.0,0.0,0.22000000000000003,0
math500:test:239:ea56df404106,NVIDIA-Nemotron-Nano-9B-v2,1.0,1.0,0.0,0.030000000000000027,0
math500:test:34:4357e31df9a1,NVIDIA-Nemotron-Nano-9B-v2,1.0,1.0,0.0,0.13,0
math500:test:147:afe7eeff1cb1,NVIDIA-Nemotron-Nano-9B-v2,1.0,1.0,0.0,0.06999999999999995,0
math500:test:178:435f3b853b4d,NVIDIA-Nemotron-Nano-9B-v2,1.0,1.0,0.0,0.03999999999999998,0
math500:test:11:92992c0e162b,NVIDIA-Nemotron-Nano-9B-v2,1.0,1.0,0.0,0.06,0
math500:test:26:903fe0386b79,Qwen3-8B,0.0,1.0,1.0,0.020000000000000018,0
math500:test:462:48e7b5d5a1bb,NVIDIA-Nemotron-Nano-9B-v2,1.0,1.0,0.0,0.030000000000000027,0
math500:test:193:fa8130795d85,Qwen3-8B,1.0,1.0,0.0,0.010000000000000009,0
math500:test:500:d95c31385ad9,NVIDIA-Nemotron-Nano-9B-v2,1.0,1.0,0.0,0.09999999999999998,0
math500:test:391:c132bc995ac9,Qwen3-8B,1.0,1.0,0.0,0.07,0
math500:test:128:22d4c2de98f5,NVIDIA-Nemotron-Nano-9B-v2,0.0,1.0,1.0,0.21000000000000008,0
math500:test:151:72d9cb6397e8,NVIDIA-Nemotron-Nano-9B-v2,1.0,1.0,0.0,0.22000000000000003,0
math500:test:470:6a73c9a2c1ed,NVIDIA-Nemotron-Nano-9B-v2,1.0,1.0,0.0,0.2,0
math500:test:185:50a5b8ab9633,Qwen3-8B,1.0,1.0,0.0,0.07,0
math500:test:220:31e7929ff4d6,NVIDIA-Nemotron-Nano-9B-v2,1.0,1.0,0.0,0.18,0
math500:test:108:6195174aabf2,NVIDIA-Nemotron-Nano-9B-v2,1.0,1.0,0.0,0.22000000000000003,0
math500:test:477:70cf8bf91142,NVIDIA-Nemotron-Nano-9B-v2,1.0,1.0,0.0,0.03999999999999998,0
math500:test:192:36fd071c1bb4,NVIDIA-Nemotron-Nano-9B-v2,1.0,1.0,0.0,0.08999999999999997,0
math500:test:347:2e9a888b0d01,NVIDIA-Nemotron-Nano-9B-v2,1.0,1.0,0.0,0.14,0
math500:test:65:ca5be300c208,NVIDIA-Nemotron-Nano-9B-v2,1.0,1.0,0.0,0.040000000000000036,0
math500:test:319:ea43c5a8e797,NVIDIA-Nemotron-Nano-9B-v2,0.0,1.0,1.0,0.17000000000000004,0
math500:test:269:ded0ffd3643d,NVIDIA-Nemotron-Nano-9B-v2,1.0,1.0,0.0,0.17000000000000004,0
math500:test:231:8078ab59d461,NVIDIA-Nemotron-Nano-9B-v2,1.0,1.0,0.0,0.08000000000000002,0
math500:test:129:1a7c478bb9ae,NVIDIA-Nemotron-Nano-9B-v2,0.0,1.0,1.0,0.0,0
math500:test:412:ca9cbef015df,NVIDIA-Nemotron-Nano-9B-v2,1.0,1.0,0.0,0.21000000000000002,0
math500:test:157:8cb4b95c43ef,NVIDIA-Nemotron-Nano-9B-v2,1.0,1.0,0.0,0.08999999999999997,0
math500:test:216:f5c172c89847,NVIDIA-Nemotron-Nano-9B-v2,1.0,1.0,0.0,0.18000000000000005,0
math500:test:345:53216a75c996,NVIDIA-Nemotron-Nano-9B-v2,1.0,1.0,0.0,0.07999999999999996,0
math500:test:406:8d14c583b8a8,NVIDIA-Nemotron-Nano-9B-v2,1.0,1.0,0.0,0.52,0
math500:test:336:778f458d8f22,NVIDIA-Nemotron-Nano-9B-v2,1.0,1.0,0.0,0.15000000000000002,0
math500:test:325:b39e148459d7,Qwen3-8B,0.0,1.0,1.0,0.030000000000000027,0
math500:test:72:29b2b39dd786,NVIDIA-Nemotron-Nano-9B-v2,0.0,1.0,1.0,0.21000000000000002,0
mathbench:test:18:b24ed574f3be,Qwen3-8B,1.0,1.0,0.0,0.07,0
mathbench:test:54:59c1b1196973,NVIDIA-Nemotron-Nano-9B-v2,1.0,1.0,0.0,0.20000000000000007,0
mathbench:test:79:da7f90fc8901,Qwen3-8B,1.0,1.0,0.0,0.04999999999999999,0
mathbench:test:72:504e3a932f89,NVIDIA-Nemotron-Nano-9B-v2,1.0,1.0,0.0,0.15999999999999998,0
mathbench:test:5:331255d96403,Qwen3-8B,1.0,1.0,0.0,0.02999999999999997,0
mathbench:test:112:41b6d1288442,NVIDIA-Nemotron-Nano-9B-v2,1.0,1.0,0.0,0.07,0
mathbench:test:39:e10324bb9c8e,NVIDIA-Nemotron-Nano-9B-v2,1.0,1.0,0.0,0.33,0
mathbench:test:69:4b86bcce7a6f,NVIDIA-Nemotron-Nano-9B-v2,1.0,1.0,0.0,0.12,0
mathbench:test:133:7cc030648ae8,NVIDIA-Nemotron-Nano-9B-v2,1.0,1.0,0.0,0.2700000000000001,0
mathbench:test:52:7c5e9cf0c57a,Qwen3-8B,1.0,1.0,0.0,0.040000000000000036,0
mathbench:test:129:fe0ac80f5838,NVIDIA-Nemotron-Nano-9B-v2,1.0,1.0,0.0,0.14,0
mathbench:test:103:93d16f2d2fc6,NVIDIA-Nemotron-Nano-9B-v2,1.0,1.0,0.0,0.14,0
mathbench:test:36:85a9b1fd3ba3,NVIDIA-Nemotron-Nano-9B-v2,1.0,1.0,0.0,0.09999999999999998,0
mathbench:test:149:54c820d2ce78,NVIDIA-Nemotron-Nano-9B-v2,1.0,1.0,0.0,0.07999999999999996,0
mathbench:test:150:8d9b0e64b43f,NVIDIA-Nemotron-Nano-9B-v2,1.0,1.0,0.0,0.08999999999999997,0
mathbench:test:35:1d1160edfd94,NVIDIA-Nemotron-Nano-9B-v2,1.0,1.0,0.0,0.020000000000000018,0
mathbench:test:97:7ec34480b7a8,NVIDIA-Nemotron-Nano-9B-v2,1.0,1.0,0.0,0.050000000000000044,0
mathbench:test:80:891d0d8e9012,NVIDIA-Nemotron-Nano-9B-v2,1.0,1.0,0.0,0.29,0
mathbench:test:145:4be83250ff01,NVIDIA-Nemotron-Nano-9B-v2,1.0,1.0,0.0,0.08999999999999997,0
mathbench:test:140:ecae1c786478,NVIDIA-Nemotron-Nano-9B-v2,1.0,1.0,0.0,0.02999999999999997,0
mathbench:test:85:8f5fc44adaba,NVIDIA-Nemotron-Nano-9B-v2,1.0,1.0,0.0,0.09999999999999998,0
mathbench:test:37:e0e02d2fe151,NVIDIA-Nemotron-Nano-9B-v2,1.0,1.0,0.0,0.18,0
mathbench:test:121:db55bc7c49db,NVIDIA-Nemotron-Nano-9B-v2,0.0,1.0,1.0,0.010000000000000009,0
mathbench:test:31:0637d9d7642c,Qwen3-8B,1.0,1.0,0.0,0.09999999999999998,0
mathbench:test:43:f53bd745e69b,Qwen3-8B,1.0,1.0,0.0,0.08000000000000002,0
mathbench:test:114:87635c89c312,NVIDIA-Nemotron-Nano-9B-v2,1.0,1.0,0.0,0.23000000000000004,0
mathbench:test:11:a92bf58b93de,Qwen3-8B,1.0,1.0,0.0,0.09999999999999998,0
mathbench:test:10:3f7472894288,Qwen3-8B,1.0,1.0,0.0,0.04999999999999999,0
mathbench:test:13:b6282980c147,Qwen3-8B,1.0,1.0,0.0,0.12,0
mathbench:test:111:4dd1c17f327b,NVIDIA-Nemotron-Nano-9B-v2,1.0,1.0,0.0,0.23000000000000004,0
mbpp:test:445:4671828629d2,Qwen3-8B,0.0,1.0,1.0,0.35,0
mbpp:test:310:165e9c511af6,Qwen3-8B,0.0,1.0,1.0,0.33999999999999997,0
mbpp:test:197:f3cfd0978b96,Qwen3-8B,0.0,1.0,1.0,0.25000000000000006,0
mbpp:test:642:316b904d79aa,Qwen3-8B,0.0,1.0,1.0,0.22999999999999998,0
mbpp:test:265:8bc2cb101ec8,Qwen3-8B,1.0,1.0,0.0,0.22999999999999998,0
mbpp:test:690:72eae656fef7,Qwen3-8B,1.0,1.0,0.0,0.28,0
mbpp:test:461:965529a6e06c,Qwen3-8B,0.0,0.0,0.0,0.19,0
mbpp:test:169:773382cac998,Qwen3-8B,0.0,1.0,1.0,0.30000000000000004,0
mbpp:test:683:cdd1ac363077,Qwen3-8B,0.0,1.0,1.0,0.2,0
mbpp:test:620:caf5f7eef063,Qwen3-8B,1.0,1.0,0.0,0.58,0
mbpp:test:510:91a214aee10c,Qwen3-8B,0.0,0.0,0.0,0.35000000000000003,0
mbpp:test:207:caa460cde0ac,Qwen3-8B,1.0,1.0,0.0,0.37,0
mbpp:test:371:2c70b8bff8ee,Qwen3-8B,0.0,1.0,1.0,0.07,0
mbpp:test:880:9500cf98ebbe,Qwen3-8B,0.0,1.0,1.0,0.45,0
mbpp:test:475:8dd4eeec63b5,Qwen3-8B,1.0,1.0,0.0,0.45,0
mbpp:test:734:10b10b6a2943,Qwen3-8B,1.0,1.0,0.0,0.28,0
mbpp:test:387:6da4f4156fed,Qwen3-8B,0.0,1.0,1.0,0.21999999999999997,0
mbpp:test:817:18686b9fcef3,Qwen3-8B,0.0,1.0,1.0,0.5,0
mbpp:test:608:0b7f4974804a,Qwen3-8B,1.0,1.0,0.0,0.44,0
mbpp:test:473:d299af2d46ab,Qwen3-8B,1.0,1.0,0.0,0.3400000000000001,0
mbpp:test:470:7ce4ec5b7b00,Qwen3-8B,1.0,1.0,0.0,0.29000000000000004,0
mbpp:test:819:53f4ba032d6e,Qwen3-8B,0.0,1.0,1.0,0.2700000000000001,0
mbpp:test:274:ca48ffbcd9b8,Qwen3-8B,1.0,1.0,0.0,0.35,0
mbpp:test:299:cee85b6579e4,Qwen3-8B,0.0,1.0,1.0,0.48,0
mbpp:test:514:2c287a2cff69,Qwen3-8B,0.0,1.0,1.0,0.4,0
mbpp:test:566:1e8b3716e4bd,Qwen3-8B,0.0,1.0,1.0,0.22999999999999998,0
mbpp:test:153:b974d5108330,Qwen3-8B,0.0,1.0,1.0,0.32000000000000006,0
mbpp:test:332:993fd238ed6d,Qwen3-8B,0.0,1.0,1.0,0.21000000000000002,0
mbpp:test:934:a728b08b8b6b,Qwen3-8B,0.0,1.0,1.0,0.51,0
mbpp:test:107:1253474feaa9,Qwen3-8B,1.0,1.0,0.0,0.31999999999999995,0
mbpp:test:815:b5a15813218a,Qwen3-8B,1.0,1.0,0.0,0.38,0
mbpp:test:808:b2852f20e38e,Qwen3-8B,1.0,1.0,0.0,0.22000000000000003,0
mbpp:test:721:cabb332965bc,Qwen3-8B,0.0,1.0,1.0,0.21999999999999997,0
mbpp:test:117:f2b19b8f241b,Qwen3-8B,0.0,1.0,1.0,0.25000000000000006,0
mbpp:test:903:85d7564c289d,Qwen3-8B,0.0,1.0,1.0,0.48,0
mbpp:test:334:2c8271c0603d,Qwen3-8B,0.0,1.0,1.0,0.12,0
mbpp:test:14:920b04521094,Qwen3-8B,1.0,1.0,0.0,0.23000000000000004,0
mbpp:test:447:5f95e6062073,Qwen3-8B,0.0,1.0,1.0,0.30000000000000004,0
mbpp:test:382:4f0919b43ef3,Qwen3-8B,1.0,1.0,0.0,0.32999999999999996,0
mbpp:test:796:4653c73b8357,Qwen3-8B,1.0,1.0,0.0,0.47000000000000003,0
mbpp:test:385:a80e2ed742ce,Qwen3-8B,0.0,1.0,1.0,0.26,0
mbpp:test:905:7460485b56f2,Qwen3-8B,1.0,1.0,0.0,0.44999999999999996,0
mbpp:test:5:89f619067165,Qwen3-8B,1.0,1.0,0.0,0.35,0
mbpp:test:766:953ffe0fd2c4,Qwen3-8B,1.0,1.0,0.0,0.33000000000000007,0
mbpp:test:424:4a2b6e21d7c2,Qwen3-8B,1.0,1.0,0.0,0.2700000000000001,0
mbpp:test:115:5b19fa13872d,Qwen3-8B,1.0,1.0,0.0,0.33999999999999997,0
mbpp:test:711:842d406f59a2,Qwen3-8B,0.0,1.0,1.0,0.41,0
mbpp:test:346:caee9465f1b1,Qwen3-8B,1.0,1.0,0.0,0.39,0
mbpp:test:810:39a350f01a25,Qwen3-8B,0.0,1.0,1.0,0.31999999999999995,0
mbpp:test:719:80b2100871d2,Qwen3-8B,0.0,0.0,0.0,0.48,0
mbpp:test:90:db4f08387f3e,Qwen3-8B,0.0,1.0,1.0,0.30000000000000004,0
mbpp:test:586:1a0b6812d829,Qwen3-8B,1.0,1.0,0.0,0.14,0
mbpp:test:466:e63c5284cf93,Qwen3-8B,0.0,1.0,1.0,0.30000000000000004,0
mbpp:test:764:66c6705be84a,Qwen3-8B,0.0,0.0,0.0,0.41,0
mbpp:test:692:5e6c91e887fe,Qwen3-8B,1.0,1.0,0.0,0.16000000000000003,0
mbpp:test:728:4e57540c2c5b,Qwen3-8B,1.0,1.0,0.0,0.15000000000000002,0
mbpp:test:633:d0765e64103f,Qwen3-8B,0.0,1.0,1.0,0.24,0
mbpp:test:673:aff89b8c9f60,Qwen3-8B,1.0,1.0,0.0,0.48,0
mbpp:test:535:20de83cf03bf,Qwen3-8B,0.0,1.0,1.0,0.41000000000000003,0
mbpp:test:579:0c5b25e9ea1a,Qwen3-8B,1.0,1.0,0.0,0.47,0
mbpp:test:209:7b14e69209bb,Qwen3-8B,0.0,1.0,1.0,0.51,0
mbpp:test:431:60ba40f0b2f1,Qwen3-8B,1.0,1.0,0.0,0.18,0
mbpp:test:926:481e71988d61,Qwen3-8B,1.0,1.0,0.0,0.33000000000000007,0
mbpp:test:857:286bb2f1a9ef,Qwen3-8B,0.0,1.0,1.0,0.37999999999999995,0
mbpp:test:737:54c46f6c2aa0,Qwen3-8B,1.0,1.0,0.0,0.47,0
mbpp:test:799:4ce9f8fd0432,Qwen3-8B,1.0,1.0,0.0,0.37000000000000005,0
mbpp:test:221:7f6a1027e0a4,Qwen3-8B,0.0,1.0,1.0,0.5,0
mbpp:test:898:f6f0123d8cfb,Qwen3-8B,1.0,1.0,0.0,0.37999999999999995,0
mbpp:test:454:02ed743efd68,Qwen3-8B,1.0,1.0,0.0,0.23999999999999996,0
mbpp:test:891:c8354c06457d,Qwen3-8B,1.0,1.0,0.0,0.2,0
mbpp:test:386:226e9542b100,Qwen3-8B,1.0,1.0,0.0,0.22000000000000003,0
mbpp:test:114:86af7b7b80fa,Qwen3-8B,1.0,1.0,0.0,0.43000000000000005,0
mbpp:test:85:33d28a07a483,Qwen3-8B,1.0,1.0,0.0,0.21000000000000002,0
mbpp:test:704:5e8ea1f5b278,Qwen3-8B,0.0,1.0,1.0,0.26000000000000006,0
mbpp:test:950:a5dcda721353,Qwen3-8B,0.0,1.0,1.0,0.45,0
mbpp:test:426:a7b89dc2dc55,Qwen3-8B,1.0,1.0,0.0,0.37,0
mbpp:test:503:9e938ec41d7e,Qwen3-8B,1.0,1.0,0.0,0.53,0
mbpp:test:873:4791192160da,Qwen3-8B,1.0,1.0,0.0,0.17000000000000004,0
mbpp:test:659:7856c38facc6,Qwen3-8B,1.0,1.0,0.0,0.51,0
mbpp:test:260:a04f4d463a1c,Qwen3-8B,0.0,1.0,1.0,0.4,0
mbpp:test:491:6cee2fe05951,Qwen3-8B,1.0,1.0,0.0,0.36,0
mbpp:test:242:ad8b38f20963,Qwen3-8B,1.0,1.0,0.0,0.5,0
mbpp:test:180:6f2fd548e4be,Qwen3-8B,1.0,1.0,0.0,0.3500000000000001,0
mbpp:test:561:e8baac3807f8,Qwen3-8B,1.0,1.0,0.0,0.21000000000000002,0
mbpp:test:65:47a2ffebab45,Qwen3-8B,1.0,1.0,0.0,0.48,0
mbpp:test:612:875dc00784fb,Qwen3-8B,0.0,1.0,1.0,0.4,0
mbpp:test:622:5d5aed21979b,Qwen3-8B,0.0,0.0,0.0,0.4,0
mbpp:test:40:67dcf8a3cbc6,Qwen3-8B,1.0,1.0,0.0,0.31000000000000005,0
mbpp:test:124:b73bd566daab,Qwen3-8B,1.0,1.0,0.0,0.5,0
mbpp:test:827:436d882d6a85,Qwen3-8B,1.0,1.0,0.0,0.48000000000000004,0
mbpp:test:822:2a1082a4f144,Qwen3-8B,0.0,1.0,1.0,0.18,0
mbpp:test:284:36fd3c08213e,Qwen3-8B,1.0,1.0,0.0,0.46,0
mbpp:test:309:a2f961319e84,Qwen3-8B,0.0,1.0,1.0,0.26,0
mbpp:test:228:b4d9cd20b8b6,Qwen3-8B,0.0,1.0,1.0,0.39999999999999997,0
mbpp:test:377:4242598c92f6,Qwen3-8B,0.0,1.0,1.0,0.47,0
mbpp:test:196:fb3a5e757493,Qwen3-8B,1.0,1.0,0.0,0.47000000000000003,0
mbpp:test:217:31b3ef42685d,Qwen3-8B,0.0,1.0,1.0,0.25,0
mbpp:test:286:ce1adb62a942,Qwen3-8B,1.0,1.0,0.0,0.16999999999999998,0
mbpp:test:635:8c61c64bcc0b,Qwen3-8B,1.0,1.0,0.0,0.24000000000000005,0
mbpp:test:955:2d251af443d4,Qwen3-8B,0.0,1.0,1.0,0.32000000000000006,0
mbpp:test:624:c99a08876225,Qwen3-8B,1.0,1.0,0.0,0.28,0
mbpp:test:833:8188be9a7edb,Qwen3-8B,1.0,1.0,0.0,0.33000000000000007,0
mbpp:test:436:e3b79dd8e6ca,Qwen3-8B,1.0,1.0,0.0,0.43,0
mbpp:test:81:0b5802ee165e,Qwen3-8B,1.0,1.0,0.0,0.2,0
mbpp:test:225:5655fe19c585,Qwen3-8B,0.0,0.0,0.0,0.29,0
mbpp:test:417:07447b5a6303,Qwen3-8B,0.0,1.0,1.0,0.5399999999999999,0
mbpp:test:937:6b619bc252d9,Qwen3-8B,1.0,1.0,0.0,0.30000000000000004,0
mbpp:test:51:c09a03da0996,Qwen3-8B,1.0,1.0,0.0,0.45999999999999996,0
mbpp:test:469:b55d91443da4,Qwen3-8B,1.0,1.0,0.0,0.39,0
mbpp:test:954:dc02c6fba458,Qwen3-8B,1.0,1.0,0.0,0.47,0
mbpp:test:325:09252b5e1072,Qwen3-8B,1.0,1.0,0.0,0.39,0
mbpp:test:716:394c01aee01e,Qwen3-8B,0.0,1.0,1.0,0.29000000000000004,0
mbpp:test:59:5c12ab73b096,Qwen3-8B,1.0,1.0,0.0,0.32000000000000006,0
mbpp:test:653:e6e4d613a155,Qwen3-8B,1.0,1.0,0.0,0.39,0
mbpp:test:62:c7c43b44cb53,Qwen3-8B,1.0,1.0,0.0,0.41,0
mbpp:test:677:39175dc719a5,Qwen3-8B,1.0,1.0,0.0,0.20999999999999996,0
mbpp:test:306:7d1606ae38ad,Qwen3-8B,1.0,1.0,0.0,0.38,0
mbpp:test:211:24562cd53ea1,Qwen3-8B,1.0,1.0,0.0,0.23000000000000004,0
mbpp:test:828:3cb23c199a6f,Qwen3-8B,0.0,1.0,1.0,0.45,0
mbpp:test:699:e298c1f112e2,Qwen3-8B,1.0,1.0,0.0,0.36000000000000004,0
mbpp:test:855:0ff8fbacf0c4,Qwen3-8B,1.0,1.0,0.0,0.51,0
mbpp:test:411:adc0406ec83e,Qwen3-8B,0.0,1.0,1.0,0.37,0
mbpp:test:708:81c5c65727ff,Qwen3-8B,1.0,1.0,0.0,0.23000000000000004,0
mbpp:test:948:16f11ab9d24d,Qwen3-8B,1.0,1.0,0.0,0.42000000000000004,0
mbpp:test:878:3633bf8fcdf7,Qwen3-8B,0.0,1.0,1.0,0.28,0
mbpp:test:137:8242e23dc91a,Qwen3-8B,0.0,1.0,1.0,0.45,0
mbpp:test:953:7ed25e460f8e,Qwen3-8B,0.0,1.0,1.0,0.38,0
mbpp:test:434:18d9d603b406,Qwen3-8B,0.0,0.0,0.0,0.37000000000000005,0
mbpp:test:596:620451b4795d,Qwen3-8B,1.0,1.0,0.0,0.22000000000000003,0
mbpp:test:457:6c878c644c50,Qwen3-8B,1.0,1.0,0.0,0.39999999999999997,0
mbpp:test:795:83cd13f512b8,Qwen3-8B,0.0,0.0,0.0,0.31000000000000005,0
mbpp:test:971:e197b9dddfb7,Qwen3-8B,1.0,1.0,0.0,0.21000000000000002,0
mbpp:test:759:8c334c5cd6c2,Qwen3-8B,1.0,1.0,0.0,0.43999999999999995,0
mbpp:test:786:cb1ebf421b3f,Qwen3-8B,1.0,1.0,0.0,0.51,0
mbpp:test:744:55c9ec8fdaf7,Qwen3-8B,1.0,1.0,0.0,0.29000000000000004,0
mbpp:test:774:a08329c9a587,Qwen3-8B,1.0,1.0,0.0,0.19999999999999996,0
mbpp:test:643:22bfa24046dd,Qwen3-8B,1.0,1.0,0.0,0.25,0
mbpp:test:575:e3086fc147a6,Qwen3-8B,0.0,1.0,1.0,0.14,0
mbpp:test:290:8e75efb4c82b,Qwen3-8B,1.0,1.0,0.0,0.19999999999999996,0
mbpp:test:249:477c049459a7,Qwen3-8B,1.0,1.0,0.0,0.44000000000000006,0
mbpp:test:195:c253ce443e2f,Qwen3-8B,0.0,1.0,1.0,0.36000000000000004,0
mbpp:test:922:0fb24e2df610,Qwen3-8B,0.0,1.0,1.0,0.10999999999999999,0
mbpp:test:611:f610af29cd60,Qwen3-8B,1.0,1.0,0.0,0.09999999999999998,0
mbpp:test:44:510a951cf8ee,Qwen3-8B,1.0,1.0,0.0,0.32999999999999996,0
mbpp:test:974:638d9404b31f,Qwen3-8B,1.0,1.0,0.0,0.26,0
mbpp:test:350:40473e841e05,Qwen3-8B,1.0,1.0,0.0,0.27,0
mbpp:test:872:cd8f3455dd48,Qwen3-8B,0.0,1.0,1.0,0.24,0
mbpp:test:37:a3aeabc1e9ea,Qwen3-8B,0.0,1.0,1.0,0.3400000000000001,0
mbpp:test:593:b8bf713688cd,Qwen3-8B,1.0,1.0,0.0,0.36,0
mbpp:test:736:d5d3e6c73666,Qwen3-8B,0.0,0.0,0.0,0.45999999999999996,0
mbpp:test:662:ba75a8846801,Qwen3-8B,0.0,1.0,1.0,0.52,0
mbpp:test:24:eca1b7d72581,Qwen3-8B,0.0,1.0,1.0,0.27,0
mbpp:test:240:bfd278173139,Qwen3-8B,1.0,1.0,0.0,0.30000000000000004,0
mbpp:test:678:4bc1292cedbc,Qwen3-8B,1.0,1.0,0.0,0.29000000000000004,0
mbpp:test:301:77c12f5392f7,Qwen3-8B,0.0,1.0,1.0,0.22000000000000003,0
mbpp:test:654:024cc8df80e5,Qwen3-8B,1.0,1.0,0.0,0.29000000000000004,0
mbpp:test:241:370c5e8084fb,Qwen3-8B,0.0,1.0,1.0,0.5,0
mbpp:test:892:93d3bcf90e36,Qwen3-8B,1.0,1.0,0.0,0.42,0
mbpp:test:614:0f3373779601,Qwen3-8B,0.0,1.0,1.0,0.44999999999999996,0
mbpp:test:963:da41368c1268,Qwen3-8B,1.0,1.0,0.0,0.2800000000000001,0
mbpp:test:273:52b4d55bd5f1,Qwen3-8B,1.0,1.0,0.0,0.31999999999999995,0
mbpp:test:208:e19cf79b74f9,Qwen3-8B,1.0,1.0,0.0,0.10999999999999999,0
mbpp:test:184:6d2df422dcea,Qwen3-8B,0.0,1.0,1.0,0.32999999999999996,0
mbpp:test:247:6a536ab9fbee,Qwen3-8B,0.0,1.0,1.0,0.28,0
mbpp:test:720:8a08e60bfea4,Qwen3-8B,1.0,1.0,0.0,0.51,0
mbpp:test:215:bfb1071a2400,Qwen3-8B,1.0,1.0,0.0,0.42000000000000004,0
mbpp:test:305:6de594d89f1d,Qwen3-8B,1.0,1.0,0.0,0.4,0
mbpp:test:956:0acdb2690c90,Qwen3-8B,1.0,1.0,0.0,0.27,0
mbpp:test:951:a06a15553395,Qwen3-8B,1.0,1.0,0.0,0.18999999999999995,0
mbpp:test:965:a793e124b9d0,Qwen3-8B,1.0,1.0,0.0,0.45999999999999996,0
mbpp:test:340:9ca4b9a63294,Qwen3-8B,1.0,1.0,0.0,0.22000000000000003,0
mbpp:test:930:c91d12b7c010,Qwen3-8B,0.0,1.0,1.0,0.26,0
mbpp:test:854:ef3ff45025e7,Qwen3-8B,0.0,0.0,0.0,0.5599999999999999,0
mbpp:test:116:fca73c968c92,Qwen3-8B,0.0,1.0,1.0,0.38,0
mbpp:test:551:6ffa4a5a2ff8,Qwen3-8B,1.0,1.0,0.0,0.3400000000000001,0
mbpp:test:212:4104945cc33f,Qwen3-8B,1.0,1.0,0.0,0.36,0
mbpp:test:712:c7fd23b03cf4,Qwen3-8B,0.0,1.0,1.0,0.41,0
mbpp:test:570:d45b4e2f665f,Qwen3-8B,1.0,1.0,0.0,0.29000000000000004,0
mbpp:test:105:8eb95bfddb03,Qwen3-8B,1.0,1.0,0.0,0.33,0
mbpp:test:381:b629b7edad10,Qwen3-8B,1.0,1.0,0.0,0.23000000000000004,0
mbpp:test:54:b2ef2ad82556,Qwen3-8B,0.0,1.0,1.0,0.46,0
mbpp:test:740:85ca3ac8ebcb,Qwen3-8B,1.0,1.0,0.0,0.48,0
mbpp:test:416:84478b8d91cb,Qwen3-8B,1.0,1.0,0.0,0.16999999999999998,0
mbpp:test:476:5f64a5ba75a6,Qwen3-8B,1.0,1.0,0.0,0.38,0
mbpp:test:154:1d83dc10e33b,Qwen3-8B,1.0,1.0,0.0,0.30999999999999994,0
mbpp:test:451:277501c1f648,Qwen3-8B,1.0,1.0,0.0,0.26,0
mbpp:test:237:7577b1b21738,Qwen3-8B,0.0,1.0,1.0,0.39,0
mbpp:test:753:145f912a34a4,Qwen3-8B,1.0,1.0,0.0,0.44999999999999996,0
mbpp:test:481:5d8eba2e5162,Qwen3-8B,1.0,1.0,0.0,0.20000000000000007,0
mbpp:test:412:1ab116a2e446,Qwen3-8B,1.0,1.0,0.0,0.27999999999999997,0
mbpp:test:145:f429705d3c6f,Qwen3-8B,0.0,1.0,1.0,0.21000000000000002,0
mbpp:test:375:94cc1651452a,Qwen3-8B,1.0,1.0,0.0,0.22000000000000003,0
mbpp:test:567:ff31f7fb72a7,Qwen3-8B,1.0,1.0,0.0,0.04999999999999999,0
mbpp:test:830:9a4d271935e2,Qwen3-8B,1.0,1.0,0.0,0.04999999999999999,0
mbpp:test:326:c928f1e80a5d,Qwen3-8B,0.0,1.0,1.0,0.15999999999999998,0
medqa:test:1046:687c2a26ec1a,Qwen3-8B,1.0,1.0,0.0,0.07,0
medqa:test:829:1834c44c3fec,Qwen3-8B,1.0,1.0,0.0,0.06,0
medqa:test:893:af0d89ed8cf4,Qwen3-8B,1.0,1.0,0.0,0.12,0
medqa:test:1118:1ff4bf3b60da,Qwen3-8B,0.0,1.0,1.0,0.010000000000000009,0
medqa:test:638:1bd3771e015b,NVIDIA-Nemotron-Nano-9B-v2,0.0,1.0,1.0,0.010000000000000009,0
medqa:test:7:1052faa3a951,Qwen3-8B,0.0,1.0,1.0,0.04999999999999999,0
medqa:test:377:cdfcba3723d3,Qwen3-8B,1.0,1.0,0.0,0.10999999999999999,0
medqa:test:876:754990768212,Qwen3-8B,1.0,1.0,0.0,0.020000000000000018,0
medqa:test:375:2170055c55e7,Qwen3-8B,1.0,1.0,0.0,0.08999999999999997,0
medqa:test:180:144a0a36b8a7,Qwen3-8B,1.0,1.0,0.0,0.019999999999999962,0
medqa:test:57:f2a9e608b332,Qwen3-8B,1.0,1.0,0.0,0.04999999999999999,0
medqa:test:684:c6f7655d353d,Qwen3-8B,1.0,1.0,0.0,0.23,0
medqa:test:176:3b58b7e1c659,Qwen3-8B,1.0,1.0,0.0,0.13999999999999996,0
medqa:test:100:110fb0a9c42d,Qwen3-8B,1.0,1.0,0.0,0.07999999999999996,0
medqa:test:233:da7940fae609,Qwen3-8B,1.0,1.0,0.0,0.08999999999999997,0
medqa:test:552:047a85720a8d,Qwen3-8B,1.0,1.0,0.0,0.10999999999999999,0
medqa:test:26:522c152ad66e,NVIDIA-Nemotron-Nano-9B-v2,1.0,1.0,0.0,0.0,0
medqa:test:931:13861eb9061e,Qwen3-8B,1.0,1.0,0.0,0.13999999999999999,0
medqa:test:109:f8171f4d427f,Qwen3-8B,1.0,1.0,0.0,0.14999999999999997,0
medqa:test:912:bd3f41c99f63,Qwen3-8B,1.0,1.0,0.0,0.06000000000000005,0
medqa:test:553:ccb18fe1d3a6,Qwen3-8B,1.0,1.0,0.0,0.13,0
medqa:test:883:4bade8038eb8,Qwen3-8B,0.0,1.0,1.0,0.010000000000000009,0
medqa:test:114:39d0c7d1308f,Qwen3-8B,1.0,1.0,0.0,0.10999999999999999,0
medqa:test:863:a8bdde0e39e5,Qwen3-8B,0.0,0.0,0.0,0.09999999999999998,0
medqa:test:1083:f23a7abb1cad,Qwen3-8B,1.0,1.0,0.0,0.09000000000000002,0
medqa:test:569:f2d2679f898e,Qwen3-8B,1.0,1.0,0.0,0.06,0
medqa:test:644:3cd046eb71c8,Qwen3-8B,0.0,1.0,1.0,0.09999999999999998,0
medqa:test:915:7fa39068eb69,Qwen3-8B,1.0,1.0,0.0,0.11000000000000001,0
medqa:test:721:e5a9a986b982,Qwen3-8B,0.0,1.0,1.0,0.07999999999999996,0
medqa:test:107:47adb655b477,NVIDIA-Nemotron-Nano-9B-v2,0.0,1.0,1.0,0.0,0
medqa:test:819:f69960279422,Qwen3-8B,1.0,1.0,0.0,0.09000000000000002,0
medqa:test:9:abcefd83875e,NVIDIA-Nemotron-Nano-9B-v2,1.0,1.0,0.0,0.0,0
medqa:test:424:a586b8870df9,Qwen3-8B,0.0,1.0,1.0,0.12,0
medqa:test:451:0c91793004c0,Qwen3-8B,1.0,1.0,0.0,0.030000000000000027,0
medqa:test:841:14c994a20394,Qwen3-8B,1.0,1.0,0.0,0.0,0
medqa:test:168:8eae8a7ed0b5,NVIDIA-Nemotron-Nano-9B-v2,1.0,1.0,0.0,0.030000000000000027,0
medqa:test:578:3f8431d6cbd8,Qwen3-8B,0.0,1.0,1.0,0.010000000000000009,0
medqa:test:450:e6b50c40258d,Qwen3-8B,1.0,1.0,0.0,0.10999999999999999,0
medqa:test:99:112dccc59c7d,NVIDIA-Nemotron-Nano-9B-v2,1.0,1.0,0.0,0.0,0
medqa:test:1024:1c1b5ea1a132,NVIDIA-Nemotron-Nano-9B-v2,0.0,1.0,1.0,0.010000000000000009,0
medqa:test:503:49b2e13bb76f,Qwen3-8B,1.0,1.0,0.0,0.04999999999999999,0
medqa:test:926:bafb3173cd10,Qwen3-8B,1.0,1.0,0.0,0.12,0
medqa:test:1259:ea830a00a937,Qwen3-8B,1.0,1.0,0.0,0.08999999999999997,0
medqa:test:524:77ef096376bb,NVIDIA-Nemotron-Nano-9B-v2,1.0,1.0,0.0,0.08000000000000002,0
medqa:test:495:249afd573d01,Qwen3-8B,0.0,1.0,1.0,0.04999999999999999,0
medqa:test:352:aa806c27431e,Qwen3-8B,0.0,1.0,1.0,0.030000000000000027,0
medqa:test:594:b0dd869615e2,Qwen3-8B,1.0,1.0,0.0,0.09000000000000002,0
medqa:test:813:fa167cc10bc9,Qwen3-8B,1.0,1.0,0.0,0.03999999999999998,0
medqa:test:796:542918dd6316,Qwen3-8B,1.0,1.0,0.0,0.07,0
medqa:test:1272:5ba2dc6d2eae,Qwen3-8B,1.0,1.0,0.0,0.08999999999999997,0
medqa:test:689:8932ed75cd80,Qwen3-8B,0.0,1.0,1.0,0.10000000000000003,0
medqa:test:1258:f8dc09409ccd,Qwen3-8B,1.0,1.0,0.0,0.13999999999999996,0
medqa:test:97:9004c638b625,NVIDIA-Nemotron-Nano-9B-v2,0.0,1.0,1.0,0.010000000000000009,0
medqa:test:563:3abd28924cb6,Qwen3-8B,1.0,1.0,0.0,0.010000000000000009,0
medqa:test:192:82554c739333,Qwen3-8B,0.0,1.0,1.0,0.050000000000000044,0
medqa:test:602:f957469811ad,Qwen3-8B,1.0,1.0,0.0,0.08999999999999997,0
medqa:test:1173:5c3435d6f10a,Qwen3-8B,1.0,1.0,0.0,0.040000000000000036,0
medqa:test:1025:2aae7da076a3,Qwen3-8B,1.0,1.0,0.0,0.07,0
medqa:test:877:e5e8fd921cc5,NVIDIA-Nemotron-Nano-9B-v2,1.0,1.0,0.0,0.019999999999999962,0
medqa:test:783:aa8f4a885ac3,Qwen3-8B,1.0,1.0,0.0,0.06,0
medqa:test:147:58ab73c04c89,NVIDIA-Nemotron-Nano-9B-v2,1.0,1.0,0.0,0.04999999999999999,0
medqa:test:181:2c7f2f8235c9,Qwen3-8B,0.0,1.0,1.0,0.06999999999999995,0
medqa:test:128:d9ae0fdf7ab9,Qwen3-8B,1.0,1.0,0.0,0.08000000000000002,0
medqa:test:705:694b9cb7db8f,Qwen3-8B,1.0,1.0,0.0,0.040000000000000036,0
medqa:test:159:5d4128d35a22,Qwen3-8B,1.0,1.0,0.0,0.13,0
medqa:test:1120:9d3e26c0e400,Qwen3-8B,1.0,1.0,0.0,0.06,0
medqa:test:1236:7cff6614d042,Qwen3-8B,1.0,1.0,0.0,0.04999999999999999,0
medqa:test:271:93a37c9fe72d,NVIDIA-Nemotron-Nano-9B-v2,1.0,1.0,0.0,0.02999999999999997,0
medqa:test:1171:baf154c03598,Qwen3-8B,0.0,1.0,1.0,0.06,0
medqa:test:1015:d373a4ca33eb,Qwen3-8B,1.0,1.0,0.0,0.09000000000000002,0
medqa:test:887:c47468982967,Qwen3-8B,1.0,1.0,0.0,0.08000000000000002,0
medqa:test:1067:0031c58e2bfc,Qwen3-8B,1.0,1.0,0.0,0.08000000000000002,0
medqa:test:41:e52443673817,Qwen3-8B,1.0,1.0,0.0,0.13,0
medqa:test:471:2d73ea52527c,Qwen3-8B,1.0,1.0,0.0,0.2,0
medqa:test:622:e9b22a17e9d6,Qwen3-8B,0.0,1.0,1.0,0.08000000000000002,0
medqa:test:1029:d4955afd64d3,Qwen3-8B,1.0,1.0,0.0,0.07,0
medqa:test:1080:d1ab53d00200,Qwen3-8B,1.0,1.0,0.0,0.13,0
medqa:test:937:039ad4f96a57,Qwen3-8B,0.0,1.0,1.0,0.12999999999999995,0
medqa:test:409:0843c2ca9959,Qwen3-8B,1.0,1.0,0.0,0.019999999999999962,0
medqa:test:1273:e2ddb5b135ae,Qwen3-8B,1.0,1.0,0.0,0.02999999999999997,0
medqa:test:231:c7f48815d6fe,Qwen3-8B,1.0,1.0,0.0,0.09000000000000002,0
medqa:test:1186:67107a7baf5a,NVIDIA-Nemotron-Nano-9B-v2,1.0,1.0,0.0,0.07,0
medqa:test:43:38adf48ecca6,NVIDIA-Nemotron-Nano-9B-v2,1.0,1.0,0.0,0.0,0
medqa:test:205:ed787f476cdc,NVIDIA-Nemotron-Nano-9B-v2,1.0,1.0,0.0,0.08000000000000002,0
medqa:test:1200:2163a09cccdc,Qwen3-8B,1.0,1.0,0.0,0.03999999999999998,0
medqa:test:332:b84c3897a12e,NVIDIA-Nemotron-Nano-9B-v2,1.0,1.0,0.0,0.08999999999999997,0
medqa:test:67:fe69fcc20b36,Qwen3-8B,1.0,1.0,0.0,0.07,0
medqa:test:111:6fd9a8f96e6c,Qwen3-8B,1.0,1.0,0.0,0.08999999999999997,0
medqa:test:431:98da358e78a0,Qwen3-8B,1.0,1.0,0.0,0.15000000000000002,0
medqa:test:443:e39e43b8204a,Qwen3-8B,1.0,1.0,0.0,0.0,0
medqa:test:238:1d8f91eb0735,Qwen3-8B,0.0,0.0,0.0,0.07,0
medqa:test:442:fb257a57d879,Qwen3-8B,1.0,1.0,0.0,0.07,0
medqa:test:82:38bc6eb38915,Qwen3-8B,0.0,1.0,1.0,0.08000000000000002,0
medqa:test:198:4a1f0a297d89,Qwen3-8B,1.0,1.0,0.0,0.04999999999999999,0
medqa:test:266:12336bc02f12,Qwen3-8B,0.0,0.0,0.0,0.12,0
medqa:test:1269:5ebf30282fd0,Qwen3-8B,1.0,1.0,0.0,0.0,0
medqa:test:786:77de17b8b810,Qwen3-8B,0.0,0.0,0.0,0.07,0
medqa:test:1175:4ac957ff3bac,Qwen3-8B,1.0,1.0,0.0,0.13,0
medqa:test:624:1ee908a3ea89,NVIDIA-Nemotron-Nano-9B-v2,1.0,1.0,0.0,0.06,0
medqa:test:753:6a424718f166,Qwen3-8B,1.0,1.0,0.0,0.040000000000000036,0
medqa:test:593:8981bb99e3a6,Qwen3-8B,0.0,1.0,1.0,0.06,0
medqa:test:713:75418f38d3a5,Qwen3-8B,1.0,1.0,0.0,0.019999999999999962,0
medqa:test:164:906268bb5164,Qwen3-8B,1.0,1.0,0.0,0.06,0
medqa:test:178:8bff41b73b18,Qwen3-8B,1.0,1.0,0.0,0.07,0
medqa:test:37:8262da512f90,Qwen3-8B,1.0,1.0,0.0,0.06,0
medqa:test:95:db8829f0d8e3,Qwen3-8B,1.0,1.0,0.0,0.09999999999999998,0
medqa:test:321:70cc99d4576f,Qwen3-8B,1.0,1.0,0.0,0.10999999999999999,0
medqa:test:284:d59db272a1d1,Qwen3-8B,1.0,1.0,0.0,0.08000000000000002,0
medqa:test:49:f3cb87d86adb,Qwen3-8B,1.0,1.0,0.0,0.040000000000000036,0
medqa:test:1089:2bd6a4102f45,Qwen3-8B,1.0,1.0,0.0,0.06,0
medqa:test:304:1bcee3c29161,Qwen3-8B,0.0,0.0,0.0,0.020000000000000018,0
medqa:test:1210:4018cc356bfb,Qwen3-8B,1.0,1.0,0.0,0.040000000000000036,0
medqa:test:653:aef28f2083e8,Qwen3-8B,1.0,1.0,0.0,0.15999999999999998,0
medqa:test:535:2d382d30d511,Qwen3-8B,1.0,1.0,0.0,0.16999999999999998,0
medqa:test:512:4892f6b0be96,Qwen3-8B,1.0,1.0,0.0,0.10000000000000003,0
medqa:test:124:33799c509077,Qwen3-8B,1.0,1.0,0.0,0.15999999999999998,0
medqa:test:687:3bd5a746de29,Qwen3-8B,1.0,1.0,0.0,0.16999999999999998,0
medqa:test:402:eeaa2d19985e,Qwen3-8B,0.0,1.0,1.0,0.06,0
medqa:test:651:96a78cc99a1b,NVIDIA-Nemotron-Nano-9B-v2,1.0,1.0,0.0,0.020000000000000018,0
medqa:test:947:7aea285dfa64,Qwen3-8B,1.0,1.0,0.0,0.09999999999999998,0
medqa:test:204:8a70b63b4c25,Qwen3-8B,0.0,1.0,1.0,0.08000000000000002,0
medqa:test:544:0d775470e8f6,Qwen3-8B,1.0,1.0,0.0,0.02999999999999997,0
medqa:test:48:f1d6a236562a,Qwen3-8B,1.0,1.0,0.0,0.07,0
medqa:test:743:5d87a8084b72,Qwen3-8B,1.0,1.0,0.0,0.02999999999999997,0
medqa:test:531:97931abb6b37,Qwen3-8B,1.0,1.0,0.0,0.13999999999999996,0
medqa:test:458:7611ad7c37f2,Qwen3-8B,1.0,1.0,0.0,0.04999999999999999,0
medqa:test:1002:c19f1f76d613,Qwen3-8B,1.0,1.0,0.0,0.08999999999999997,0
medqa:test:283:fb9a0486e1a5,Qwen3-8B,1.0,1.0,0.0,0.09999999999999998,0
medqa:test:921:9aa5899ceccb,Qwen3-8B,1.0,1.0,0.0,0.06,0
medqa:test:199:0bf5b14de4e5,NVIDIA-Nemotron-Nano-9B-v2,0.0,1.0,1.0,0.020000000000000018,0
medqa:test:1064:ce7aa429e762,Qwen3-8B,1.0,1.0,0.0,0.13999999999999999,0
medqa:test:399:371b1063eff2,Qwen3-8B,1.0,1.0,0.0,0.13999999999999999,0
medqa:test:161:c43886ae4662,Qwen3-8B,0.0,1.0,1.0,0.13,0
medqa:test:1096:e19f9e5288eb,Qwen3-8B,0.0,1.0,1.0,0.1,0
medqa:test:306:f00efc0a654c,NVIDIA-Nemotron-Nano-9B-v2,1.0,1.0,0.0,0.010000000000000009,0
medqa:test:421:bebf68e0f4a3,Qwen3-8B,1.0,1.0,0.0,0.06,0
medqa:test:518:9ee413b1f0ec,Qwen3-8B,1.0,1.0,0.0,0.13,0
medqa:test:1142:d69ac17e174f,Qwen3-8B,1.0,1.0,0.0,0.030000000000000027,0
medqa:test:350:0f6788ab2624,Qwen3-8B,1.0,1.0,0.0,0.09999999999999998,0
medqa:test:300:8c7ef9399ca8,Qwen3-8B,1.0,1.0,0.0,0.04999999999999999,0
medqa:test:658:96129d6931f2,Qwen3-8B,1.0,1.0,0.0,0.020000000000000018,0
medqa:test:557:6d9490d365b5,Qwen3-8B,1.0,1.0,0.0,0.08000000000000002,0
medqa:test:190:9dcaff75a067,Qwen3-8B,1.0,1.0,0.0,0.15,0
medqa:test:1213:ab47f8c1a27c,Qwen3-8B,1.0,1.0,0.0,0.03999999999999998,0
medqa:test:286:482f53f97e2b,Qwen3-8B,0.0,1.0,1.0,0.13999999999999996,0
medqa:test:1045:2d890fc57aea,Qwen3-8B,1.0,1.0,0.0,0.03999999999999998,0
medqa:test:1163:0263b432c239,Qwen3-8B,0.0,1.0,1.0,0.019999999999999962,0
medqa:test:1141:8f28abb18e76,Qwen3-8B,1.0,1.0,0.0,0.12999999999999998,0
medqa:test:1047:f4cc59d7816c,Qwen3-8B,1.0,1.0,0.0,0.12,0
medqa:test:382:3b46f8ab2c0d,Qwen3-8B,0.0,1.0,1.0,0.07999999999999996,0
medqa:test:1260:5e920ada3965,Qwen3-8B,1.0,1.0,0.0,0.14,0
medqa:test:701:5b90d3f0ce37,NVIDIA-Nemotron-Nano-9B-v2,1.0,1.0,0.0,0.03999999999999998,0
medqa:test:860:0942d35ff601,Qwen3-8B,1.0,1.0,0.0,0.14,0
medqa:test:146:816abcbb70bd,Qwen3-8B,0.0,1.0,1.0,0.09999999999999998,0
medqa:test:1270:1a27555a9451,Qwen3-8B,0.0,0.0,0.0,0.010000000000000009,0
medqa:test:627:0e90cc264c17,Qwen3-8B,1.0,1.0,0.0,0.02999999999999997,0
medqa:test:426:54bddb7814df,NVIDIA-Nemotron-Nano-9B-v2,1.0,1.0,0.0,0.0,0
medqa:test:144:bbaba5751124,Qwen3-8B,1.0,1.0,0.0,0.06999999999999995,0
medqa:test:696:016349479108,Qwen3-8B,1.0,1.0,0.0,0.15999999999999998,0
medqa:test:555:cfe9ffebe491,NVIDIA-Nemotron-Nano-9B-v2,0.0,1.0,1.0,0.040000000000000036,0
medqa:test:992:ce24c7a927ae,Qwen3-8B,1.0,1.0,0.0,0.030000000000000027,0
medqa:test:224:8e020400d629,Qwen3-8B,1.0,1.0,0.0,0.07,0
medqa:test:1109:f4858d692c2d,Qwen3-8B,1.0,1.0,0.0,0.09000000000000002,0
medqa:test:385:a46354f49a81,NVIDIA-Nemotron-Nano-9B-v2,1.0,1.0,0.0,0.030000000000000027,0
medqa:test:551:90b45728b070,Qwen3-8B,0.0,1.0,1.0,0.07,0
medqa:test:815:7cd3e9892d21,Qwen3-8B,1.0,1.0,0.0,0.010000000000000009,0
medqa:test:339:3f34e8c5f6b8,Qwen3-8B,0.0,1.0,1.0,0.08999999999999997,0
medqa:test:861:18842453d29d,Qwen3-8B,1.0,1.0,0.0,0.010000000000000009,0
medqa:test:854:c65a90c64559,Qwen3-8B,0.0,1.0,1.0,0.11000000000000004,0
medqa:test:817:1c4903f70d2b,Qwen3-8B,1.0,1.0,0.0,0.12,0
medqa:test:1026:5e284bde9e25,Qwen3-8B,1.0,1.0,0.0,0.06,0
medqa:test:320:9876092fd7b2,Qwen3-8B,1.0,1.0,0.0,0.12,0
medqa:test:1075:eb439555e49f,Qwen3-8B,1.0,1.0,0.0,0.12,0
medqa:test:132:513406501503,Qwen3-8B,1.0,1.0,0.0,0.10999999999999999,0
medqa:test:371:ec73152cbfbc,Qwen3-8B,1.0,1.0,0.0,0.07,0
medqa:test:379:00dddc1d94ff,Qwen3-8B,0.0,0.0,0.0,0.08000000000000002,0
medqa:test:1130:0f5cd5a67e65,Qwen3-8B,1.0,1.0,0.0,0.030000000000000027,0
medqa:test:928:f70ef93bc7eb,Qwen3-8B,1.0,1.0,0.0,0.04999999999999999,0
medqa:test:889:b9e48af98b60,Qwen3-8B,1.0,1.0,0.0,0.04999999999999999,0
medqa:test:719:3d4fa60d4bf7,Qwen3-8B,1.0,1.0,0.0,0.15000000000000002,0
medqa:test:729:1f6c9323f60e,Qwen3-8B,1.0,1.0,0.0,0.030000000000000027,0
medqa:test:1030:12113d82df5f,Qwen3-8B,1.0,1.0,0.0,0.08999999999999997,0
medqa:test:20:16a3190ec335,Qwen3-8B,0.0,1.0,1.0,0.06,0
medqa:test:582:f7e14388ca5a,NVIDIA-Nemotron-Nano-9B-v2,0.0,1.0,1.0,0.040000000000000036,0
medqa:test:397:187483715626,Qwen3-8B,1.0,1.0,0.0,0.09000000000000002,0
medqa:test:846:06280700c749,NVIDIA-Nemotron-Nano-9B-v2,1.0,1.0,0.0,0.0,0
medqa:test:671:8c9e63fea9b4,Qwen3-8B,0.0,1.0,1.0,0.10000000000000003,0
medqa:test:311:792ab3c8994a,Qwen3-8B,0.0,1.0,1.0,0.030000000000000027,0
medqa:test:212:40f79b5f7725,Qwen3-8B,1.0,1.0,0.0,0.12999999999999995,0
medqa:test:388:ec2218e02254,Qwen3-8B,1.0,1.0,0.0,0.04999999999999999,0
medqa:test:185:7b967815db22,Qwen3-8B,1.0,1.0,0.0,0.040000000000000036,0
medqa:test:1050:f7dae94fcb6c,NVIDIA-Nemotron-Nano-9B-v2,1.0,1.0,0.0,0.050000000000000044,0
medqa:test:1265:ba59633515df,Qwen3-8B,1.0,1.0,0.0,0.10000000000000003,0
medqa:test:201:26d337bce130,NVIDIA-Nemotron-Nano-9B-v2,1.0,1.0,0.0,0.02999999999999997,0
medqa:test:1201:1031d069ae2c,Qwen3-8B,1.0,1.0,0.0,0.07,0
medqa:test:289:4587dc2452b1,Qwen3-8B,1.0,1.0,0.0,0.08000000000000002,0
medqa:test:237:fbef70b61842,Qwen3-8B,1.0,1.0,0.0,0.12,0
medqa:test:1072:9b3a6863b73d,Qwen3-8B,1.0,1.0,0.0,0.16999999999999998,0
medqa:test:568:cef0eb9eb8c0,Qwen3-8B,1.0,1.0,0.0,0.030000000000000027,0
medqa:test:143:a26a50f78d63,Qwen3-8B,1.0,1.0,0.0,0.19,0
medqa:test:1010:da48d7ec26b6,Qwen3-8B,1.0,1.0,0.0,0.06,0
medqa:test:790:d911905c75fa,Qwen3-8B,1.0,1.0,0.0,0.08999999999999997,0
medqa:test:226:db080eececfd,Qwen3-8B,1.0,1.0,0.0,0.07,0
medqa:test:683:a4b49bb7742f,Qwen3-8B,1.0,1.0,0.0,0.020000000000000018,0
medqa:test:1156:7d267934e0cf,Qwen3-8B,1.0,1.0,0.0,0.010000000000000009,0
medqa:test:997:2618369130cd,NVIDIA-Nemotron-Nano-9B-v2,1.0,1.0,0.0,0.07,0
medqa:test:957:6a6fb1ffbfe0,Qwen3-8B,1.0,1.0,0.0,0.03999999999999998,0
medqa:test:989:6019615ed0d6,NVIDIA-Nemotron-Nano-9B-v2,0.0,1.0,1.0,0.0,0
medqa:test:847:44f7be44e384,Qwen3-8B,1.0,1.0,0.0,0.10999999999999999,0
medqa:test:527:ff60eb50a5d2,Qwen3-8B,0.0,1.0,1.0,0.06,0
medqa:test:580:86914596bc50,NVIDIA-Nemotron-Nano-9B-v2,0.0,1.0,1.0,0.020000000000000018,0
medqa:test:169:65b3c793f0db,Qwen3-8B,1.0,1.0,0.0,0.04999999999999999,0
medqa:test:340:1e37f81dcf37,Qwen3-8B,1.0,1.0,0.0,0.08999999999999997,0
medqa:test:86:186c7ce22a4a,Qwen3-8B,1.0,1.0,0.0,0.09999999999999998,0
medqa:test:857:3105cbc0d190,NVIDIA-Nemotron-Nano-9B-v2,0.0,1.0,1.0,0.030000000000000027,0
medqa:test:369:a8225b49323e,Qwen3-8B,1.0,1.0,0.0,0.030000000000000027,0
medqa:test:1136:53c04a8ef0b2,Qwen3-8B,0.0,1.0,1.0,0.04999999999999999,0
medqa:test:960:a9abcf3695f3,Qwen3-8B,1.0,1.0,0.0,0.15000000000000002,0
medqa:test:522:2adfd22f28e0,Qwen3-8B,1.0,1.0,0.0,0.07,0
medqa:test:492:0f24cb04434d,Qwen3-8B,1.0,1.0,0.0,0.020000000000000018,0
medqa:test:1032:bd6e7d807c4e,Qwen3-8B,1.0,1.0,0.0,0.02999999999999997,0
medqa:test:884:97310bd25bac,Qwen3-8B,1.0,1.0,0.0,0.09000000000000002,0
medqa:test:323:c01d3ca61ec2,Qwen3-8B,1.0,1.0,0.0,0.10999999999999999,0
medqa:test:1131:7cbf2639005a,Qwen3-8B,1.0,1.0,0.0,0.15000000000000002,0
medqa:test:924:cfbd9fd4b0dc,NVIDIA-Nemotron-Nano-9B-v2,1.0,1.0,0.0,0.010000000000000009,0
medqa:test:718:2c8f10fd25fa,Qwen3-8B,1.0,1.0,0.0,0.07999999999999996,0
medqa:test:390:399d6d665894,Qwen3-8B,1.0,1.0,0.0,0.08999999999999997,0
medqa:test:120:ed870cd5d8b3,Qwen3-8B,1.0,1.0,0.0,0.12,0
medqa:test:101:549c9061646b,Qwen3-8B,1.0,1.0,0.0,0.020000000000000018,0
medqa:test:490:44502c8d834a,Qwen3-8B,1.0,1.0,0.0,0.08000000000000002,0
medqa:test:537:933e9df331cc,Qwen3-8B,1.0,1.0,0.0,0.020000000000000018,0
medqa:test:750:327d82aff827,Qwen3-8B,1.0,1.0,0.0,0.15000000000000002,0
medqa:test:404:c37c53c6297a,Qwen3-8B,1.0,1.0,0.0,0.020000000000000018,0
medqa:test:959:b22d8a1d71e6,Qwen3-8B,1.0,1.0,0.0,0.10999999999999999,0
medqa:test:474:a52f40a7dbb3,Qwen3-8B,1.0,1.0,0.0,0.06,0
medqa:test:590:868b5e621103,Qwen3-8B,1.0,1.0,0.0,0.09000000000000002,0
medqa:test:623:e19127e6a640,Qwen3-8B,1.0,1.0,0.0,0.040000000000000036,0
medqa:test:530:1f548453927e,Qwen3-8B,1.0,1.0,0.0,0.19,0
medqa:test:668:b17395238761,Qwen3-8B,1.0,1.0,0.0,0.10999999999999999,0
medqa:test:39:90e3fba26483,Qwen3-8B,1.0,1.0,0.0,0.08999999999999997,0
medqa:test:272:f57814acd49d,Qwen3-8B,0.0,1.0,1.0,0.03999999999999998,0
medqa:test:914:4130b15010a0,NVIDIA-Nemotron-Nano-9B-v2,0.0,1.0,1.0,0.010000000000000009,0
medqa:test:263:59135db4c16a,Qwen3-8B,1.0,1.0,0.0,0.06,0
medqa:test:1039:689e17abcbc2,Qwen3-8B,1.0,1.0,0.0,0.07,0
medqa:test:415:297644af2601,Qwen3-8B,1.0,1.0,0.0,0.18999999999999997,0
medqa:test:356:98ba9719c192,Qwen3-8B,0.0,1.0,1.0,0.13,0
medqa:test:110:d8b8278b102e,Qwen3-8B,0.0,1.0,1.0,0.040000000000000036,0
medqa:test:80:9b4ae93280d4,Qwen3-8B,1.0,1.0,0.0,0.07,0
medqa:test:1268:db4f10813153,Qwen3-8B,1.0,1.0,0.0,0.06,0
medqa:test:467:ee54c0c2d9f3,Qwen3-8B,1.0,1.0,0.0,0.020000000000000018,0
medqa:test:5:3bdd43fe2100,Qwen3-8B,1.0,1.0,0.0,0.08000000000000002,0
medqa:test:372:59177382db99,Qwen3-8B,0.0,1.0,1.0,0.040000000000000036,0
medqa:test:604:633937c27314,Qwen3-8B,1.0,1.0,0.0,0.14999999999999997,0
medqa:test:509:959fc96e8135,Qwen3-8B,0.0,1.0,1.0,0.04999999999999999,0
medqa:test:1204:0bfc0b07ef5e,NVIDIA-Nemotron-Nano-9B-v2,1.0,1.0,0.0,0.0,0
meld:test:585:be28831b5614,Qwen3-8B,1.0,1.0,0.0,0.19999999999999998,0
meld:test:267:9931e6ddaa4c,Qwen3-8B,1.0,1.0,0.0,0.19999999999999998,0
meld:test:40:338ffd90f003,Qwen3-8B,1.0,1.0,0.0,0.20999999999999996,0
meld:test:863:2ca1da848f8b,Qwen3-8B,1.0,1.0,0.0,0.19,0
meld:test:26:54e0c5405e66,Qwen3-8B,1.0,1.0,0.0,0.16999999999999998,0
meld:test:600:3da472c7216c,Qwen3-8B,0.0,0.0,0.0,0.32,0
meld:test:846:3c589add4d92,Qwen3-8B,0.0,1.0,1.0,0.19,0
meld:test:223:03d119911041,Qwen3-8B,1.0,1.0,0.0,0.18000000000000002,0
meld:test:778:c20fea79c3a0,Qwen3-8B,0.0,1.0,1.0,0.13999999999999999,0
meld:test:1081:e44889174137,Qwen3-8B,0.0,1.0,1.0,0.28,0
meld:test:1037:68b38f2239a7,Qwen3-8B,1.0,1.0,0.0,0.22999999999999998,0
meld:test:301:60f952bfa507,Qwen3-8B,1.0,1.0,0.0,0.24,0
meld:test:866:160d5cf2e140,Qwen3-8B,1.0,1.0,0.0,0.28,0
meld:test:835:5079c933927d,Qwen3-8B,1.0,1.0,0.0,0.19,0
meld:test:147:2013d6fc8a97,Qwen3-8B,1.0,1.0,0.0,0.24,0
meld:test:415:8ed54f972678,Qwen3-8B,1.0,1.0,0.0,0.20999999999999996,0
meld:test:154:2ecfe9d79416,Qwen3-8B,0.0,1.0,1.0,0.21000000000000002,0
meld:test:653:00c58b29871b,Qwen3-8B,1.0,1.0,0.0,0.12000000000000002,0
meld:test:528:3d12c2f29cf3,Qwen3-8B,1.0,1.0,0.0,0.22000000000000003,0
meld:test:168:796aa72f20a4,Qwen3-8B,1.0,1.0,0.0,0.26,0
meld:test:548:c31d2ae55af4,Qwen3-8B,1.0,1.0,0.0,0.18000000000000002,0
meld:test:584:382622524351,Qwen3-8B,1.0,1.0,0.0,0.18,0
meld:test:671:289706b7db0f,Qwen3-8B,1.0,1.0,0.0,0.2,0
meld:test:697:0298094ecbd8,Qwen3-8B,0.0,1.0,1.0,0.19,0
meld:test:243:c6b0ca88c8dd,Qwen3-8B,0.0,1.0,1.0,0.22999999999999998,0
meld:test:1126:21112b757011,Qwen3-8B,0.0,1.0,1.0,0.2,0
meld:test:475:535f04381b4f,Qwen3-8B,1.0,1.0,0.0,0.2,0
meld:test:1049:12b4a84a4a17,Qwen3-8B,0.0,0.0,0.0,0.18000000000000002,0
meld:test:13:867c28bfe970,Qwen3-8B,1.0,1.0,0.0,0.21999999999999997,0
meld:test:190:6ec40280e172,Qwen3-8B,0.0,1.0,1.0,0.20999999999999996,0
meld:test:300:92af59dae341,Qwen3-8B,0.0,0.0,0.0,0.15,0
meld:test:1070:32dba2f65f8e,Qwen3-8B,0.0,1.0,1.0,0.22000000000000003,0
meld:test:849:9b7e0d84b863,Qwen3-8B,1.0,1.0,0.0,0.19999999999999996,0
meld:test:124:c355e1fb45a1,Qwen3-8B,0.0,0.0,0.0,0.24,0
meld:test:414:fe5a9bc54f50,Qwen3-8B,0.0,0.0,0.0,0.2,0
meld:test:911:0470d4ce5a77,Qwen3-8B,1.0,1.0,0.0,0.27999999999999997,0
meld:test:186:29b748f1fa10,Qwen3-8B,0.0,1.0,1.0,0.22000000000000003,0
meld:test:459:7c2e541b88ed,Qwen3-8B,0.0,1.0,1.0,0.19,0
meld:test:400:a468fad0417f,Qwen3-8B,1.0,1.0,0.0,0.19,0
meld:test:315:5f135538b205,Qwen3-8B,1.0,1.0,0.0,0.25,0
meld:test:1150:7715d1610625,Qwen3-8B,0.0,1.0,1.0,0.21999999999999997,0
meld:test:270:ac1144cb1b44,Qwen3-8B,1.0,1.0,0.0,0.22000000000000003,0
meld:test:500:f2e4ee7b383c,Qwen3-8B,0.0,1.0,1.0,0.22000000000000003,0
meld:test:868:c17be7ad3f77,Qwen3-8B,1.0,1.0,0.0,0.2,0
meld:test:19:aded8a4c8745,Qwen3-8B,0.0,1.0,1.0,0.19,0
meld:test:178:ed84eb9f7ab5,Qwen3-8B,0.0,0.0,0.0,0.22000000000000003,0
meld:test:748:b0e5a0cf0fc0,Qwen3-8B,0.0,1.0,1.0,0.16,0
meld:test:466:18db94b53cb2,Qwen3-8B,1.0,1.0,0.0,0.24,0
meld:test:146:2cb88ea9cbe4,Qwen3-8B,1.0,1.0,0.0,0.13999999999999999,0
meld:test:201:3ad442062204,Qwen3-8B,1.0,1.0,0.0,0.21999999999999997,0
meld:test:946:545c0c126dc1,Qwen3-8B,0.0,1.0,1.0,0.18,0
meld:test:631:492012369385,Qwen3-8B,0.0,0.0,0.0,0.21999999999999997,0
meld:test:675:2c3cefb03cbd,Qwen3-8B,1.0,1.0,0.0,0.24,0
meld:test:48:04cb954310da,Qwen3-8B,1.0,1.0,0.0,0.16,0
meld:test:200:f0bee167991b,Qwen3-8B,0.0,1.0,1.0,0.20999999999999996,0
meld:test:34:f108c0cfa411,Qwen3-8B,1.0,1.0,0.0,0.23,0
meld:test:572:10a852d7240f,Qwen3-8B,1.0,1.0,0.0,0.21000000000000002,0
meld:test:612:fc0c5b4d8443,Qwen3-8B,0.0,1.0,1.0,0.24,0
meld:test:290:0ac156cac620,Qwen3-8B,1.0,1.0,0.0,0.13999999999999999,0
meld:test:74:9b5ee25ba767,Qwen3-8B,1.0,1.0,0.0,0.22999999999999998,0
meld:test:405:481420a6db4a,Qwen3-8B,1.0,1.0,0.0,0.19000000000000003,0
meld:test:677:95bc3314e09f,Qwen3-8B,0.0,1.0,1.0,0.25,0
meld:test:1186:6c09e1a12ddf,Qwen3-8B,0.0,1.0,1.0,0.2,0
meld:test:815:a9a9bec79ce9,Qwen3-8B,0.0,1.0,1.0,0.22999999999999998,0
meld:test:1010:994928af9af1,Qwen3-8B,0.0,1.0,1.0,0.19,0
meld:test:926:8bd22cf3beb4,Qwen3-8B,1.0,1.0,0.0,0.21000000000000002,0
meld:test:767:8234f2d65df9,Qwen3-8B,0.0,0.0,0.0,0.25,0
meld:test:1181:5315a7fc1664,Qwen3-8B,0.0,0.0,0.0,0.20999999999999996,0
meld:test:487:afa215db3b6b,Qwen3-8B,0.0,0.0,0.0,0.26,0
meld:test:1023:46994356ce63,Qwen3-8B,0.0,0.0,0.0,0.17,0
meld:test:445:57ddde49a59a,Qwen3-8B,1.0,1.0,0.0,0.18,0
meld:test:192:f742c2a50922,Qwen3-8B,0.0,0.0,0.0,0.21999999999999997,0
meld:test:910:a4a6c1f67336,Qwen3-8B,0.0,1.0,1.0,0.21999999999999997,0
meld:test:924:f55e28acb41a,Qwen3-8B,1.0,1.0,0.0,0.20999999999999996,0
meld:test:141:8fbd69d4a43d,Qwen3-8B,0.0,0.0,0.0,0.28,0
meld:test:927:548320c4cb31,Qwen3-8B,1.0,1.0,0.0,0.25,0
meld:test:971:3242c3ee0cb0,Qwen3-8B,1.0,1.0,0.0,0.22999999999999998,0
meld:test:1172:7d7b1a4eb149,Qwen3-8B,1.0,1.0,0.0,0.18,0
meld:test:974:9933b255c51f,Qwen3-8B,1.0,1.0,0.0,0.25,0
meld:test:211:81d196198fa8,Qwen3-8B,0.0,1.0,1.0,0.18000000000000002,0
meld:test:674:e84b0df32774,Qwen3-8B,0.0,1.0,1.0,0.19999999999999996,0
meld:test:977:c6050e5cad18,Qwen3-8B,1.0,1.0,0.0,0.22999999999999998,0
meld:test:618:faff7f7fb97b,Qwen3-8B,1.0,1.0,0.0,0.27,0
meld:test:872:697035d1328e,Qwen3-8B,0.0,0.0,0.0,0.18,0
meld:test:218:863bbd0df5e4,Qwen3-8B,0.0,0.0,0.0,0.24,0
meld:test:157:8d2f128c5c14,Qwen3-8B,1.0,1.0,0.0,0.25,0
meld:test:747:20a58c578b27,Qwen3-8B,0.0,0.0,0.0,0.25,0
meld:test:909:afb6a64ea34a,Qwen3-8B,1.0,1.0,0.0,0.22999999999999998,0
meld:test:493:1e3d70590101,Qwen3-8B,1.0,1.0,0.0,0.24,0
meld:test:884:6b60dd1e47fb,Qwen3-8B,1.0,1.0,0.0,0.16999999999999998,0
meld:test:689:6474ea6643b4,Qwen3-8B,1.0,1.0,0.0,0.3,0
meld:test:564:959dd85ecb25,Qwen3-8B,0.0,1.0,1.0,0.22000000000000003,0
meld:test:828:463ec9f336cb,Qwen3-8B,0.0,1.0,1.0,0.22999999999999998,0
meld:test:304:6c78526052c6,Qwen3-8B,1.0,1.0,0.0,0.21000000000000002,0
meld:test:624:fb75c9433cd9,Qwen3-8B,1.0,1.0,0.0,0.25,0
meld:test:579:568b6bcb5703,Qwen3-8B,0.0,1.0,1.0,0.22999999999999998,0
meld:test:921:fb5d9f2c42a7,Qwen3-8B,1.0,1.0,0.0,0.18000000000000002,0
meld:test:58:d9267d21c3b8,Qwen3-8B,1.0,1.0,0.0,0.14999999999999997,0
meld:test:451:9e65cf22ea7b,Qwen3-8B,1.0,1.0,0.0,0.19000000000000003,0
meld:test:951:7d4de6ff3a8e,Qwen3-8B,1.0,1.0,0.0,0.19,0
meld:test:160:83a9c1bb25dd,Qwen3-8B,0.0,1.0,1.0,0.18000000000000002,0
meld:test:129:84277c417b32,Qwen3-8B,1.0,1.0,0.0,0.22999999999999998,0
meld:test:522:3afe67d93ab8,Qwen3-8B,0.0,0.0,0.0,0.26,0
meld:test:560:e610c1674f9b,Qwen3-8B,1.0,1.0,0.0,0.24,0
meld:test:357:cbeaeafec830,Qwen3-8B,1.0,1.0,0.0,0.18,0
meld:test:1112:02c2e620b364,Qwen3-8B,0.0,0.0,0.0,0.22999999999999998,0
meld:test:1105:99357e1df7f0,Qwen3-8B,1.0,1.0,0.0,0.25,0
meld:test:711:7c205a1e71a3,Qwen3-8B,0.0,1.0,1.0,0.23000000000000004,0
meld:test:1135:39e3b4b89268,Qwen3-8B,1.0,1.0,0.0,0.24,0
meld:test:898:2eeeef9e2b53,Qwen3-8B,1.0,1.0,0.0,0.26,0
meld:test:320:26643ef37264,Qwen3-8B,1.0,1.0,0.0,0.19,0
meld:test:348:68b4ef8aa9d8,Qwen3-8B,1.0,1.0,0.0,0.21000000000000002,0
meld:test:115:e6581b00a0d7,Qwen3-8B,1.0,1.0,0.0,0.22000000000000003,0
meld:test:377:74700452b006,Qwen3-8B,1.0,1.0,0.0,0.25,0
meld:test:634:27e5002a7f32,Qwen3-8B,0.0,1.0,1.0,0.25,0
meld:test:1073:cccac4cf63d1,Qwen3-8B,0.0,0.0,0.0,0.25,0
meld:test:149:75e5410452be,Qwen3-8B,1.0,1.0,0.0,0.22999999999999998,0
meld:test:403:1074afc453d6,Qwen3-8B,1.0,1.0,0.0,0.2,0
meld:test:692:ca1cbb6d9b76,Qwen3-8B,1.0,1.0,0.0,0.18999999999999997,0
meld:test:511:b810593518c2,Qwen3-8B,1.0,1.0,0.0,0.19,0
meld:test:35:1ff285094fd1,Qwen3-8B,1.0,1.0,0.0,0.24000000000000002,0
meld:test:1091:cb3936f621a1,Qwen3-8B,0.0,0.0,0.0,0.21000000000000002,0
meld:test:1134:2531ad78bd29,Qwen3-8B,1.0,1.0,0.0,0.16999999999999998,0
meld:test:1086:fbdeea2ca8e2,Qwen3-8B,1.0,1.0,0.0,0.16999999999999998,0
meld:test:897:080275155036,Qwen3-8B,1.0,1.0,0.0,0.22999999999999998,0
meld:test:593:b5692fc3737d,Qwen3-8B,1.0,1.0,0.0,0.26,0
meld:test:354:ecd9c9849c64,Qwen3-8B,1.0,1.0,0.0,0.22000000000000003,0
meld:test:1041:8d1b00850e86,Qwen3-8B,1.0,1.0,0.0,0.25,0
meld:test:113:d3041af57777,Qwen3-8B,1.0,1.0,0.0,0.19,0
meld:test:100:b4a39af922fb,Qwen3-8B,0.0,1.0,1.0,0.25,0
meld:test:167:2a4063bd3ce9,Qwen3-8B,0.0,1.0,1.0,0.20000000000000004,0
meld:test:401:0d75aa28a36e,Qwen3-8B,0.0,0.0,0.0,0.26,0
meld:test:945:f52fece57d23,Qwen3-8B,1.0,1.0,0.0,0.21999999999999997,0
meld:test:730:59ed52bf9c13,Qwen3-8B,0.0,1.0,1.0,0.31,0
meld:test:213:e7a7552ec9b0,Qwen3-8B,1.0,1.0,0.0,0.25,0
meld:test:1095:f4bac9d897bc,Qwen3-8B,0.0,1.0,1.0,0.18,0
meld:test:632:e117d66fe047,Qwen3-8B,1.0,1.0,0.0,0.18000000000000002,0
meld:test:967:64ee45fdd99f,Qwen3-8B,0.0,0.0,0.0,0.20999999999999996,0
meld:test:285:0b36374ff7c0,Qwen3-8B,1.0,1.0,0.0,0.27,0
meld:test:1152:7b671b3c234f,Qwen3-8B,1.0,1.0,0.0,0.22000000000000003,0
meld:test:53:3dda2e4f4f6d,Qwen3-8B,1.0,1.0,0.0,0.29000000000000004,0
meld:test:33:815e0ac4d937,Qwen3-8B,1.0,1.0,0.0,0.18000000000000002,0
meld:test:1015:9167eec0ac60,Qwen3-8B,1.0,1.0,0.0,0.2,0
meld:test:1200:63aaa27bf330,Qwen3-8B,1.0,1.0,0.0,0.25,0
meld:test:6:611299f847cd,Qwen3-8B,1.0,1.0,0.0,0.25,0
meld:test:1087:8339256f29a1,Qwen3-8B,0.0,0.0,0.0,0.2,0
meld:test:1231:6e9fca93cc03,Qwen3-8B,1.0,1.0,0.0,0.26,0
meld:test:11:8f0a25af3b73,Qwen3-8B,0.0,1.0,1.0,0.20999999999999996,0
meld:test:603:bd1833eb1dd8,Qwen3-8B,0.0,1.0,1.0,0.18,0
meld:test:1156:c115d554329e,Qwen3-8B,0.0,0.0,0.0,0.20999999999999996,0
meld:test:854:dc11e2d06e3f,Qwen3-8B,1.0,1.0,0.0,0.21000000000000002,0
meld:test:1080:189eb387bf45,Qwen3-8B,0.0,1.0,1.0,0.26,0
meld:test:753:fb511adb1850,Qwen3-8B,0.0,1.0,1.0,0.27999999999999997,0
meld:test:171:19da824fecbc,Qwen3-8B,0.0,0.0,0.0,0.17,0
meld:test:2:b24065279014,Qwen3-8B,1.0,1.0,0.0,0.2,0
meld:test:289:e989e77e7435,Qwen3-8B,0.0,1.0,1.0,0.22000000000000003,0
meld:test:558:44965d6ac91d,Qwen3-8B,1.0,1.0,0.0,0.26,0
meld:test:838:8eebd4b525ac,Qwen3-8B,1.0,1.0,0.0,0.19,0
meld:test:365:7306f2831d47,Qwen3-8B,1.0,1.0,0.0,0.26,0
meld:test:641:cd8d1a65b266,Qwen3-8B,0.0,1.0,1.0,0.22999999999999998,0
meld:test:411:511ed664395e,Qwen3-8B,1.0,1.0,0.0,0.17,0
meld:test:1084:b65583026bd6,Qwen3-8B,0.0,1.0,1.0,0.22999999999999998,0
meld:test:916:26af88e1844e,Qwen3-8B,1.0,1.0,0.0,0.2,0
meld:test:1153:d2213eaf8711,Qwen3-8B,0.0,1.0,1.0,0.25,0
meld:test:116:d1205ea8d8fc,Qwen3-8B,1.0,1.0,0.0,0.24,0
meld:test:1137:3c1cf0328694,Qwen3-8B,1.0,1.0,0.0,0.24,0
meld:test:20:b4c0dcc73702,Qwen3-8B,0.0,1.0,1.0,0.20999999999999996,0
meld:test:832:0e631ab1739a,Qwen3-8B,1.0,1.0,0.0,0.22000000000000003,0
meld:test:719:bd45e93fdde0,Qwen3-8B,1.0,1.0,0.0,0.22999999999999998,0
meld:test:538:0c8fb22f521d,Qwen3-8B,0.0,1.0,1.0,0.20999999999999996,0
meld:test:704:35834ee3d088,Qwen3-8B,1.0,1.0,0.0,0.27999999999999997,0
meld:test:30:46cb5524d7b2,Qwen3-8B,1.0,1.0,0.0,0.21000000000000002,0
meld:test:66:2fff81cdffb3,Qwen3-8B,0.0,1.0,1.0,0.16999999999999998,0
meld:test:669:87c0d03cc024,Qwen3-8B,1.0,1.0,0.0,0.21999999999999997,0
meld:test:566:61c7eca22063,Qwen3-8B,0.0,1.0,1.0,0.21000000000000002,0
meld:test:9:c04161ccc976,Qwen3-8B,1.0,1.0,0.0,0.27,0
meld:test:93:3c353055e76f,Qwen3-8B,0.0,1.0,1.0,0.17,0
meld:test:183:dc70d7cfcd5d,Qwen3-8B,1.0,1.0,0.0,0.2,0
meld:test:563:aea231a6b112,Qwen3-8B,0.0,1.0,1.0,0.19000000000000003,0
meld:test:892:504fc55a6c9c,Qwen3-8B,1.0,1.0,0.0,0.20999999999999996,0
meld:test:966:2126c6404f96,Qwen3-8B,1.0,1.0,0.0,0.13999999999999999,0
meld:test:1113:ad6e4623314a,Qwen3-8B,0.0,1.0,1.0,0.19999999999999996,0
meld:test:673:b0204ffb8d56,Qwen3-8B,0.0,1.0,1.0,0.12999999999999998,0
meld:test:381:4e59624a207b,Qwen3-8B,1.0,1.0,0.0,0.15,0
meld:test:142:ab2c84c3af8f,Qwen3-8B,0.0,1.0,1.0,0.2,0
meld:test:591:93b93709f18e,Qwen3-8B,1.0,1.0,0.0,0.19,0
meld:test:722:564b78ee41ca,Qwen3-8B,0.0,0.0,0.0,0.2,0
meld:test:680:045cbd3c6550,Qwen3-8B,1.0,1.0,0.0,0.30000000000000004,0
meld:test:557:9563e217ab95,Qwen3-8B,0.0,1.0,1.0,0.28,0
meld:test:1160:268b8ad3a4a3,Qwen3-8B,1.0,1.0,0.0,0.25,0
meld:test:29:9031fad144c9,Qwen3-8B,1.0,1.0,0.0,0.27,0
meld:test:656:687a345cbeba,Qwen3-8B,0.0,0.0,0.0,0.21,0
meld:test:251:88f200ac9c89,Qwen3-8B,0.0,0.0,0.0,0.28,0
meld:test:380:eb34b6d3b9f3,Qwen3-8B,0.0,1.0,1.0,0.16999999999999998,0
meld:test:1005:0c554f27f46f,Qwen3-8B,1.0,1.0,0.0,0.19,0
meld:test:1170:05e40e021af3,Qwen3-8B,0.0,1.0,1.0,0.21999999999999997,0
meld:test:204:850702c1ed18,Qwen3-8B,0.0,1.0,1.0,0.2,0
meld:test:937:d3f0ca4a1395,Qwen3-8B,1.0,1.0,0.0,0.31999999999999995,0
meld:test:413:aca8cad60cc7,Qwen3-8B,1.0,1.0,0.0,0.24,0
meld:test:238:1317857c7e28,Qwen3-8B,1.0,1.0,0.0,0.22999999999999998,0
meld:test:1036:6a757e156110,Qwen3-8B,1.0,1.0,0.0,0.17999999999999997,0
meld:test:89:60606b5464a2,Qwen3-8B,1.0,1.0,0.0,0.20999999999999996,0
meld:test:963:5564a41b5a9f,Qwen3-8B,0.0,0.0,0.0,0.22000000000000003,0
meld:test:1219:304adcf9cac3,Qwen3-8B,1.0,1.0,0.0,0.19,0
meld:test:1088:6a506831e112,Qwen3-8B,0.0,1.0,1.0,0.2,0
meld:test:1025:4ee62c0d0f11,Qwen3-8B,0.0,1.0,1.0,0.22000000000000003,0
meld:test:981:abf28d980e21,Qwen3-8B,0.0,0.0,0.0,0.26,0
meld:test:1208:2b91df373913,Qwen3-8B,1.0,1.0,0.0,0.27,0
meld:test:296:891c694c8b88,Qwen3-8B,0.0,1.0,1.0,0.22999999999999998,0
meld:test:1114:b09e18f30b48,Qwen3-8B,1.0,1.0,0.0,0.25,0
meld:test:779:f5a8c500e261,Qwen3-8B,1.0,1.0,0.0,0.22000000000000003,0
meld:test:181:f969c506fbf9,Qwen3-8B,1.0,1.0,0.0,0.2,0
meld:test:480:bb572467bdab,Qwen3-8B,0.0,1.0,1.0,0.22999999999999998,0
meld:test:851:c7cbc33d3457,Qwen3-8B,1.0,1.0,0.0,0.27,0
meld:test:1165:40704503e7f3,Qwen3-8B,0.0,1.0,1.0,0.16,0
meld:test:825:114a98d2b1a8,Qwen3-8B,0.0,0.0,0.0,0.21000000000000002,0
meld:test:336:3cdae69cc26a,Qwen3-8B,0.0,0.0,0.0,0.21999999999999997,0
meld:test:1177:7f765efa2971,Qwen3-8B,1.0,1.0,0.0,0.22000000000000003,0
meld:test:1211:fcfba1ab8da6,Qwen3-8B,1.0,1.0,0.0,0.28,0
meld:test:774:99f8487ecec6,Qwen3-8B,0.0,0.0,0.0,0.29000000000000004,0
meld:test:1206:4880e2fc5068,Qwen3-8B,1.0,1.0,0.0,0.15999999999999998,0
meld:test:464:81b8663fafd1,Qwen3-8B,0.0,1.0,1.0,0.25,0
meld:test:1228:98c702bc9716,Qwen3-8B,0.0,0.0,0.0,0.21999999999999997,0
meld:test:268:03d2f4eeef54,Qwen3-8B,1.0,1.0,0.0,0.24,0
meld:test:1046:c205dc14fb8e,Qwen3-8B,1.0,1.0,0.0,0.21999999999999997,0
meld:test:1225:1bc0a0fa2699,Qwen3-8B,0.0,1.0,1.0,0.27999999999999997,0
meld:test:112:1044b39c43ec,Qwen3-8B,1.0,1.0,0.0,0.16999999999999998,0
meld:test:853:d29ea80e5935,Qwen3-8B,0.0,1.0,1.0,0.27,0
meld:test:245:44d31624d024,Qwen3-8B,1.0,1.0,0.0,0.19,0
meld:test:870:a25a192906e4,Qwen3-8B,0.0,1.0,1.0,0.18,0
meld:test:137:86d6b9ddbfac,Qwen3-8B,1.0,1.0,0.0,0.18,0
meld:test:693:6a5e586c00da,Qwen3-8B,0.0,1.0,1.0,0.14,0
meld:test:1076:26f2e41ff201,Qwen3-8B,1.0,1.0,0.0,0.19,0
meld:test:450:8f1b77d6783f,Qwen3-8B,1.0,1.0,0.0,0.24,0
meld:test:812:4bd85535d4a3,Qwen3-8B,1.0,1.0,0.0,0.19,0
meld:test:452:87cf0a9d1c8e,Qwen3-8B,0.0,1.0,1.0,0.26,0
meld:test:15:bbaf0a1e2970,Qwen3-8B,1.0,1.0,0.0,0.22999999999999998,0
meld:test:878:baf90278793e,Qwen3-8B,0.0,1.0,1.0,0.25,0
meld:test:198:bfb319a5318b,Qwen3-8B,1.0,1.0,0.0,0.19,0
meld:test:950:2d7b76708950,Qwen3-8B,0.0,1.0,1.0,0.22000000000000003,0
meld:test:735:535f8c192169,Qwen3-8B,1.0,1.0,0.0,0.21999999999999997,0
meld:test:327:ebedab8e33d0,Qwen3-8B,1.0,1.0,0.0,0.22000000000000003,0
meld:test:645:2a6253e2540f,Qwen3-8B,1.0,1.0,0.0,0.18,0
meld:test:769:38a30617e040,Qwen3-8B,1.0,1.0,0.0,0.25,0
meld:test:745:dbf846299dce,Qwen3-8B,0.0,1.0,1.0,0.15999999999999998,0
meld:test:286:c55a29c1c08c,Qwen3-8B,0.0,1.0,1.0,0.21999999999999997,0
meld:test:88:c419a8fb6b1f,Qwen3-8B,0.0,1.0,1.0,0.22999999999999998,0
mmlupro:test_1000:429:39d58551cbed,NVIDIA-Nemotron-Nano-9B-v2,1.0,1.0,0.0,0.06,0
mmlupro:test_1000:597:46e7276b48b8,Qwen3-8B,1.0,1.0,0.0,0.040000000000000036,0
mmlupro:test_1000:284:7f1733b53d76,Qwen3-8B,1.0,1.0,0.0,0.09000000000000002,0
mmlupro:test_1000:146:d2105b259235,Qwen3-8B,1.0,1.0,0.0,0.02999999999999997,0
mmlupro:test_1000:71:128d3e3a956a,NVIDIA-Nemotron-Nano-9B-v2,0.0,1.0,1.0,0.020000000000000018,0
mmlupro:test_1000:729:e04a163818c8,NVIDIA-Nemotron-Nano-9B-v2,1.0,1.0,0.0,0.09999999999999998,0
mmlupro:test_1000:503:cf7bcd54bc4b,Qwen3-8B,1.0,1.0,0.0,0.07999999999999996,0
mmlupro:test_1000:33:91cb09113db6,Qwen3-8B,1.0,1.0,0.0,0.010000000000000009,0
mmlupro:test_1000:664:6389f4ab988b,Qwen3-8B,1.0,1.0,0.0,0.15999999999999998,0
mmlupro:test_1000:208:8c5228312fc5,Qwen3-8B,0.0,1.0,1.0,0.009999999999999981,0
mmlupro:test_1000:149:70bd5a76218b,NVIDIA-Nemotron-Nano-9B-v2,1.0,1.0,0.0,0.020000000000000018,0
mmlupro:test_1000:675:30b5f46310ba,Qwen3-8B,1.0,1.0,0.0,0.08000000000000002,0
mmlupro:test_1000:848:471f22e22f00,Qwen3-8B,1.0,1.0,0.0,0.13,0
mmlupro:test_1000:315:a38e2f64bc5f,Qwen3-8B,0.0,1.0,1.0,0.0,0
mmlupro:test_1000:53:0a275895aabd,NVIDIA-Nemotron-Nano-9B-v2,0.0,1.0,1.0,0.009999999999999953,0
mmlupro:test_1000:700:943a1cb09026,NVIDIA-Nemotron-Nano-9B-v2,1.0,1.0,0.0,0.06,0
mmlupro:test_1000:504:02044283016a,Qwen3-8B,1.0,1.0,0.0,0.07,0
mmlupro:test_1000:909:bf7e359caccf,NVIDIA-Nemotron-Nano-9B-v2,0.0,1.0,1.0,0.019999999999999962,0
mmlupro:test_1000:482:26d2ad1e9ed3,Qwen3-8B,1.0,1.0,0.0,0.09000000000000002,0
mmlupro:test_1000:551:5dcdaec8b963,Qwen3-8B,0.0,1.0,1.0,0.07,0
mmlupro:test_1000:736:15a4342a1ad4,Qwen3-8B,1.0,1.0,0.0,0.02999999999999997,0
mmlupro:test_1000:347:f16359785aa9,NVIDIA-Nemotron-Nano-9B-v2,0.0,1.0,1.0,0.06000000000000005,0
mmlupro:test_1000:119:4ba3f45a9d78,NVIDIA-Nemotron-Nano-9B-v2,1.0,1.0,0.0,0.04999999999999999,0
mmlupro:test_1000:547:8dd43926e496,Qwen3-8B,0.0,1.0,1.0,0.24,0
mmlupro:test_1000:787:f937f6d599a6,Qwen3-8B,1.0,1.0,0.0,0.0,0
mmlupro:test_1000:751:3d4101b17401,NVIDIA-Nemotron-Nano-9B-v2,1.0,1.0,0.0,0.019999999999999962,0
mmlupro:test_1000:897:91adf97f6b33,Qwen3-8B,1.0,1.0,0.0,0.0,0
mmlupro:test_1000:46:da7f90fc8901,Qwen3-8B,1.0,1.0,0.0,0.06,0
mmlupro:test_1000:792:9e7cd7fc1cf5,Qwen3-8B,1.0,1.0,0.0,0.040000000000000036,0
mmlupro:test_1000:123:cea9c90ae26c,NVIDIA-Nemotron-Nano-9B-v2,1.0,1.0,0.0,0.030000000000000027,0
mmlupro:test_1000:528:4f456969a51f,NVIDIA-Nemotron-Nano-9B-v2,0.0,1.0,1.0,0.03999999999999998,0
mmlupro:test_1000:807:613feecff914,NVIDIA-Nemotron-Nano-9B-v2,1.0,1.0,0.0,0.08000000000000002,0
mmlupro:test_1000:211:7740a04be88e,NVIDIA-Nemotron-Nano-9B-v2,1.0,1.0,0.0,0.02999999999999997,0
mmlupro:test_1000:363:0935e842fba8,Qwen3-8B,1.0,1.0,0.0,0.040000000000000036,0
mmlupro:test_1000:659:b7393f2344a1,NVIDIA-Nemotron-Nano-9B-v2,1.0,1.0,0.0,0.03999999999999998,0
mmlupro:test_1000:95:660d61933095,Qwen3-8B,1.0,1.0,0.0,0.14999999999999997,0
mmlupro:test_1000:464:872f0575a012,NVIDIA-Nemotron-Nano-9B-v2,1.0,1.0,0.0,0.019999999999999962,0
mmlupro:test_1000:305:a31199e3cde6,NVIDIA-Nemotron-Nano-9B-v2,1.0,1.0,0.0,0.020000000000000018,0
mmlupro:test_1000:187:79903bb6cb2e,NVIDIA-Nemotron-Nano-9B-v2,1.0,1.0,0.0,0.08000000000000002,0
mmlupro:test_1000:993:1a59e5e98877,NVIDIA-Nemotron-Nano-9B-v2,1.0,1.0,0.0,0.10999999999999999,0
mmlupro:test_1000:961:7242e3795423,NVIDIA-Nemotron-Nano-9B-v2,0.0,1.0,1.0,0.04000000000000001,0
mmlupro:test_1000:328:c4ede776cb16,Qwen3-8B,1.0,1.0,0.0,0.03999999999999998,0
mmlupro:test_1000:637:8e41ee9aa53b,Qwen3-8B,1.0,1.0,0.0,0.19,0
mmlupro:test_1000:303:fee77932783c,NVIDIA-Nemotron-Nano-9B-v2,1.0,1.0,0.0,0.0,0
mmlupro:test_1000:196:a4851f86e225,NVIDIA-Nemotron-Nano-9B-v2,1.0,1.0,0.0,0.06,0
mmlupro:test_1000:913:17817d48eda6,Qwen3-8B,0.0,0.0,0.0,0.06,0
mmlupro:test_1000:240:b1df829dc554,NVIDIA-Nemotron-Nano-9B-v2,0.0,1.0,1.0,0.03999999999999998,0
mmlupro:test_1000:215:fbb1372dada8,Qwen3-8B,1.0,1.0,0.0,0.16000000000000003,0
mmlupro:test_1000:498:75d208d05b3d,Qwen3-8B,0.0,1.0,1.0,0.07,0
mmlupro:test_1000:349:b629436b9bb4,NVIDIA-Nemotron-Nano-9B-v2,1.0,1.0,0.0,0.06,0
mmlupro:test_1000:534:c0316c9f1959,NVIDIA-Nemotron-Nano-9B-v2,0.0,1.0,1.0,0.04999999999999999,0
mmlupro:test_1000:371:0a69de9700cb,NVIDIA-Nemotron-Nano-9B-v2,1.0,1.0,0.0,0.15000000000000002,0
mmlupro:test_1000:6:483606c60ed3,NVIDIA-Nemotron-Nano-9B-v2,1.0,1.0,0.0,0.08999999999999997,0
mmlupro:test_1000:657:926c34a0d9bc,Qwen3-8B,0.0,1.0,1.0,0.08000000000000002,0
mmlupro:test_1000:714:759781178685,Qwen3-8B,0.0,0.0,0.0,0.13,0
mmlupro:test_1000:825:d243735378ae,Qwen3-8B,0.0,1.0,1.0,0.10000000000000003,0
mmlupro:test_1000:52:518b14d57935,NVIDIA-Nemotron-Nano-9B-v2,1.0,1.0,0.0,0.020000000000000018,0
mmlupro:test_1000:114:4364ff5d58ac,Qwen3-8B,1.0,1.0,0.0,0.06,0
mmlupro:test_1000:263:b5c1d0ad75dd,Qwen3-8B,1.0,1.0,0.0,0.21000000000000002,0
mmlupro:test_1000:214:01fdf9a07d19,Qwen3-8B,0.0,1.0,1.0,0.030000000000000027,0
mmlupro:test_1000:346:da2c88cbcb00,Qwen3-8B,0.0,1.0,1.0,0.18,0
mmlupro:test_1000:540:56fd94238b5d,Qwen3-8B,1.0,1.0,0.0,0.020000000000000018,0
mmlupro:test_1000:510:5f6d330aa049,Qwen3-8B,1.0,1.0,0.0,0.18,0
mmlupro:test_1000:521:cbec6dfd4475,NVIDIA-Nemotron-Nano-9B-v2,1.0,1.0,0.0,0.08999999999999997,0
mmlupro:test_1000:601:5746a0ada185,NVIDIA-Nemotron-Nano-9B-v2,1.0,1.0,0.0,0.08000000000000002,0
mmlupro:test_1000:173:489f283fd362,NVIDIA-Nemotron-Nano-9B-v2,1.0,1.0,0.0,0.09000000000000002,0
mmlupro:test_1000:702:825cd4cf792b,NVIDIA-Nemotron-Nano-9B-v2,0.0,1.0,1.0,0.04999999999999999,0
mmlupro:test_1000:234:141eb33f3d56,NVIDIA-Nemotron-Nano-9B-v2,0.0,1.0,1.0,0.02999999999999997,0
mmlupro:test_1000:527:8fbcbb9a452e,NVIDIA-Nemotron-Nano-9B-v2,1.0,1.0,0.0,0.10999999999999999,0
mmlupro:test_1000:436:47c850218e65,NVIDIA-Nemotron-Nano-9B-v2,1.0,1.0,0.0,0.08000000000000002,0
mmlupro:test_1000:937:01173c574cc8,Qwen3-8B,0.0,1.0,1.0,0.0,0
mmlupro:test_1000:206:59ec0aeb404b,NVIDIA-Nemotron-Nano-9B-v2,1.0,1.0,0.0,0.009999999999999953,0
mmlupro:test_1000:990:77c8f87e31cd,NVIDIA-Nemotron-Nano-9B-v2,1.0,1.0,0.0,0.0,0
mmlupro:test_1000:54:e513dbf95305,NVIDIA-Nemotron-Nano-9B-v2,1.0,1.0,0.0,0.03999999999999998,0
mmlupro:test_1000:48:e76bb9644bb2,NVIDIA-Nemotron-Nano-9B-v2,1.0,1.0,0.0,0.009999999999999953,0
mmlupro:test_1000:965:d279cb4d98cb,Qwen3-8B,1.0,1.0,0.0,0.010000000000000009,0
mmlupro:test_1000:797:ad0c69a1dab4,NVIDIA-Nemotron-Nano-9B-v2,0.0,1.0,1.0,0.07,0
mmlupro:test_1000:893:3698d7fd5930,Qwen3-8B,1.0,1.0,0.0,0.08999999999999997,0
mmlupro:test_1000:943:568dedfb9e66,NVIDIA-Nemotron-Nano-9B-v2,1.0,1.0,0.0,0.04999999999999999,0
mmlupro:test_1000:926:f12d88d08f2e,NVIDIA-Nemotron-Nano-9B-v2,0.0,1.0,1.0,0.05000000000000002,0
mmlupro:test_1000:45:1563560b9f90,NVIDIA-Nemotron-Nano-9B-v2,1.0,1.0,0.0,0.19,0
mmlupro:test_1000:291:e53696626a29,NVIDIA-Nemotron-Nano-9B-v2,0.0,1.0,1.0,0.010000000000000009,0
mmlupro:test_1000:588:f76e64ba790a,Qwen3-8B,0.0,1.0,1.0,0.08000000000000002,0
mmlupro:test_1000:617:cab10ba956c1,NVIDIA-Nemotron-Nano-9B-v2,0.0,1.0,1.0,0.04999999999999999,0
mmlupro:test_1000:365:907eb3742e4d,Qwen3-8B,1.0,1.0,0.0,0.08999999999999997,0
mmlupro:test_1000:879:bdeda1a82784,NVIDIA-Nemotron-Nano-9B-v2,0.0,1.0,1.0,0.020000000000000018,0
mmlupro:test_1000:384:2cde3e5e75d7,NVIDIA-Nemotron-Nano-9B-v2,1.0,1.0,0.0,0.09999999999999998,0
mmlupro:test_1000:956:d7f61f90de80,Qwen3-8B,0.0,1.0,1.0,0.07,0
mmlupro:test_1000:59:9854ced86bcf,NVIDIA-Nemotron-Nano-9B-v2,1.0,1.0,0.0,0.32999999999999996,0
mmlupro:test_1000:682:5d012db15428,Qwen3-8B,0.0,1.0,1.0,0.18,0
mmlupro:test_1000:876:f7603d2dbb70,Qwen3-8B,1.0,1.0,0.0,0.14,0
mmlupro:test_1000:783:4d04edabb51c,NVIDIA-Nemotron-Nano-9B-v2,0.0,0.0,0.0,0.010000000000000009,0
mmlupro:test_1000:77:5db0eee9d013,Qwen3-8B,0.0,1.0,1.0,0.010000000000000009,0
mmlupro:test_1000:153:ce0b2830dc37,Qwen3-8B,1.0,1.0,0.0,0.16999999999999998,0
mmlupro:test_1000:612:c7e2044bc965,NVIDIA-Nemotron-Nano-9B-v2,1.0,1.0,0.0,0.02999999999999997,0
mmlupro:test_1000:295:831a608aa186,NVIDIA-Nemotron-Nano-9B-v2,0.0,0.0,0.0,0.03999999999999998,0
mmlupro:test_1000:497:ba03effc1268,Qwen3-8B,1.0,1.0,0.0,0.03999999999999998,0
mmlupro:test_1000:359:189df6d92386,Qwen3-8B,1.0,1.0,0.0,0.0,0
mmlupro:test_1000:68:685821f326ec,Qwen3-8B,1.0,1.0,0.0,0.03999999999999998,0
mmlupro:test_1000:844:8f152f81b177,NVIDIA-Nemotron-Nano-9B-v2,0.0,0.0,0.0,0.09999999999999998,0
mmlupro:test_1000:699:cd979abadbfb,Qwen3-8B,0.0,1.0,1.0,0.02999999999999997,0
mmlupro:test_1000:892:eed69ac9965b,NVIDIA-Nemotron-Nano-9B-v2,1.0,1.0,0.0,0.2,0
mmlupro:test_1000:552:de3bf38e8b32,Qwen3-8B,1.0,1.0,0.0,0.16999999999999998,0
mmlupro:test_1000:103:4782a690e7fe,NVIDIA-Nemotron-Nano-9B-v2,1.0,1.0,0.0,0.12,0
mmlupro:test_1000:364:98e69e881f95,NVIDIA-Nemotron-Nano-9B-v2,1.0,1.0,0.0,0.22999999999999998,0
mmlupro:test_1000:416:22655093196d,Qwen3-8B,1.0,1.0,0.0,0.0,0
mmlupro:test_1000:747:dae792249e6a,Qwen3-8B,1.0,1.0,0.0,0.11000000000000004,0
mmlupro:test_1000:629:9a41c66ae011,Qwen3-8B,0.0,1.0,1.0,0.20999999999999996,0
mmlupro:test_1000:483:39cad47177ca,Qwen3-8B,1.0,1.0,0.0,0.010000000000000009,0
mmlupro:test_1000:386:65d3e07323b5,NVIDIA-Nemotron-Nano-9B-v2,1.0,1.0,0.0,0.08000000000000002,0
mmlupro:test_1000:733:47f5659d5067,Qwen3-8B,0.0,1.0,1.0,0.05000000000000002,0
mmlupro:test_1000:827:0bf72a89a182,NVIDIA-Nemotron-Nano-9B-v2,1.0,1.0,0.0,0.14,0
mmlupro:test_1000:610:c5e76408b43d,NVIDIA-Nemotron-Nano-9B-v2,1.0,1.0,0.0,0.26000000000000006,0
mmlupro:test_1000:520:fc837d189ef3,NVIDIA-Nemotron-Nano-9B-v2,1.0,1.0,0.0,0.02999999999999997,0
mmlupro:test_1000:84:ceccfba406b0,Qwen3-8B,1.0,1.0,0.0,0.04999999999999999,0
mmlupro:test_1000:516:36ecca0a6aba,NVIDIA-Nemotron-Nano-9B-v2,1.0,1.0,0.0,0.15999999999999998,0
mmlupro:test_1000:572:11e370c817a9,Qwen3-8B,1.0,1.0,0.0,0.019999999999999962,0
mmlupro:test_1000:605:e7311e14f0c5,Qwen3-8B,1.0,1.0,0.0,0.04999999999999999,0
mmlupro:test_1000:770:9549a6f92668,Qwen3-8B,1.0,1.0,0.0,0.03999999999999998,0
mmlupro:test_1000:118:c18908ec82d9,NVIDIA-Nemotron-Nano-9B-v2,1.0,1.0,0.0,0.24000000000000005,0
mmlupro:test_1000:453:1229fdda9b07,NVIDIA-Nemotron-Nano-9B-v2,1.0,1.0,0.0,0.08000000000000002,0
mmlupro:test_1000:333:c1c581f87ead,NVIDIA-Nemotron-Nano-9B-v2,1.0,1.0,0.0,0.26000000000000006,0
mmlupro:test_1000:833:3965869bdba4,NVIDIA-Nemotron-Nano-9B-v2,1.0,1.0,0.0,0.24000000000000005,0
mmlupro:test_1000:406:235f1cddc49b,Qwen3-8B,1.0,1.0,0.0,0.08999999999999997,0
mmlupro:test_1000:88:f9f1546f25c2,NVIDIA-Nemotron-Nano-9B-v2,0.0,1.0,1.0,0.02999999999999997,0
mmlupro:test_1000:960:cd02e28a4003,Qwen3-8B,1.0,1.0,0.0,0.010000000000000009,0
mmlupro:test_1000:395:283d6404911e,NVIDIA-Nemotron-Nano-9B-v2,1.0,1.0,0.0,0.050000000000000044,0
mmlupro:test_1000:546:813178bab00d,Qwen3-8B,1.0,1.0,0.0,0.10999999999999999,0
mmlupro:test_1000:580:44ebb03d7c99,Qwen3-8B,0.0,1.0,1.0,0.02999999999999997,0
mmlupro:test_1000:782:58384e7e968c,Qwen3-8B,1.0,1.0,0.0,5.551115123125783e-17,0
mmlupro:test_1000:236:71dd07fbb57f,Qwen3-8B,1.0,1.0,0.0,0.12,0
mmlupro:test_1000:444:c8d831693bd8,Qwen3-8B,1.0,1.0,0.0,0.08000000000000002,0
mmlupro:test_1000:856:77c328c1d64b,Qwen3-8B,1.0,1.0,0.0,0.04999999999999999,0
mmlupro:test_1000:765:b016c7dfc30b,Qwen3-8B,1.0,1.0,0.0,0.06,0
mmlupro:test_1000:724:9384e454c81d,NVIDIA-Nemotron-Nano-9B-v2,1.0,1.0,0.0,0.12,0
mmlupro:test_1000:545:3dd296643e5d,NVIDIA-Nemotron-Nano-9B-v2,1.0,1.0,0.0,0.04999999999999999,0
mmlupro:test_1000:488:d5cc26e8bd43,NVIDIA-Nemotron-Nano-9B-v2,1.0,1.0,0.0,0.36,0
mmlupro:test_1000:886:364a0a323e83,NVIDIA-Nemotron-Nano-9B-v2,1.0,1.0,0.0,0.06,0
mmlupro:test_1000:317:68917de5a113,Qwen3-8B,1.0,1.0,0.0,0.03999999999999998,0
mmlupro:test_1000:769:b62fe5783c59,NVIDIA-Nemotron-Nano-9B-v2,0.0,1.0,1.0,0.06,0
mmlupro:test_1000:896:b9bbaf96120f,NVIDIA-Nemotron-Nano-9B-v2,0.0,1.0,1.0,0.1,0
mmlupro:test_1000:559:d637b92b65a8,Qwen3-8B,1.0,1.0,0.0,0.010000000000000009,0
mmlupro:test_1000:473:215d82415c26,Qwen3-8B,1.0,1.0,0.0,0.02999999999999997,0
mmlupro:test_1000:860:abfb71ae5d3d,NVIDIA-Nemotron-Nano-9B-v2,0.0,1.0,1.0,0.02999999999999997,0
mmlupro:test_1000:912:bf33aba92c51,Qwen3-8B,0.0,1.0,1.0,0.04999999999999999,0
mmlupro:test_1000:906:8179cf273964,NVIDIA-Nemotron-Nano-9B-v2,1.0,1.0,0.0,0.03999999999999998,0
mmlupro:test_1000:327:424cdf1e64ad,NVIDIA-Nemotron-Nano-9B-v2,1.0,1.0,0.0,0.14999999999999997,0
mmlupro:test_1000:671:ecb3831192ba,Qwen3-8B,1.0,1.0,0.0,0.10000000000000003,0
mmlupro:test_1000:124:a5f69805551d,Qwen3-8B,0.0,1.0,1.0,0.09000000000000002,0
mmlupro:test_1000:193:cbcd0aefd35b,NVIDIA-Nemotron-Nano-9B-v2,1.0,1.0,0.0,0.03999999999999998,0
mmlupro:test_1000:903:f0dcad5a6a19,NVIDIA-Nemotron-Nano-9B-v2,1.0,1.0,0.0,0.13,0
mmlupro:test_1000:417:f6ab87b52c50,Qwen3-8B,1.0,1.0,0.0,0.07,0
mmlupro:test_1000:526:a1cd93f23308,NVIDIA-Nemotron-Nano-9B-v2,0.0,1.0,1.0,0.19999999999999998,0
mmlupro:test_1000:269:703f757c41b8,NVIDIA-Nemotron-Nano-9B-v2,1.0,1.0,0.0,0.0,0
mmlupro:test_1000:830:0402aea8d798,Qwen3-8B,1.0,1.0,0.0,0.12000000000000005,0
mmlupro:test_1000:178:86566d960b5f,Qwen3-8B,0.0,1.0,1.0,0.13999999999999996,0
mmlupro:test_1000:660:42697915732b,Qwen3-8B,0.0,1.0,1.0,0.31000000000000005,0
mmlupro:test_1000:190:6d2743be5987,NVIDIA-Nemotron-Nano-9B-v2,1.0,1.0,0.0,0.019999999999999962,0
mmlupro:test_1000:829:64e27f7f84df,Qwen3-8B,1.0,1.0,0.0,0.09999999999999998,0
mmlupro:test_1000:877:395c03145191,NVIDIA-Nemotron-Nano-9B-v2,1.0,1.0,0.0,0.06,0
mmlupro:test_1000:282:5de0edf9720f,Qwen3-8B,1.0,1.0,0.0,0.29000000000000004,0
mmlupro:test_1000:402:d5110461ab99,NVIDIA-Nemotron-Nano-9B-v2,1.0,1.0,0.0,0.06,0
mmlupro:test_1000:296:8b73618a1b32,NVIDIA-Nemotron-Nano-9B-v2,1.0,1.0,0.0,0.23000000000000004,0
mmlupro:test_1000:12:a58a4d741195,NVIDIA-Nemotron-Nano-9B-v2,1.0,1.0,0.0,0.020000000000000018,0
mmlupro:test_1000:91:4bf75c0894d1,NVIDIA-Nemotron-Nano-9B-v2,0.0,1.0,1.0,0.1,0
mmlupro:test_1000:650:a8c61489e70d,NVIDIA-Nemotron-Nano-9B-v2,0.0,1.0,1.0,0.040000000000000036,0
mmlupro:test_1000:387:53f2c7da7eb3,Qwen3-8B,1.0,1.0,0.0,0.010000000000000009,0
mmlupro:test_1000:184:e7eb058601ad,NVIDIA-Nemotron-Nano-9B-v2,1.0,1.0,0.0,0.27999999999999997,0
mmlupro:test_1000:809:471326943560,Qwen3-8B,1.0,1.0,0.0,0.09999999999999998,0
mmlupro:test_1000:320:1ce157cb1d3d,NVIDIA-Nemotron-Nano-9B-v2,1.0,1.0,0.0,0.09,0
mmlupro:test_1000:754:83b8d7008109,Qwen3-8B,1.0,1.0,0.0,0.04999999999999999,0
mmlupro:test_1000:109:d36faff6a2db,NVIDIA-Nemotron-Nano-9B-v2,1.0,1.0,0.0,0.3,0
mmlupro:test_1000:326:5f4610994da6,Qwen3-8B,1.0,1.0,0.0,0.07999999999999999,0
mmlupro:test_1000:257:ac4f5fc52b6e,Qwen3-8B,0.0,1.0,1.0,0.20999999999999996,0
mmlupro:test_1000:158:ddef7dc3f3ef,NVIDIA-Nemotron-Nano-9B-v2,0.0,1.0,1.0,0.05999999999999997,0
mmlupro:test_1000:509:032d24911bb1,NVIDIA-Nemotron-Nano-9B-v2,0.0,1.0,1.0,0.09000000000000002,0
mmlupro:test_1000:171:121a2650c572,NVIDIA-Nemotron-Nano-9B-v2,1.0,1.0,0.0,0.08000000000000002,0
mmlupro:test_1000:654:c0337cfad636,Qwen3-8B,0.0,1.0,1.0,0.04999999999999999,0
mmlupro:test_1000:126:32f9fafc3d62,Qwen3-8B,0.0,1.0,1.0,0.0,0
mmlupro:test_1000:910:171c33e807c0,NVIDIA-Nemotron-Nano-9B-v2,0.0,0.0,0.0,0.09999999999999998,0
mmlupro:test_1000:855:1bc0967eb4c9,Qwen3-8B,1.0,1.0,0.0,0.15999999999999998,0
mmlupro:test_1000:235:155c9d7e272b,Qwen3-8B,1.0,1.0,0.0,0.03999999999999998,0
mmlupro:test_1000:921:9762340172b9,NVIDIA-Nemotron-Nano-9B-v2,1.0,1.0,0.0,0.14,0
mmlupro:test_1000:156:dd0f0216f634,NVIDIA-Nemotron-Nano-9B-v2,1.0,1.0,0.0,0.07,0
mmlupro:test_1000:604:a55d3fd1fbc0,NVIDIA-Nemotron-Nano-9B-v2,1.0,1.0,0.0,0.02999999999999997,0
mmlupro:test_1000:538:3241208e4718,Qwen3-8B,1.0,1.0,0.0,0.04999999999999999,0
mmlupro:test_1000:555:2b1eee8457bb,Qwen3-8B,0.0,1.0,1.0,0.06,0
mmlupro:test_1000:74:c8730d42319b,NVIDIA-Nemotron-Nano-9B-v2,1.0,1.0,0.0,0.04999999999999999,0
mmlupro:test_1000:998:e59468cc632b,Qwen3-8B,0.0,1.0,1.0,0.03999999999999998,0
mmlupro:test_1000:311:3b521a357af8,Qwen3-8B,1.0,1.0,0.0,0.0,0
mmlupro:test_1000:65:a13df5fd1115,Qwen3-8B,1.0,1.0,0.0,0.0,0
mmlupro:test_1000:725:f81990e3daee,NVIDIA-Nemotron-Nano-9B-v2,1.0,1.0,0.0,0.09999999999999998,0
mmlupro:test_1000:927:1effef28a688,Qwen3-8B,1.0,1.0,0.0,0.03999999999999998,0
mmlupro:test_1000:260:8cb9a29e428e,NVIDIA-Nemotron-Nano-9B-v2,1.0,1.0,0.0,0.32999999999999996,0
mmlupro:test_1000:606:cb940d2d01fe,Qwen3-8B,0.0,1.0,1.0,0.16999999999999998,0
mmlupro:test_1000:854:d458918355f8,NVIDIA-Nemotron-Nano-9B-v2,1.0,1.0,0.0,0.02999999999999997,0
mmlupro:test_1000:199:c77a6117172c,Qwen3-8B,0.0,1.0,1.0,0.030000000000000027,0
mmlupro:test_1000:734:213e8e2a71b4,NVIDIA-Nemotron-Nano-9B-v2,1.0,1.0,0.0,0.02999999999999997,0
mmlupro:test_1000:412:abf1ab2b08dd,Qwen3-8B,1.0,1.0,0.0,0.13999999999999996,0
mmlupro:test_1000:709:7d710fd974bc,NVIDIA-Nemotron-Nano-9B-v2,1.0,1.0,0.0,0.040000000000000036,0
mmlupro:test_1000:561:cacf00aabcd7,NVIDIA-Nemotron-Nano-9B-v2,1.0,1.0,0.0,0.030000000000000027,0
aime:hybrid:52:1a1a3f553410,Qwen3-8B,1.0,1.0,0.0,0.49999999999999994,1
aime:hybrid:10:7d2b9ecfeeda,Qwen3-8B,1.0,1.0,0.0,0.5,1
aime:hybrid:60:521f1e547b30,Qwen3-8B,0.0,0.0,0.0,0.48,1
aime:hybrid:39:edc7cd228836,Qwen3-8B,1.0,1.0,0.0,0.53,1
aime:hybrid:7:015197614be4,Qwen3-8B,0.0,0.0,0.0,0.44000000000000006,1
aime:hybrid:45:cc2ed8965f94,Qwen3-8B,0.0,0.0,0.0,0.5599999999999999,1
aime:hybrid:21:a6581367f5e8,Qwen3-8B,1.0,1.0,0.0,0.54,1
aime:hybrid:36:e93030b1d230,Qwen3-8B,1.0,1.0,0.0,0.44000000000000006,1
aime:hybrid:6:d965cc0c8309,Qwen3-8B,0.0,0.0,0.0,0.51,1
aime:hybrid:27:57c667dbfc4c,Qwen3-8B,0.0,1.0,1.0,0.44000000000000006,1
aime:hybrid:50:757329975fcc,Qwen3-8B,1.0,1.0,0.0,0.52,1
aime:hybrid:32:9592e8215196,Qwen3-8B,1.0,1.0,0.0,0.46,1
bbh:test:502:2e5b92247d68,Qwen3-8B,1.0,1.0,0.0,0.6,1
bbh:test:778:052ccaa5d2a1,Qwen3-8B,1.0,1.0,0.0,0.10999999999999999,1
bbh:test:754:8f03843d307e,Qwen3-8B,1.0,1.0,0.0,0.27,1
bbh:test:583:b2edabb27ffd,Qwen3-8B,1.0,1.0,0.0,0.21999999999999997,1
bbh:test:219:3903f36d43ea,Qwen3-8B,1.0,1.0,0.0,0.040000000000000036,1
bbh:test:477:c115bb501818,Qwen3-8B,1.0,1.0,0.0,0.16999999999999998,1
bbh:test:589:19de4b3169b1,Qwen3-8B,1.0,1.0,0.0,0.31,1
bbh:test:318:bbde10d9dfb1,Qwen3-8B,1.0,1.0,0.0,0.18000000000000002,1
bbh:test:463:c58190c02877,Qwen3-8B,1.0,1.0,0.0,0.11999999999999997,1
bbh:test:866:49c9b01ac564,Qwen3-8B,1.0,1.0,0.0,0.16000000000000003,1
bbh:test:236:010a33099e7c,Qwen3-8B,1.0,1.0,0.0,0.13,1
bbh:test:11:fb9949d5b685,Qwen3-8B,1.0,1.0,0.0,0.35000000000000003,1
bbh:test:656:111830241176,Qwen3-8B,1.0,1.0,0.0,0.47,1
bbh:test:563:236b922938e9,Qwen3-8B,1.0,1.0,0.0,0.38,1
bbh:test:23:b958384ad7c2,Qwen3-8B,1.0,1.0,0.0,0.20999999999999996,1
bbh:test:203:0e12a44c578e,Qwen3-8B,1.0,1.0,0.0,0.15999999999999998,1
bbh:test:996:8341603b9b8d,Qwen3-8B,1.0,1.0,0.0,0.35,1
bbh:test:175:70f4bb6e001a,Qwen3-8B,1.0,1.0,0.0,0.48,1
bbh:test:642:e9b0d49a8355,Qwen3-8B,1.0,1.0,0.0,0.41000000000000003,1
bbh:test:282:58cb08b86c27,Qwen3-8B,1.0,1.0,0.0,0.14,1
bbh:test:496:24fc12ee5e38,Qwen3-8B,1.0,1.0,0.0,0.6,1
bbh:test:434:d3dd6317c42c,Qwen3-8B,1.0,1.0,0.0,0.28,1
bbh:test:389:ba508c1e18d2,Qwen3-8B,1.0,1.0,0.0,0.1,1
bbh:test:530:49e6a23583d7,Qwen3-8B,1.0,1.0,0.0,0.33999999999999997,1
bbh:test:729:2d7a48dbead1,Qwen3-8B,0.0,1.0,1.0,0.29000000000000004,1
bbh:test:172:8bb93d8865e4,Qwen3-8B,1.0,1.0,0.0,0.38,1
bbh:test:214:b170dec994d9,Qwen3-8B,1.0,1.0,0.0,0.21999999999999997,1
bbh:test:90:f09ef7ec9169,Qwen3-8B,1.0,1.0,0.0,0.37,1
bbh:test:269:cc3681d81fc0,Qwen3-8B,1.0,1.0,0.0,0.15999999999999998,1
bbh:test:952:2901ae06b4a4,Qwen3-8B,1.0,1.0,0.0,0.17,1
bbh:test:672:77074e33561e,Qwen3-8B,1.0,1.0,0.0,0.24999999999999997,1
bbh:test:174:e9c3cea24a0c,Qwen3-8B,1.0,1.0,0.0,0.5,1
bbh:test:1029:70fdf83494bc,Qwen3-8B,1.0,1.0,0.0,0.24,1
bbh:test:733:c535e6f05344,Qwen3-8B,1.0,1.0,0.0,0.29000000000000004,1
bbh:test:171:604d4a774924,Qwen3-8B,1.0,1.0,0.0,0.47,1
bbh:test:487:c45a3cada36d,Qwen3-8B,1.0,1.0,0.0,0.58,1
bbh:test:85:a59841e5314f,Qwen3-8B,1.0,1.0,0.0,0.35,1
bbh:test:271:e292ce5c5727,Qwen3-8B,1.0,1.0,0.0,0.25,1
bbh:test:651:3682e19b60f4,Qwen3-8B,1.0,1.0,0.0,0.23999999999999996,1
bbh:test:807:4192654b6481,Qwen3-8B,0.0,1.0,1.0,0.21999999999999997,1
bbh:test:76:425421e74dca,Qwen3-8B,1.0,1.0,0.0,0.24000000000000002,1
bbh:test:818:b291161d93f7,Qwen3-8B,1.0,1.0,0.0,0.07,1
bbh:test:349:6c33f2d5d2eb,Qwen3-8B,1.0,1.0,0.0,0.12,1
bbh:test:561:14c6adbe13f7,Qwen3-8B,1.0,1.0,0.0,0.32,1
bbh:test:1019:b669b9421a1d,Qwen3-8B,1.0,1.0,0.0,0.29000000000000004,1
bbh:test:200:e7dcdd824a0d,Qwen3-8B,0.0,1.0,1.0,0.47,1
bbh:test:821:5cd710b4f6c8,Qwen3-8B,1.0,1.0,0.0,0.18,1
bbh:test:909:a294f2fdd032,Qwen3-8B,1.0,1.0,0.0,0.30999999999999994,1
bbh:test:334:a49dfd096f3c,Qwen3-8B,1.0,1.0,0.0,0.10000000000000003,1
bbh:test:261:71ac74d4025d,Qwen3-8B,1.0,1.0,0.0,0.22999999999999998,1
bbh:test:965:8cc49d5468fb,Qwen3-8B,1.0,1.0,0.0,0.1,1
bbh:test:439:ab0a9a68c8b6,Qwen3-8B,1.0,1.0,0.0,0.08999999999999997,1
bbh:test:343:b18ff39c3473,Qwen3-8B,1.0,1.0,0.0,0.02999999999999997,1
bbh:test:383:8bac793bbe8d,Qwen3-8B,1.0,1.0,0.0,0.12,1
bbh:test:624:df518983ce9c,Qwen3-8B,1.0,1.0,0.0,0.37,1
bbh:test:426:a1d8536e5412,Qwen3-8B,1.0,1.0,0.0,0.030000000000000027,1
bbh:test:443:0f2f8242e852,Qwen3-8B,1.0,1.0,0.0,0.07000000000000003,1
bbh:test:1061:ae085423afd4,Qwen3-8B,1.0,1.0,0.0,0.16999999999999998,1
bbh:test:994:49eee691a86a,Qwen3-8B,1.0,1.0,0.0,0.14999999999999997,1
bbh:test:792:c87e8ad27792,Qwen3-8B,1.0,1.0,0.0,0.1,1
bbh:test:1074:47a993a20cac,Qwen3-8B,1.0,1.0,0.0,0.22999999999999998,1
bbh:test:771:0781d3f9611f,Qwen3-8B,1.0,1.0,0.0,0.07,1
bbh:test:591:ed1bc2acc6ca,Qwen3-8B,1.0,1.0,0.0,0.44999999999999996,1
bbh:test:1067:d8bd8bea7462,Qwen3-8B,1.0,1.0,0.0,0.27999999999999997,1
bbh:test:537:89b73040e21d,Qwen3-8B,1.0,1.0,0.0,0.49,1
bbh:test:620:4b8a7bd3f758,Qwen3-8B,1.0,1.0,0.0,0.15999999999999998,1
bbh:test:22:9c3f75dcf9cd,Qwen3-8B,1.0,1.0,0.0,0.23000000000000004,1
bbh:test:117:5753899b9b72,Qwen3-8B,1.0,1.0,0.0,0.51,1
bbh:test:1018:e2de91e1e980,Qwen3-8B,1.0,1.0,0.0,0.22999999999999998,1
bbh:test:714:58d627eef30e,Qwen3-8B,1.0,1.0,0.0,0.13999999999999999,1
bbh:test:161:fb4415dad8e4,Qwen3-8B,1.0,1.0,0.0,0.47,1
bbh:test:1011:982ddf9af60f,Qwen3-8B,1.0,1.0,0.0,0.2,1
bbh:test:379:a5e4fe2db5a1,Qwen3-8B,1.0,1.0,0.0,0.12999999999999998,1
bbh:test:53:9fb645e94973,Qwen3-8B,1.0,1.0,0.0,0.19,1
bbh:test:604:f4b900e3eb6f,Qwen3-8B,0.0,1.0,1.0,0.31,1
bbh:test:347:25f957832321,Qwen3-8B,1.0,1.0,0.0,0.11000000000000001,1
bbh:test:557:e8ae9cf6727e,Qwen3-8B,1.0,1.0,0.0,0.42000000000000004,1
bbh:test:971:53b6e10f3fae,Qwen3-8B,1.0,1.0,0.0,0.22999999999999998,1
bbh:test:842:9321370fbbf4,Qwen3-8B,1.0,1.0,0.0,0.2,1
bbh:test:126:b7aace5b49a3,Qwen3-8B,0.0,1.0,1.0,0.18000000000000002,1
bbh:test:41:83a76903c8a3,Qwen3-8B,0.0,1.0,1.0,0.27,1
bbh:test:945:db0894af3fde,Qwen3-8B,0.0,1.0,1.0,0.20999999999999996,1
bbh:test:64:54b793f5b51e,Qwen3-8B,1.0,1.0,0.0,0.18000000000000002,1
bbh:test:934:17f1734de312,Qwen3-8B,1.0,1.0,0.0,0.18,1
bbh:test:371:c35ef337862b,Qwen3-8B,0.0,1.0,1.0,0.09999999999999998,1
bbh:test:640:0376074ab4ed,Qwen3-8B,1.0,1.0,0.0,0.43000000000000005,1
bbh:test:720:2f3a481f53a1,Qwen3-8B,0.0,1.0,1.0,0.13000000000000003,1
bbh:test:254:3e98f451572e,Qwen3-8B,0.0,1.0,1.0,0.4,1
bbh:test:628:55c661b5af84,Qwen3-8B,1.0,1.0,0.0,0.38,1
bbh:test:310:497a350ef97c,Qwen3-8B,1.0,1.0,0.0,0.15,1
bbh:test:794:3b3206c2b686,Qwen3-8B,1.0,1.0,0.0,0.15999999999999998,1
bbh:test:150:c71fcf13238a,Qwen3-8B,1.0,1.0,0.0,0.27,1
bbh:test:101:ae4185e6f829,Qwen3-8B,1.0,1.0,0.0,0.3,1
bbh:test:74:10e02e94e3ea,Qwen3-8B,1.0,1.0,0.0,0.16999999999999998,1
bbh:test:606:c9c0299ee313,Qwen3-8B,1.0,1.0,0.0,0.2,1
bbh:test:57:f8e312cdef5c,Qwen3-8B,0.0,1.0,1.0,0.16999999999999998,1
bbh:test:409:7d971f23d8db,Qwen3-8B,1.0,1.0,0.0,0.22,1
bbh:test:92:358557a6526a,Qwen3-8B,1.0,1.0,0.0,0.43000000000000005,1
bbh:test:135:79285f0fd4fb,Qwen3-8B,0.0,1.0,1.0,0.21,1
bbh:test:594:fbc2d2db9a1f,Qwen3-8B,1.0,1.0,0.0,0.39,1
bbh:test:367:5c7c64fbd03a,Qwen3-8B,1.0,1.0,0.0,0.12000000000000002,1
bbh:test:844:f52157d9b591,Qwen3-8B,1.0,1.0,0.0,0.19000000000000003,1
bbh:test:847:9f54f662a3cc,Qwen3-8B,1.0,1.0,0.0,0.23,1
bbh:test:915:fc9a016f26b2,Qwen3-8B,1.0,1.0,0.0,0.30999999999999994,1
bbh:test:317:d88ad9f02a98,Qwen3-8B,1.0,1.0,0.0,0.12999999999999998,1
bbh:test:511:fe8db4363a43,Qwen3-8B,1.0,1.0,0.0,0.47000000000000003,1
bbh:test:474:278fe3ad61fa,Qwen3-8B,1.0,1.0,0.0,0.13,1
bbh:test:887:6c99650bc486,Qwen3-8B,1.0,1.0,0.0,0.16999999999999998,1
bbh:test:83:3a4b05cdec0e,Qwen3-8B,0.0,1.0,1.0,0.39,1
bbh:test:673:3819893ece32,Qwen3-8B,1.0,1.0,0.0,0.31999999999999995,1
bbh:test:894:90042e9d1ddf,Qwen3-8B,1.0,1.0,0.0,0.26,1
bbh:test:484:84cd84cb2c4a,Qwen3-8B,1.0,1.0,0.0,0.5299999999999999,1
bbh:test:582:438e6226bc24,Qwen3-8B,1.0,1.0,0.0,0.37000000000000005,1
bbh:test:644:fcf00f36a8d8,Qwen3-8B,1.0,1.0,0.0,0.32999999999999996,1
bbh:test:398:be460caf71e5,Qwen3-8B,1.0,1.0,0.0,0.19999999999999998,1
bbh:test:24:fc99b5092884,Qwen3-8B,1.0,1.0,0.0,0.45999999999999996,1
bbh:test:793:69e2bff7b34a,Qwen3-8B,1.0,1.0,0.0,0.07999999999999999,1
bbh:test:280:a9b44874b93f,Qwen3-8B,1.0,1.0,0.0,0.26999999999999996,1
bbh:test:659:d967ddc92d04,Qwen3-8B,1.0,1.0,0.0,0.19,1
bbh:test:978:5f9c377d03a5,Qwen3-8B,1.0,1.0,0.0,0.15999999999999998,1
bbh:test:328:1ed0f0855e22,Qwen3-8B,1.0,1.0,0.0,0.13000000000000003,1
bbh:test:559:d1fc7135adeb,Qwen3-8B,1.0,1.0,0.0,0.36,1
bbh:test:348:303c83b9b322,Qwen3-8B,1.0,1.0,0.0,0.06,1
bbh:test:814:574599489ced,Qwen3-8B,1.0,1.0,0.0,0.10999999999999999,1
bbh:test:80:11a2669f6791,Qwen3-8B,1.0,1.0,0.0,0.39,1
bbh:test:148:536368102d4e,Qwen3-8B,0.0,1.0,1.0,0.16999999999999998,1
bbh:test:886:31270711cd1f,Qwen3-8B,1.0,1.0,0.0,0.19,1
bbh:test:438:07394864429d,Qwen3-8B,1.0,1.0,0.0,0.19999999999999998,1
bbh:test:695:30f1c57263dc,Qwen3-8B,1.0,1.0,0.0,0.1,1
bbh:test:810:396579c4f6a0,Qwen3-8B,1.0,1.0,0.0,0.09999999999999998,1
bbh:test:98:31f5536aa710,Qwen3-8B,1.0,1.0,0.0,0.54,1
bbh:test:491:ce20eb4393cf,Qwen3-8B,1.0,1.0,0.0,0.61,1
bbh:test:123:6b4cfc2a963a,Qwen3-8B,0.0,1.0,1.0,0.13999999999999999,1
bbh:test:566:ff6351351bd2,Qwen3-8B,1.0,1.0,0.0,0.48,1
bbh:test:145:985ad3d528ba,Qwen3-8B,0.0,1.0,1.0,0.29,1
bbh:test:359:d1d757c29615,NVIDIA-Nemotron-Nano-9B-v2,1.0,1.0,0.0,0.020000000000000018,1
bbh:test:29:5508e5f3f67d,Qwen3-8B,1.0,1.0,0.0,0.30000000000000004,1
bbh:test:338:01a364f86cc8,Qwen3-8B,1.0,1.0,0.0,0.15000000000000002,1
bbh:test:204:87895f855169,Qwen3-8B,1.0,1.0,0.0,0.06,1
bbh:test:674:66b7b46c9b21,Qwen3-8B,1.0,1.0,0.0,0.39,1
bbh:test:384:c9cd77ee1b8c,Qwen3-8B,1.0,1.0,0.0,0.23,1
bbh:test:288:81f2c9692f0d,Qwen3-8B,1.0,1.0,0.0,0.16000000000000003,1
bbh:test:580:6f4182109367,Qwen3-8B,1.0,1.0,0.0,0.35,1
bbh:test:764:d348cfb8753f,Qwen3-8B,0.0,1.0,1.0,0.07999999999999999,1
bbh:test:614:83c22cd4da57,Qwen3-8B,1.0,1.0,0.0,0.29,1
bbh:test:936:c303e374faae,Qwen3-8B,1.0,1.0,0.0,0.27,1
bbh:test:901:737d681137b0,Qwen3-8B,1.0,1.0,0.0,0.13,1
bbh:test:717:954573916768,Qwen3-8B,0.0,1.0,1.0,0.09,1
bbh:test:249:b62c34147540,Qwen3-8B,1.0,1.0,0.0,0.37,1
bbh:test:665:0089803b233e,Qwen3-8B,1.0,1.0,0.0,0.3,1
bbh:test:802:f8b2a8b899ee,Qwen3-8B,1.0,1.0,0.0,0.14,1
bbh:test:783:f5fc844cd71f,Qwen3-8B,0.0,1.0,1.0,0.13,1
bbh:test:514:d06246181a08,Qwen3-8B,1.0,1.0,0.0,0.68,1
bbh:test:960:48ea10a6ca63,Qwen3-8B,1.0,1.0,0.0,0.19999999999999998,1
bbh:test:144:179c58b3ea42,Qwen3-8B,0.0,1.0,1.0,0.22000000000000003,1
bbh:test:532:ffa429e390ad,Qwen3-8B,1.0,1.0,0.0,0.28,1
bbh:test:660:b67689aa10b5,Qwen3-8B,1.0,1.0,0.0,0.10000000000000003,1
bbh:test:678:40eec1430a57,Qwen3-8B,1.0,1.0,0.0,0.29000000000000004,1
bbh:test:479:10187372baa6,Qwen3-8B,0.0,1.0,1.0,0.11000000000000001,1
bbh:test:745:e0f2191bbc8d,Qwen3-8B,1.0,1.0,0.0,0.24,1
bbh:test:8:24939d3feaac,Qwen3-8B,1.0,1.0,0.0,0.21999999999999997,1
bbh:test:696:399aea5cffc8,Qwen3-8B,1.0,1.0,0.0,0.14999999999999997,1
bbh:test:573:9bff7d69d167,Qwen3-8B,1.0,1.0,0.0,0.4,1
bbh:test:467:9bf6caf43834,Qwen3-8B,1.0,1.0,0.0,0.13999999999999999,1
bbh:test:543:89a813a533bf,Qwen3-8B,1.0,1.0,0.0,0.4,1
bbh:test:129:37726a890723,Qwen3-8B,0.0,1.0,1.0,0.21000000000000002,1
bbh:test:797:c3f75788bbea,Qwen3-8B,1.0,1.0,0.0,0.07999999999999999,1
bbh:test:859:a5c8db8c6295,Qwen3-8B,1.0,1.0,0.0,0.18999999999999997,1
bbh:test:222:7daff539cfbd,Qwen3-8B,1.0,1.0,0.0,0.03999999999999998,1
bbh:test:608:5da0784c62e1,Qwen3-8B,1.0,1.0,0.0,0.19999999999999996,1
bbh:test:534:db66e50fe012,Qwen3-8B,1.0,1.0,0.0,0.41999999999999993,1
bbh:test:763:b215a3da0bad,Qwen3-8B,1.0,1.0,0.0,0.1,1
bbh:test:241:7b01c5adc8ce,Qwen3-8B,1.0,1.0,0.0,0.28,1
bbh:test:741:93dc0670b5ca,Qwen3-8B,0.0,1.0,1.0,0.27999999999999997,1
bbh:test:569:650e7d94d339,Qwen3-8B,1.0,1.0,0.0,0.35,1
bbh:test:748:d6878f6a971f,Qwen3-8B,0.0,0.0,0.0,0.30999999999999994,1
bbh:test:506:900f6c5881fb,Qwen3-8B,1.0,1.0,0.0,0.58,1
bbh:test:586:ffc938205c14,Qwen3-8B,1.0,1.0,0.0,0.29,1
bbh:test:1022:a2a5a6d85206,Qwen3-8B,1.0,1.0,0.0,0.3500000000000001,1
bbh:test:339:8b729861414d,Qwen3-8B,1.0,1.0,0.0,0.17,1
bbh:test:319:64f0dabdc6e4,Qwen3-8B,1.0,1.0,0.0,0.15000000000000002,1
bbh:test:1035:28f34f7b1a4f,Qwen3-8B,1.0,1.0,0.0,0.20999999999999996,1
bbh:test:827:d5fe9b66e853,Qwen3-8B,0.0,1.0,1.0,0.16999999999999996,1
bbh:test:272:96d4226c0ac2,Qwen3-8B,1.0,1.0,0.0,0.32,1
bbh:test:321:d5fdec1e722f,Qwen3-8B,1.0,1.0,0.0,0.17,1
bbh:test:1014:0f4b9b9dd659,Qwen3-8B,1.0,1.0,0.0,0.08999999999999997,1
bbh:test:65:1ef8c3067161,Qwen3-8B,1.0,1.0,0.0,0.33999999999999997,1
bbh:test:66:e55158eb4172,Qwen3-8B,1.0,1.0,0.0,0.19000000000000003,1
bbh:test:476:73535a63c4ab,Qwen3-8B,0.0,1.0,1.0,0.16999999999999996,1
bbh:test:368:f46cc874035e,Qwen3-8B,0.0,1.0,1.0,0.12999999999999998,1
bbh:test:880:6d4857d9276c,Qwen3-8B,1.0,1.0,0.0,0.15999999999999998,1
bbh:test:412:81f4cca8e73a,NVIDIA-Nemotron-Nano-9B-v2,1.0,1.0,0.0,0.04999999999999999,1
bbh:test:998:5137b1ade65d,Qwen3-8B,0.0,1.0,1.0,0.21000000000000002,1
bbh:test:116:47c93855bf24,Qwen3-8B,1.0,1.0,0.0,0.36,1
bbh:test:1021:cb2ecfc3479b,Qwen3-8B,1.0,1.0,0.0,0.17000000000000004,1
bbh:test:519:c9699570906a,Qwen3-8B,1.0,1.0,0.0,0.79,1
bbh:test:138:4901049c62a7,Qwen3-8B,0.0,1.0,1.0,0.26,1
bbh:test:854:de270eb82351,Qwen3-8B,1.0,1.0,0.0,0.10999999999999999,1
bbh:test:130:5903096a5429,Qwen3-8B,0.0,1.0,1.0,0.30999999999999994,1
bbh:test:458:c1ae55d27d07,Qwen3-8B,1.0,1.0,0.0,0.22000000000000003,1
bbh:test:385:367ad4cb9139,Qwen3-8B,1.0,1.0,0.0,0.15999999999999998,1
bbh:test:143:03478c3e0116,Qwen3-8B,0.0,1.0,1.0,0.15999999999999998,1
bbh:test:750:41c95347d908,Qwen3-8B,0.0,1.0,1.0,0.35,1
bbh:test:704:c68848312cc0,Qwen3-8B,1.0,1.0,0.0,0.13,1
bbh:test:466:9b835825006d,Qwen3-8B,0.0,1.0,1.0,0.12999999999999998,1
bbh:test:1033:c05068af060a,Qwen3-8B,1.0,1.0,0.0,0.27,1
bbh:test:50:c0ebcf890c5f,Qwen3-8B,1.0,1.0,0.0,0.25,1
bbh:test:403:e95a470f999e,Qwen3-8B,1.0,1.0,0.0,0.07999999999999996,1
bbh:test:314:95fc46be1ae9,Qwen3-8B,1.0,1.0,0.0,0.12,1
bbh:test:99:b4ba6ee67464,Qwen3-8B,1.0,1.0,0.0,0.4700000000000001,1
bbh:test:611:a270ee7c0d97,Qwen3-8B,1.0,1.0,0.0,0.38,1
bbh:test:449:223c814cb4d3,Qwen3-8B,1.0,1.0,0.0,0.13,1
bbh:test:1068:c8d559c73e00,Qwen3-8B,1.0,1.0,0.0,0.27,1
bbh:test:824:0d47014085bf,Qwen3-8B,0.0,1.0,1.0,0.07,1
bbh:test:375:d8b33f7496f9,Qwen3-8B,1.0,1.0,0.0,0.11999999999999997,1
bbh:test:890:91692dc9b758,Qwen3-8B,1.0,1.0,0.0,0.22000000000000003,1
emorynlp:test:112:b7f27aaaa396,Qwen3-8B,1.0,1.0,0.0,0.17,1
emorynlp:test:695:c7c9acddba70,Qwen3-8B,1.0,1.0,0.0,0.16999999999999998,1
emorynlp:test:299:7b0459c31a6d,Qwen3-8B,1.0,1.0,0.0,0.14,1
emorynlp:test:417:fe02d73ce066,Qwen3-8B,0.0,0.0,0.0,0.14,1
emorynlp:test:197:241741402f6c,Qwen3-8B,0.0,0.0,0.0,0.13,1
emorynlp:test:556:efd12fef1ab4,Qwen3-8B,1.0,1.0,0.0,0.11000000000000001,1
emorynlp:test:307:017ec1d73e8a,Qwen3-8B,1.0,1.0,0.0,0.09,1
emorynlp:test:111:fed32b5553e5,Qwen3-8B,1.0,1.0,0.0,0.07999999999999999,1
emorynlp:test:85:f3961b413cb4,Qwen3-8B,1.0,1.0,0.0,0.15000000000000002,1
emorynlp:test:352:e1874e6a6f71,Qwen3-8B,0.0,1.0,1.0,0.07999999999999999,1
emorynlp:test:126:2561b37dab0c,Qwen3-8B,1.0,1.0,0.0,0.12,1
emorynlp:test:460:ac1a05750754,Qwen3-8B,0.0,0.0,0.0,0.18,1
emorynlp:test:598:09bcfd63fab8,Qwen3-8B,1.0,1.0,0.0,0.1,1
emorynlp:test:453:00c0dd6c1ef0,Qwen3-8B,0.0,0.0,0.0,0.10999999999999999,1
emorynlp:test:408:55988d9039b3,Qwen3-8B,1.0,1.0,0.0,0.15000000000000002,1
emorynlp:test:64:ff263132cf5c,Qwen3-8B,1.0,1.0,0.0,0.13,1
emorynlp:test:170:87ba3660a49a,Qwen3-8B,1.0,1.0,0.0,0.17,1
emorynlp:test:18:4d311f7e07bd,Qwen3-8B,0.0,1.0,1.0,0.10999999999999999,1
emorynlp:test:568:1e167388322e,Qwen3-8B,1.0,1.0,0.0,0.13,1
emorynlp:test:104:17a816cfb548,Qwen3-8B,1.0,1.0,0.0,0.12,1
emorynlp:test:663:99c60da7de52,Qwen3-8B,0.0,1.0,1.0,0.14,1
emorynlp:test:642:c40e86d26af5,Qwen3-8B,0.0,0.0,0.0,0.21000000000000002,1
emorynlp:test:106:d1c5f6cc2c0e,Qwen3-8B,0.0,1.0,1.0,0.15000000000000002,1
emorynlp:test:139:55a91e0fadb9,Qwen3-8B,0.0,0.0,0.0,0.11999999999999998,1
emorynlp:test:58:3ede0d274c29,Qwen3-8B,0.0,1.0,1.0,0.13,1
emorynlp:test:496:c2269ba98d2a,Qwen3-8B,0.0,0.0,0.0,0.16,1
emorynlp:test:328:51355051e152,Qwen3-8B,1.0,1.0,0.0,0.15000000000000002,1
emorynlp:test:220:00830c4a9178,Qwen3-8B,0.0,0.0,0.0,0.10999999999999999,1
emorynlp:test:420:7976527bafb1,Qwen3-8B,1.0,1.0,0.0,0.2,1
emorynlp:test:21:6132ffb6435e,Qwen3-8B,1.0,1.0,0.0,0.17,1
emorynlp:test:613:4639789ea861,Qwen3-8B,0.0,0.0,0.0,0.13999999999999999,1
emorynlp:test:457:1ee3be11c72c,Qwen3-8B,0.0,1.0,1.0,0.1,1
emorynlp:test:234:5e3baf0cc3a6,Qwen3-8B,0.0,0.0,0.0,0.13999999999999999,1
emorynlp:test:228:215f3fb807e0,Qwen3-8B,1.0,1.0,0.0,0.09,1
emorynlp:test:554:a9a7e950c34e,Qwen3-8B,0.0,0.0,0.0,0.12000000000000002,1
emorynlp:test:671:4b643e412083,Qwen3-8B,0.0,1.0,1.0,0.09999999999999998,1
emorynlp:test:243:90649f75c24f,Qwen3-8B,1.0,1.0,0.0,0.12,1
emorynlp:test:366:9dda3ff01eb2,Qwen3-8B,0.0,1.0,1.0,0.13,1
emorynlp:test:20:38dce6104e38,Qwen3-8B,0.0,1.0,1.0,0.14999999999999997,1
emorynlp:test:427:706fcd7f182d,Qwen3-8B,1.0,1.0,0.0,0.12000000000000002,1
emorynlp:test:666:a83159255828,Qwen3-8B,1.0,1.0,0.0,0.10999999999999999,1
emorynlp:test:403:fc67e7493dcc,Qwen3-8B,0.0,0.0,0.0,0.12,1
emorynlp:test:572:dd6a3f5b4aa6,Qwen3-8B,1.0,1.0,0.0,0.12000000000000002,1
emorynlp:test:398:4a24634252b8,Qwen3-8B,0.0,1.0,1.0,0.07999999999999999,1
emorynlp:test:643:845ac4372a92,Qwen3-8B,0.0,1.0,1.0,0.21999999999999997,1
emorynlp:test:509:da8e43647c15,Qwen3-8B,0.0,0.0,0.0,0.14,1
emorynlp:test:586:f2feb28708e8,Qwen3-8B,0.0,1.0,1.0,0.12999999999999998,1
emorynlp:test:664:ab230d6cc62c,Qwen3-8B,0.0,1.0,1.0,0.12,1
emorynlp:test:603:c9fc18630ebf,Qwen3-8B,1.0,1.0,0.0,0.14,1
emorynlp:test:668:60f3395cf217,Qwen3-8B,0.0,1.0,1.0,0.18,1
emorynlp:test:357:7f7822e3dd3a,Qwen3-8B,1.0,1.0,0.0,0.18,1
emorynlp:test:284:da7dcc960988,Qwen3-8B,0.0,0.0,0.0,0.12999999999999998,1
emorynlp:test:283:30d0db15aba3,Qwen3-8B,0.0,0.0,0.0,0.16000000000000003,1
emorynlp:test:208:cd97f035621a,Qwen3-8B,0.0,1.0,1.0,0.10999999999999999,1
emorynlp:test:362:9ff5dda91414,Qwen3-8B,0.0,0.0,0.0,0.11999999999999998,1
emorynlp:test:475:7a5e426dc17b,Qwen3-8B,1.0,1.0,0.0,0.15999999999999998,1
emorynlp:test:637:4ed070f780e5,Qwen3-8B,0.0,1.0,1.0,0.16999999999999998,1
emorynlp:test:186:129d656e0951,Qwen3-8B,0.0,1.0,1.0,0.15000000000000002,1
emorynlp:test:395:9877a02a9a89,Qwen3-8B,1.0,1.0,0.0,0.12,1
emorynlp:test:196:f39a8f25ca60,Qwen3-8B,0.0,1.0,1.0,0.12,1
emorynlp:test:77:d37f1a714b61,Qwen3-8B,0.0,1.0,1.0,0.19,1
emorynlp:test:533:0af3d431b2fa,Qwen3-8B,1.0,1.0,0.0,0.14,1
emorynlp:test:652:2bcd06654d1e,Qwen3-8B,0.0,0.0,0.0,0.13999999999999996,1
emorynlp:test:209:eb9c0c66b92e,Qwen3-8B,0.0,0.0,0.0,0.18000000000000002,1
emorynlp:test:446:fcd882fac53f,Qwen3-8B,1.0,1.0,0.0,0.05000000000000002,1
emorynlp:test:389:ee600dcea71d,Qwen3-8B,1.0,1.0,0.0,0.12,1
emorynlp:test:547:cd3fc6e507c4,Qwen3-8B,1.0,1.0,0.0,0.2,1
emorynlp:test:531:785ae4e68d5b,Qwen3-8B,1.0,1.0,0.0,0.16999999999999998,1
emorynlp:test:136:1c8318bf9caf,Qwen3-8B,0.0,1.0,1.0,0.12000000000000002,1
emorynlp:test:558:2df7f1c04ed4,Qwen3-8B,0.0,1.0,1.0,0.10999999999999999,1
emorynlp:test:146:b9c2aa94ab08,Qwen3-8B,0.0,1.0,1.0,0.15000000000000002,1
emorynlp:test:584:f67212ab47b1,Qwen3-8B,1.0,1.0,0.0,0.11000000000000001,1
emorynlp:test:358:01c095ad145d,Qwen3-8B,0.0,1.0,1.0,0.14999999999999997,1
emorynlp:test:17:117c426a089c,Qwen3-8B,1.0,1.0,0.0,0.13,1
emorynlp:test:1:6a878a8511c1,Qwen3-8B,1.0,1.0,0.0,0.15999999999999998,1
emorynlp:test:168:6f23fc2fb61c,Qwen3-8B,1.0,1.0,0.0,0.13,1
emorynlp:test:330:1bebd752fbac,Qwen3-8B,0.0,0.0,0.0,0.13000000000000003,1
emorynlp:test:155:16b0479bd035,Qwen3-8B,0.0,1.0,1.0,0.13,1
emorynlp:test:292:3ed2fe408d05,Qwen3-8B,0.0,1.0,1.0,0.16,1
emorynlp:test:282:9f8ae1807b2c,Qwen3-8B,0.0,1.0,1.0,0.14,1
emorynlp:test:485:2cc0c5998d14,Qwen3-8B,0.0,0.0,0.0,0.09,1
emorynlp:test:24:b51d9600dc12,Qwen3-8B,0.0,1.0,1.0,0.15999999999999998,1
emorynlp:test:419:15e5cfe85c26,Qwen3-8B,0.0,0.0,0.0,0.18,1
emorynlp:test:601:58092cde0d03,Qwen3-8B,0.0,0.0,0.0,0.16000000000000003,1
emorynlp:test:507:f06cccfc2971,Qwen3-8B,0.0,0.0,0.0,0.14,1
emorynlp:test:660:84553822db62,Qwen3-8B,0.0,1.0,1.0,0.16999999999999998,1
emorynlp:test:13:2823297fe6b0,Qwen3-8B,0.0,1.0,1.0,0.12,1
emorynlp:test:540:bf6f4e42af37,Qwen3-8B,1.0,1.0,0.0,0.12000000000000002,1
emorynlp:test:124:d97e94a5cff7,Qwen3-8B,0.0,0.0,0.0,0.13,1
emorynlp:test:345:7e7ce7451513,Qwen3-8B,1.0,1.0,0.0,0.12,1
emorynlp:test:232:b3b21cc2819a,Qwen3-8B,1.0,1.0,0.0,0.14,1
emorynlp:test:560:3eb254c54cbf,Qwen3-8B,0.0,1.0,1.0,0.10999999999999999,1
emorynlp:test:615:ac278719ee36,Qwen3-8B,0.0,1.0,1.0,0.15000000000000002,1
emorynlp:test:676:c2117a06ce00,Qwen3-8B,0.0,1.0,1.0,0.15000000000000002,1
emorynlp:test:454:c1c7a6cea131,Qwen3-8B,1.0,1.0,0.0,0.13,1
emorynlp:test:400:d0798faa1195,Qwen3-8B,0.0,1.0,1.0,0.13,1
emorynlp:test:381:2c25db6501c9,Qwen3-8B,0.0,0.0,0.0,0.16999999999999998,1
emorynlp:test:253:a2811a02af4f,Qwen3-8B,0.0,1.0,1.0,0.16000000000000003,1
emorynlp:test:61:5d2e1ed24d68,Qwen3-8B,0.0,1.0,1.0,0.12,1
emorynlp:test:450:07c1ac9a1307,Qwen3-8B,1.0,1.0,0.0,0.12999999999999998,1
emorynlp:test:12:f9d972ed4fae,Qwen3-8B,0.0,1.0,1.0,0.15000000000000002,1
emorynlp:test:620:3c42b2f7c4a4,Qwen3-8B,0.0,0.0,0.0,0.15000000000000002,1
emorynlp:test:16:9d3586c228e5,Qwen3-8B,0.0,1.0,1.0,0.15,1
emorynlp:test:153:6cd1e7015a71,Qwen3-8B,1.0,1.0,0.0,0.15000000000000002,1
emorynlp:test:11:521ced1c8b23,Qwen3-8B,0.0,1.0,1.0,0.11000000000000001,1
emorynlp:test:204:54c5b466cbc3,Qwen3-8B,0.0,1.0,1.0,0.06999999999999998,1
emorynlp:test:263:b78c3fd7fd15,Qwen3-8B,0.0,0.0,0.0,0.14,1
emorynlp:test:429:37ed1446e987,Qwen3-8B,0.0,0.0,0.0,0.13,1
emorynlp:test:344:2f296372151c,Qwen3-8B,1.0,1.0,0.0,0.17,1
emorynlp:test:459:580dac625dc7,Qwen3-8B,1.0,1.0,0.0,0.15000000000000002,1
emorynlp:test:543:b847a8969a15,Qwen3-8B,1.0,1.0,0.0,0.12,1
emorynlp:test:654:8cea4873d4a5,Qwen3-8B,1.0,1.0,0.0,0.16999999999999998,1
emorynlp:test:495:37850a1dcc4a,Qwen3-8B,0.0,1.0,1.0,0.15999999999999998,1
emorynlp:test:694:176480ec70c9,Qwen3-8B,1.0,1.0,0.0,0.14,1
emorynlp:test:442:ce7863592a67,Qwen3-8B,1.0,1.0,0.0,0.12,1
emorynlp:test:486:fa1dfdd16623,Qwen3-8B,1.0,1.0,0.0,0.15,1
emorynlp:test:214:f06a9060e380,Qwen3-8B,0.0,1.0,1.0,0.17,1
emorynlp:test:691:583e7c4fe939,Qwen3-8B,1.0,1.0,0.0,0.2,1
emorynlp:test:173:64b3b21b3eba,Qwen3-8B,1.0,1.0,0.0,0.2,1
emorynlp:test:37:0274462482b9,Qwen3-8B,0.0,0.0,0.0,0.13,1
emorynlp:test:8:1dfb06bf65c7,Qwen3-8B,0.0,1.0,1.0,0.16999999999999998,1
emorynlp:test:212:05fb73eb753b,Qwen3-8B,0.0,0.0,0.0,0.10999999999999999,1
emorynlp:test:341:02931d343acc,Qwen3-8B,1.0,1.0,0.0,0.09999999999999998,1
emorynlp:test:272:eb9d0c41979e,Qwen3-8B,1.0,1.0,0.0,0.13,1
emorynlp:test:383:5d4a241707d0,Qwen3-8B,0.0,1.0,1.0,0.06999999999999998,1
emorynlp:test:693:e3a185f7f92e,Qwen3-8B,0.0,0.0,0.0,0.13999999999999999,1
emorynlp:test:298:2441403fe369,Qwen3-8B,0.0,1.0,1.0,0.14999999999999997,1
emorynlp:test:375:ee0a6a9cc117,Qwen3-8B,1.0,1.0,0.0,0.17,1
emorynlp:test:499:026376988038,Qwen3-8B,0.0,1.0,1.0,0.10999999999999999,1
emorynlp:test:469:dbdb29a38314,Qwen3-8B,0.0,0.0,0.0,0.16999999999999998,1
emorynlp:test:45:6d41413b19a2,Qwen3-8B,1.0,1.0,0.0,0.16999999999999998,1
emorynlp:test:79:a4ccf0b8cac8,Qwen3-8B,1.0,1.0,0.0,0.13000000000000003,1
emorynlp:test:658:584a1b77a604,Qwen3-8B,1.0,1.0,0.0,0.16000000000000003,1
emorynlp:test:148:fa48af20372a,Qwen3-8B,0.0,1.0,1.0,0.14,1
emorynlp:test:249:89bc3e2ff1bc,Qwen3-8B,1.0,1.0,0.0,0.12,1
emorynlp:test:458:f1106beed229,Qwen3-8B,0.0,1.0,1.0,0.10999999999999999,1
emorynlp:test:167:8eee1e41c623,Qwen3-8B,0.0,0.0,0.0,0.13,1
emorynlp:test:406:2279abe2fc76,Qwen3-8B,1.0,1.0,0.0,0.1,1
emorynlp:test:117:5e1107eed3bc,Qwen3-8B,0.0,1.0,1.0,0.16999999999999998,1
emorynlp:test:548:c0074e06cbc1,Qwen3-8B,0.0,0.0,0.0,0.19,1
finqa:test:440:4d9a7439a328,Qwen3-8B,1.0,1.0,0.0,0.32,1
finqa:test:736:28e66498fc49,Qwen3-8B,0.0,0.0,0.0,0.4,1
finqa:test:398:fbd80a13f575,Qwen3-8B,1.0,1.0,0.0,0.38,1
finqa:test:509:d20d0224507b,Qwen3-8B,0.0,0.0,0.0,0.49,1
finqa:test:616:5164a6be1390,Qwen3-8B,1.0,1.0,0.0,0.37,1
finqa:test:96:632d226fb59e,Qwen3-8B,0.0,1.0,1.0,0.44999999999999996,1
finqa:test:420:260502ed4bec,Qwen3-8B,1.0,1.0,0.0,0.39,1
finqa:test:947:f1196bd5d995,Qwen3-8B,1.0,1.0,0.0,0.45000000000000007,1
finqa:test:208:d4902c66126d,Qwen3-8B,1.0,1.0,0.0,0.36,1
finqa:test:1050:d60716384c23,Qwen3-8B,1.0,1.0,0.0,0.5800000000000001,1
finqa:test:984:456e10e7b2dd,Qwen3-8B,1.0,1.0,0.0,0.26,1
finqa:test:125:3207cc078b9d,Qwen3-8B,0.0,1.0,1.0,0.55,1
finqa:test:964:6477e1d67c6e,Qwen3-8B,1.0,1.0,0.0,0.5,1
finqa:test:710:bd2d1c5e9920,Qwen3-8B,0.0,0.0,0.0,0.42000000000000004,1
finqa:test:603:41bbc0a9ac6f,Qwen3-8B,0.0,1.0,1.0,0.28,1
finqa:test:385:7a1c0ffea7f1,Qwen3-8B,1.0,1.0,0.0,0.38,1
finqa:test:1094:9e6f65b6fcd1,Qwen3-8B,1.0,1.0,0.0,0.38,1
finqa:test:20:57518d6ddd96,Qwen3-8B,0.0,1.0,1.0,0.4,1
finqa:test:705:c920daf15e6f,Qwen3-8B,1.0,1.0,0.0,0.18999999999999997,1
finqa:test:1048:94ac1486fbe8,Qwen3-8B,1.0,1.0,0.0,0.41000000000000003,1
finqa:test:523:a5be831cea5e,Qwen3-8B,1.0,1.0,0.0,0.35,1
finqa:test:167:44da940200bc,Qwen3-8B,1.0,1.0,0.0,0.43000000000000005,1
finqa:test:825:6b40829a0ec4,Qwen3-8B,1.0,1.0,0.0,0.5800000000000001,1
finqa:test:865:f02a374f0dd2,Qwen3-8B,1.0,1.0,0.0,0.38,1
finqa:test:147:81b5a7669d07,Qwen3-8B,1.0,1.0,0.0,0.42000000000000004,1
finqa:test:338:d4172b018243,Qwen3-8B,1.0,1.0,0.0,0.54,1
finqa:test:357:64fd0eddb703,Qwen3-8B,0.0,0.0,0.0,0.4,1
finqa:test:195:059fe742d149,Qwen3-8B,1.0,1.0,0.0,0.43000000000000005,1
finqa:test:841:eefedb5e47f5,Qwen3-8B,1.0,1.0,0.0,0.32999999999999996,1
finqa:test:579:2d2f52e73c01,Qwen3-8B,1.0,1.0,0.0,0.39,1
finqa:test:32:d5f07592bf54,Qwen3-8B,1.0,1.0,0.0,0.43000000000000005,1
finqa:test:902:82c8f084f7a7,Qwen3-8B,1.0,1.0,0.0,0.36,1
finqa:test:1056:565e1fdf6dc3,Qwen3-8B,1.0,1.0,0.0,0.49,1
finqa:test:2:dae99ae07b78,Qwen3-8B,1.0,1.0,0.0,0.43000000000000005,1
finqa:test:946:cb8b068f9c13,Qwen3-8B,1.0,1.0,0.0,0.45999999999999996,1
finqa:test:1064:6b517cbf4928,Qwen3-8B,0.0,0.0,0.0,0.41000000000000003,1
finqa:test:432:09ebd91eb788,Qwen3-8B,1.0,1.0,0.0,0.33999999999999997,1
finqa:test:1089:b99cce74d649,Qwen3-8B,0.0,0.0,0.0,0.56,1
finqa:test:129:34a1b288b6ee,Qwen3-8B,1.0,1.0,0.0,0.32999999999999996,1
finqa:test:772:416d6cf17e94,Qwen3-8B,0.0,0.0,0.0,0.52,1
finqa:test:401:974bb8c3535e,Qwen3-8B,1.0,1.0,0.0,0.12,1
finqa:test:733:f0770fb164b5,Qwen3-8B,1.0,1.0,0.0,0.45000000000000007,1
finqa:test:956:026030820e62,Qwen3-8B,1.0,1.0,0.0,0.43000000000000005,1
finqa:test:844:afdb2b343b9a,Qwen3-8B,1.0,1.0,0.0,0.43000000000000005,1
finqa:test:510:515bfa691e62,Qwen3-8B,1.0,1.0,0.0,0.37,1
finqa:test:988:d84995b6b57b,Qwen3-8B,0.0,0.0,0.0,0.52,1
finqa:test:191:1c8f11626676,Qwen3-8B,0.0,1.0,1.0,0.12999999999999998,1
finqa:test:798:a897b7f92a42,Qwen3-8B,0.0,1.0,1.0,0.32999999999999996,1
finqa:test:502:826fa75f2b3f,Qwen3-8B,1.0,1.0,0.0,0.15999999999999998,1
finqa:test:981:4c84b54cc337,Qwen3-8B,1.0,1.0,0.0,0.43999999999999995,1
finqa:test:475:ac090583199a,Qwen3-8B,1.0,1.0,0.0,0.36,1
finqa:test:954:77fce25d8c03,Qwen3-8B,0.0,1.0,1.0,0.45999999999999996,1
finqa:test:443:4049b4e0676d,Qwen3-8B,1.0,1.0,0.0,0.31999999999999995,1
finqa:test:1085:40b5e03cfd3e,Qwen3-8B,1.0,1.0,0.0,0.55,1
finqa:test:880:a6ff99f4b77d,Qwen3-8B,1.0,1.0,0.0,0.55,1
finqa:test:1130:ff3979542b2a,Qwen3-8B,1.0,1.0,0.0,0.44999999999999996,1
finqa:test:334:002788af9146,Qwen3-8B,1.0,1.0,0.0,0.16,1
finqa:test:277:0b0e60c634b7,Qwen3-8B,1.0,1.0,0.0,0.37,1
finqa:test:473:642c2932f703,Qwen3-8B,0.0,0.0,0.0,0.33,1
finqa:test:477:5f34e15ae9d2,Qwen3-8B,1.0,1.0,0.0,0.32999999999999996,1
finqa:test:378:1f67945fbe5d,Qwen3-8B,1.0,1.0,0.0,0.5800000000000001,1
finqa:test:1101:a1f0fb37dba4,Qwen3-8B,1.0,1.0,0.0,0.48999999999999994,1
finqa:test:1090:b3309dd83ac9,Qwen3-8B,0.0,1.0,1.0,0.52,1
finqa:test:642:4bde0f64e3f9,Qwen3-8B,0.0,1.0,1.0,0.5,1
finqa:test:677:3d347c3af555,Qwen3-8B,0.0,1.0,1.0,0.26,1
finqa:test:170:e56bba493a3b,Qwen3-8B,1.0,1.0,0.0,0.45999999999999996,1
finqa:test:174:c9e42f15890c,Qwen3-8B,1.0,1.0,0.0,0.35,1
finqa:test:875:b3f42e747793,Qwen3-8B,1.0,1.0,0.0,0.51,1
finqa:test:134:1d66d3c68483,Qwen3-8B,1.0,1.0,0.0,0.43000000000000005,1
finqa:test:665:f1598bb37a75,Qwen3-8B,0.0,1.0,1.0,0.35,1
finqa:test:991:1087d81d6baa,Qwen3-8B,1.0,1.0,0.0,0.38,1
finqa:test:971:02d34197feaa,Qwen3-8B,1.0,1.0,0.0,0.49,1
finqa:test:447:521a5d4a61fd,Qwen3-8B,1.0,1.0,0.0,0.07999999999999999,1
finqa:test:146:6cf07f5791e7,Qwen3-8B,0.0,1.0,1.0,0.21,1
finqa:test:570:459911a03525,Qwen3-8B,1.0,1.0,0.0,0.32,1
finqa:test:547:5f07bcd27370,Qwen3-8B,1.0,1.0,0.0,0.54,1
finqa:test:702:6d6cc442dd57,Qwen3-8B,1.0,1.0,0.0,0.47,1
finqa:test:744:11b83678ec24,Qwen3-8B,1.0,1.0,0.0,0.42000000000000004,1
finqa:test:1073:e7c598ff89d3,Qwen3-8B,0.0,1.0,1.0,0.4700000000000001,1
finqa:test:309:cd1877f25b7c,Qwen3-8B,0.0,0.0,0.0,0.5800000000000001,1
finqa:test:789:256c16b7ad0c,Qwen3-8B,1.0,1.0,0.0,0.52,1
finqa:test:708:0318c1f1c624,Qwen3-8B,1.0,1.0,0.0,0.56,1
finqa:test:132:bf154f287c13,Qwen3-8B,1.0,1.0,0.0,0.4600000000000001,1
finqa:test:494:131733326090,Qwen3-8B,1.0,1.0,0.0,0.48,1
finqa:test:896:c6c03eaf5048,Qwen3-8B,1.0,1.0,0.0,0.47000000000000003,1
finqa:test:486:4256442ed24a,Qwen3-8B,0.0,1.0,1.0,0.5,1
finqa:test:670:56a08a5ae2ee,Qwen3-8B,0.0,1.0,1.0,0.31,1
finqa:test:645:7a3208c3aa0d,Qwen3-8B,1.0,1.0,0.0,0.33999999999999997,1
finqa:test:453:d0540a0a53e1,Qwen3-8B,1.0,1.0,0.0,0.32999999999999996,1
finqa:test:386:65dc8f22a295,Qwen3-8B,1.0,1.0,0.0,0.43000000000000005,1
finqa:test:166:27b4f8a23819,Qwen3-8B,1.0,1.0,0.0,0.5800000000000001,1
finqa:test:426:4bb32eadbb7a,Qwen3-8B,1.0,1.0,0.0,0.5800000000000001,1
finqa:test:1059:323926442ebc,Qwen3-8B,1.0,1.0,0.0,0.4,1
finqa:test:643:ce9a603ac0b9,Qwen3-8B,1.0,1.0,0.0,0.47,1
finqa:test:312:4d558746e4f8,Qwen3-8B,1.0,1.0,0.0,0.18,1
finqa:test:315:c6336e6b562b,Qwen3-8B,1.0,1.0,0.0,0.12,1
finqa:test:217:2a9af66aba6b,Qwen3-8B,1.0,1.0,0.0,0.65,1
finqa:test:153:48b1339466bf,Qwen3-8B,1.0,1.0,0.0,0.42000000000000004,1
finqa:test:392:4ee23b78a627,Qwen3-8B,1.0,1.0,0.0,0.15,1
finqa:test:815:90533c8c57eb,Qwen3-8B,0.0,0.0,0.0,0.29000000000000004,1
finqa:test:1132:74abc2884c3a,Qwen3-8B,0.0,0.0,0.0,0.55,1
finqa:test:439:370043650287,Qwen3-8B,1.0,1.0,0.0,0.26,1
finqa:test:343:22c54c1da66f,Qwen3-8B,0.0,1.0,1.0,0.45000000000000007,1
finqa:test:142:807c15670fd7,Qwen3-8B,1.0,1.0,0.0,0.44999999999999996,1
finqa:test:1119:d25d000c0f1c,Qwen3-8B,1.0,1.0,0.0,0.37,1
finqa:test:593:96156a849de9,Qwen3-8B,1.0,1.0,0.0,0.53,1
finqa:test:221:36ea624e2197,Qwen3-8B,1.0,1.0,0.0,0.51,1
finqa:test:516:0983c048a389,Qwen3-8B,1.0,1.0,0.0,0.6000000000000001,1
finqa:test:685:d78e10dcf021,Qwen3-8B,1.0,1.0,0.0,0.17,1
finqa:test:846:a6fd9f46d9cd,Qwen3-8B,1.0,1.0,0.0,0.36,1
finqa:test:164:68c3eca1d933,Qwen3-8B,1.0,1.0,0.0,0.41000000000000003,1
finqa:test:1092:01036928fa75,Qwen3-8B,1.0,1.0,0.0,0.5,1
finqa:test:858:11e8cfadbba5,Qwen3-8B,1.0,1.0,0.0,0.48,1
finqa:test:797:7b0feb3a24e6,Qwen3-8B,0.0,1.0,1.0,0.4,1
finqa:test:73:f71a0510a995,Qwen3-8B,1.0,1.0,0.0,0.24,1
finqa:test:1025:dea18aff9fd0,Qwen3-8B,1.0,1.0,0.0,0.52,1
finqa:test:712:c67022522477,Qwen3-8B,1.0,1.0,0.0,0.5800000000000001,1
finqa:test:84:40b2011f0116,Qwen3-8B,1.0,1.0,0.0,0.33999999999999997,1
finqa:test:54:3425b0cb4dd2,Qwen3-8B,1.0,1.0,0.0,0.28,1
finqa:test:103:db8d4e2ca4df,Qwen3-8B,1.0,1.0,0.0,0.42000000000000004,1
finqa:test:930:2d26edce28f9,Qwen3-8B,1.0,1.0,0.0,0.5,1
finqa:test:832:8b3e36493b4a,Qwen3-8B,1.0,1.0,0.0,0.37,1
finqa:test:951:86c504324b3d,Qwen3-8B,1.0,1.0,0.0,0.54,1
finqa:test:365:e5cbe74e1bae,Qwen3-8B,0.0,1.0,1.0,0.45000000000000007,1
finqa:test:371:3e8ff9f21a36,Qwen3-8B,1.0,1.0,0.0,0.36,1
finqa:test:1113:6b4da4a19571,Qwen3-8B,0.0,1.0,1.0,0.34,1
finqa:test:68:702f1132f453,Qwen3-8B,1.0,1.0,0.0,0.33999999999999997,1
finqa:test:1068:e975d74106bd,Qwen3-8B,1.0,1.0,0.0,0.48,1
finqa:test:256:3d5dfeec443c,Qwen3-8B,1.0,1.0,0.0,0.36,1
finqa:test:1111:d0d5e49a1405,Qwen3-8B,0.0,1.0,1.0,0.31999999999999995,1
finqa:test:62:62ceaa9de132,Qwen3-8B,1.0,1.0,0.0,0.13999999999999999,1
finqa:test:584:549f1af5deef,Qwen3-8B,0.0,1.0,1.0,0.55,1
finqa:test:983:62d1d4518f7d,Qwen3-8B,0.0,0.0,0.0,0.25,1
finqa:test:717:8c0cbe16e577,Qwen3-8B,0.0,1.0,1.0,0.42000000000000004,1
finqa:test:716:d3c5b2377f13,Qwen3-8B,1.0,1.0,0.0,0.32999999999999996,1
finqa:test:162:b222d33c639c,Qwen3-8B,1.0,1.0,0.0,0.33,1
finqa:test:3:9142bb160eef,Qwen3-8B,1.0,1.0,0.0,0.36,1
finqa:test:99:c9303f1b46d9,Qwen3-8B,0.0,0.0,0.0,0.5900000000000001,1
finqa:test:829:4b6b59365f6e,Qwen3-8B,1.0,1.0,0.0,0.16,1
finqa:test:668:84eaba028639,Qwen3-8B,1.0,1.0,0.0,0.49,1
finqa:test:485:2ee872f297c8,Qwen3-8B,1.0,1.0,0.0,0.11000000000000001,1
finqa:test:433:2c1013c133d5,Qwen3-8B,0.0,0.0,0.0,0.65,1
finqa:test:1005:72f6737fe29a,Qwen3-8B,0.0,1.0,1.0,0.31,1
finqa:test:910:d7702ce48303,Qwen3-8B,1.0,1.0,0.0,0.47,1
finqa:test:698:34eee54f5f73,Qwen3-8B,1.0,1.0,0.0,0.33999999999999997,1
finqa:test:1037:ebd26e411935,Qwen3-8B,1.0,1.0,0.0,0.5,1
finqa:test:598:339fe5f9d642,Qwen3-8B,1.0,1.0,0.0,0.27,1
finqa:test:826:a1dfb024426f,Qwen3-8B,1.0,1.0,0.0,0.49,1
finqa:test:344:005425886786,Qwen3-8B,0.0,0.0,0.0,0.43000000000000005,1
finqa:test:940:62ac920341f7,Qwen3-8B,0.0,0.0,0.0,0.52,1
finqa:test:833:aad162e6522a,Qwen3-8B,1.0,1.0,0.0,0.41000000000000003,1
finqa:test:78:ed52dc69e2b3,Qwen3-8B,1.0,1.0,0.0,0.38,1
finqa:test:94:be722a74e8d5,Qwen3-8B,1.0,1.0,0.0,0.37,1
finqa:test:86:24e0fb6d86e8,Qwen3-8B,1.0,1.0,0.0,0.51,1
finqa:test:1079:89951bfabada,Qwen3-8B,1.0,1.0,0.0,0.5800000000000001,1
finqa:test:788:5919c6d26870,Qwen3-8B,1.0,1.0,0.0,0.5,1
finqa:test:970:976c99e307a8,Qwen3-8B,0.0,0.0,0.0,0.48,1
finqa:test:838:3d025ef09ade,Qwen3-8B,0.0,0.0,0.0,0.36,1
finqa:test:1022:46a8ad53e943,Qwen3-8B,1.0,1.0,0.0,0.39,1
finqa:test:688:f8adf9085ec8,Qwen3-8B,0.0,0.0,0.0,0.29000000000000004,1
finqa:test:278:4ccf3da27d01,Qwen3-8B,1.0,1.0,0.0,0.4700000000000001,1
finqa:test:613:5ef9c3a2b36e,Qwen3-8B,1.0,1.0,0.0,0.36,1
finqa:test:800:c22aaa123943,Qwen3-8B,1.0,1.0,0.0,0.56,1
finqa:test:775:e9d06f7a7247,Qwen3-8B,1.0,1.0,0.0,0.51,1
finqa:test:157:f8ba696eabb8,Qwen3-8B,1.0,1.0,0.0,0.35,1
finqa:test:70:599ec1e82c2e,Qwen3-8B,1.0,1.0,0.0,0.32,1
finqa:test:601:e1f395422c72,Qwen3-8B,1.0,1.0,0.0,0.44000000000000006,1
finqa:test:612:dc2478e46f55,Qwen3-8B,1.0,1.0,0.0,0.32,1
finqa:test:904:b9fbdbf6fc6d,Qwen3-8B,1.0,1.0,0.0,0.35,1
finqa:test:718:d9de3ae564b8,Qwen3-8B,1.0,1.0,0.0,0.31999999999999995,1
finqa:test:97:0d42afcb0b38,Qwen3-8B,0.0,0.0,0.0,0.39,1
finqa:test:110:af6a2363da84,Qwen3-8B,0.0,1.0,1.0,0.32999999999999996,1
finqa:test:877:6443d2b72a36,Qwen3-8B,1.0,1.0,0.0,0.5700000000000001,1
finqa:test:1118:5e4995175703,Qwen3-8B,1.0,1.0,0.0,0.6199999999999999,1
finqa:test:183:b6f53ed3df7e,Qwen3-8B,1.0,1.0,0.0,0.53,1
finqa:test:241:0d31bfc4a156,Qwen3-8B,1.0,1.0,0.0,0.48,1
finqa:test:749:c37b803a5d02,Qwen3-8B,0.0,1.0,1.0,0.45999999999999996,1
finqa:test:740:db994c589d39,Qwen3-8B,0.0,0.0,0.0,0.53,1
finqa:test:243:d1eb3b53f4b8,Qwen3-8B,1.0,1.0,0.0,0.51,1
finqa:test:228:58f00a025cd9,Qwen3-8B,1.0,1.0,0.0,0.37,1
finqa:test:39:ed8c9b1bc346,Qwen3-8B,0.0,1.0,1.0,0.37,1
finqa:test:932:4124a75f68b2,Qwen3-8B,0.0,1.0,1.0,0.41000000000000003,1
finqa:test:1054:22fac60e557d,Qwen3-8B,0.0,0.0,0.0,0.31,1
finqa:test:1002:c92dc09d1b84,Qwen3-8B,0.0,0.0,0.0,0.27999999999999997,1
finqa:test:480:6872c3836fb0,Qwen3-8B,1.0,1.0,0.0,0.56,1
finqa:test:791:890ce1a03aac,Qwen3-8B,0.0,0.0,0.0,0.42000000000000004,1
finqa:test:507:6cb98f1d912f,Qwen3-8B,1.0,1.0,0.0,0.29999999999999993,1
finqa:test:117:643b2981ae8b,Qwen3-8B,1.0,1.0,0.0,0.44999999999999996,1
finqa:test:696:45f1cb8e95ab,Qwen3-8B,1.0,1.0,0.0,0.29000000000000004,1
finqa:test:290:eb9fe10d005c,Qwen3-8B,1.0,1.0,0.0,0.5900000000000001,1
finqa:test:678:ed2861f125e4,Qwen3-8B,0.0,1.0,1.0,0.49,1
finqa:test:660:1186fa547703,Qwen3-8B,1.0,1.0,0.0,0.48,1
finqa:test:684:c07bb8002524,Qwen3-8B,1.0,1.0,0.0,0.29,1
finqa:test:955:facf6529c2f3,Qwen3-8B,0.0,1.0,1.0,0.54,1
finqa:test:143:2f436ed2ad07,Qwen3-8B,1.0,1.0,0.0,0.47,1
finqa:test:10:981b72c4bcce,Qwen3-8B,1.0,1.0,0.0,0.39,1
finqa:test:1015:7cc9ef9d9f0d,Qwen3-8B,1.0,1.0,0.0,0.27999999999999997,1
finqa:test:407:723a6b9fc824,Qwen3-8B,0.0,1.0,1.0,0.33,1
finqa:test:299:28d3d272a858,Qwen3-8B,1.0,1.0,0.0,0.32999999999999996,1
finqa:test:652:13903bcea7d9,Qwen3-8B,1.0,1.0,0.0,0.23999999999999996,1
finqa:test:377:99a616882367,Qwen3-8B,1.0,1.0,0.0,0.52,1
finqa:test:238:ec885ca9a0a8,Qwen3-8B,1.0,1.0,0.0,0.29000000000000004,1
finqa:test:22:f25b61491696,Qwen3-8B,1.0,1.0,0.0,0.30000000000000004,1
finqa:test:81:65cfa1a24582,Qwen3-8B,0.0,0.0,0.0,0.42000000000000004,1
finqa:test:903:e27c061b54ea,Qwen3-8B,1.0,1.0,0.0,0.28,1
finqa:test:1014:96f8ef690b80,Qwen3-8B,0.0,1.0,1.0,0.56,1
finqa:test:606:dfc9d377e612,Qwen3-8B,1.0,1.0,0.0,0.44000000000000006,1
finqa:test:943:4f47ebb8f48d,Qwen3-8B,1.0,1.0,0.0,0.5900000000000001,1
finqa:test:810:5b7d052fa1ae,Qwen3-8B,1.0,1.0,0.0,0.5,1
finqa:test:1041:36d9f6059c85,Qwen3-8B,1.0,1.0,0.0,0.32,1
finqa:test:581:a7d25796cd67,Qwen3-8B,0.0,1.0,1.0,0.45999999999999996,1
finqa:test:676:fe0add03392f,Qwen3-8B,1.0,1.0,0.0,0.49,1
finqa:test:774:eeb9db10984f,Qwen3-8B,0.0,0.0,0.0,0.27999999999999997,1
finqa:test:1019:24eb16b3bd40,Qwen3-8B,1.0,1.0,0.0,0.5800000000000001,1
finqa:test:885:ecf29ef1326a,Qwen3-8B,1.0,1.0,0.0,0.55,1
finqa:test:264:357c0d48bb20,Qwen3-8B,0.0,0.0,0.0,0.37,1
finqa:test:223:7e1b9c3dc186,Qwen3-8B,1.0,1.0,0.0,0.4700000000000001,1
finqa:test:59:2fbdbc63db92,Qwen3-8B,0.0,1.0,1.0,0.47,1
finqa:test:285:9fc8e2413746,Qwen3-8B,0.0,1.0,1.0,0.32999999999999996,1
finqa:test:11:1fab28e8a0bd,Qwen3-8B,1.0,1.0,0.0,0.36,1
finqa:test:1017:dbf077fa60d4,Qwen3-8B,0.0,1.0,1.0,0.26,1
finqa:test:624:4b50b61d88e2,Qwen3-8B,1.0,1.0,0.0,0.22999999999999998,1
finqa:test:190:0a2ce9e8013e,Qwen3-8B,1.0,1.0,0.0,0.37,1
finqa:test:17:5037c8f8b638,Qwen3-8B,1.0,1.0,0.0,0.29,1
finqa:test:562:7766f1aa0295,Qwen3-8B,1.0,1.0,0.0,0.48,1
finqa:test:154:9ba10bb94a19,Qwen3-8B,1.0,1.0,0.0,0.32,1
finqa:test:944:b4d05a22b50d,Qwen3-8B,1.0,1.0,0.0,0.5800000000000001,1
finqa:test:853:e4d0fadf1ca7,Qwen3-8B,0.0,0.0,0.0,0.4,1
finqa:test:779:78d521daeebc,Qwen3-8B,0.0,0.0,0.0,0.41000000000000003,1
finqa:test:553:076bc9915aca,Qwen3-8B,1.0,1.0,0.0,0.26,1
gpqa:test:96:6dbc821cf1e8,Qwen3-8B,1.0,1.0,0.0,0.44999999999999996,1
gpqa:test:156:fbb67db09cc4,Qwen3-8B,0.0,1.0,1.0,0.29000000000000004,1
gpqa:test:129:97ee966605a4,Qwen3-8B,0.0,1.0,1.0,0.37000000000000005,1
gpqa:test:95:9623da2e2d43,Qwen3-8B,1.0,1.0,0.0,0.27,1
gpqa:test:198:888abd3e43c5,Qwen3-8B,1.0,1.0,0.0,0.31999999999999995,1
gpqa:test:98:064fc95df0e6,Qwen3-8B,0.0,1.0,1.0,0.24,1
gpqa:test:124:7b4e4814ea66,Qwen3-8B,0.0,1.0,1.0,0.32,1
gpqa:test:130:1b04aca1c9a8,Qwen3-8B,0.0,1.0,1.0,0.19,1
gpqa:test:190:640734f6fc04,Qwen3-8B,1.0,1.0,0.0,0.22000000000000003,1
gpqa:test:70:2218de804d67,Qwen3-8B,0.0,1.0,1.0,0.27,1
gpqa:test:78:d47e4e9bf508,Qwen3-8B,0.0,1.0,1.0,0.59,1
gpqa:test:24:52addcd74a32,Qwen3-8B,1.0,1.0,0.0,0.28,1
gpqa:test:17:1ce3d847d25b,Qwen3-8B,1.0,1.0,0.0,0.42000000000000004,1
gpqa:test:112:cd18749d0354,Qwen3-8B,1.0,1.0,0.0,0.61,1
gpqa:test:120:ec3a07db51d6,Qwen3-8B,1.0,1.0,0.0,0.49,1
gpqa:test:80:26d8064f45ec,Qwen3-8B,0.0,1.0,1.0,0.5,1
gpqa:test:76:4e7f8a4be33b,Qwen3-8B,0.0,1.0,1.0,0.27999999999999997,1
gpqa:test:15:6b778965b459,Qwen3-8B,1.0,1.0,0.0,0.32,1
gpqa:test:14:435ccdce7cc6,Qwen3-8B,1.0,1.0,0.0,0.26,1
gpqa:test:197:0a60b7f0d026,Qwen3-8B,0.0,1.0,1.0,0.38,1
gpqa:test:53:ca2abe8a98bc,Qwen3-8B,0.0,1.0,1.0,0.28,1
gpqa:test:38:5de312dfe856,Qwen3-8B,0.0,1.0,1.0,0.20999999999999996,1
gpqa:test:28:7de614ad423b,Qwen3-8B,1.0,1.0,0.0,0.34,1
gpqa:test:100:339602fd0ae9,Qwen3-8B,0.0,1.0,1.0,0.17999999999999997,1
gpqa:test:92:bc850ba2c328,Qwen3-8B,0.0,1.0,1.0,0.33,1
gpqa:test:170:b29c219900e2,Qwen3-8B,1.0,1.0,0.0,0.55,1
gpqa:test:22:bab1b1167025,Qwen3-8B,0.0,1.0,1.0,0.27,1
gpqa:test:144:60c9747de98d,Qwen3-8B,1.0,1.0,0.0,0.42000000000000004,1
gpqa:test:125:6c90e464e06f,Qwen3-8B,1.0,1.0,0.0,0.51,1
gpqa:test:175:0dbcc69ff355,Qwen3-8B,0.0,1.0,1.0,0.47,1
gpqa:test:99:e23b62b19c3a,Qwen3-8B,0.0,1.0,1.0,0.28,1
gpqa:test:21:c36e4e343983,Qwen3-8B,0.0,1.0,1.0,0.11000000000000001,1
gpqa:test:185:29f96711820e,Qwen3-8B,1.0,1.0,0.0,0.6200000000000001,1
gpqa:test:111:d2a22ef37512,Qwen3-8B,0.0,0.0,0.0,0.38,1
gpqa:test:10:a7767b17f62c,Qwen3-8B,1.0,1.0,0.0,0.39,1
gpqa:test:157:a817452b182a,Qwen3-8B,1.0,1.0,0.0,0.37000000000000005,1
gpqa:test:136:9dd2c450e600,Qwen3-8B,1.0,1.0,0.0,0.56,1
gpqa:test:137:65aadc97adc0,Qwen3-8B,0.0,1.0,1.0,0.48,1
gpqa:test:13:bf35194a0d6e,Qwen3-8B,1.0,1.0,0.0,0.33,1
gpqa:test:66:559b3c846280,Qwen3-8B,1.0,1.0,0.0,0.32999999999999996,1
humaneval:test:14:d7eff1e8b0e8,Qwen3-8B,1.0,1.0,0.0,0.67,1
humaneval:test:36:75bf452e7cfe,Qwen3-8B,1.0,1.0,0.0,0.65,1
humaneval:test:19:7e9d261f684e,Qwen3-8B,1.0,1.0,0.0,0.55,1
humaneval:test:93:249838df4eaf,Qwen3-8B,0.0,1.0,1.0,0.61,1
humaneval:test:61:6008bde8c086,Qwen3-8B,1.0,1.0,0.0,0.6900000000000001,1
humaneval:test:163:bad44d37c167,Qwen3-8B,1.0,1.0,0.0,0.63,1
humaneval:test:96:f58e1986530d,Qwen3-8B,0.0,1.0,1.0,0.52,1
humaneval:test:142:d4c4bfc71170,Qwen3-8B,0.0,1.0,1.0,0.51,1
humaneval:test:29:0bb9fe316d53,Qwen3-8B,1.0,1.0,0.0,0.59,1
humaneval:test:35:40b78aa4e8dc,Qwen3-8B,1.0,1.0,0.0,0.58,1
humaneval:test:37:124eddb16c3e,Qwen3-8B,1.0,1.0,0.0,0.64,1
humaneval:test:43:fa9f288229c9,Qwen3-8B,1.0,1.0,0.0,0.58,1
humaneval:test:161:392d9f272cfd,Qwen3-8B,1.0,1.0,0.0,0.5900000000000001,1
humaneval:test:99:44307ad0e15b,Qwen3-8B,1.0,1.0,0.0,0.55,1
humaneval:test:91:c6cb7f9855b5,Qwen3-8B,0.0,1.0,1.0,0.61,1
humaneval:test:9:0b4a085a2ced,Qwen3-8B,1.0,1.0,0.0,0.64,1
humaneval:test:44:487f53609768,Qwen3-8B,0.0,1.0,1.0,0.62,1
humaneval:test:17:ead054f1336c,Qwen3-8B,1.0,1.0,0.0,0.54,1
humaneval:test:129:76f925823914,Qwen3-8B,0.0,1.0,1.0,0.66,1
humaneval:test:68:06ddab5670c3,Qwen3-8B,1.0,1.0,0.0,0.5,1
humaneval:test:48:ffe9b969e9f7,Qwen3-8B,1.0,1.0,0.0,0.5700000000000001,1
humaneval:test:84:3e025d530f4b,Qwen3-8B,0.0,1.0,1.0,0.7300000000000001,1
humaneval:test:148:52f52c0ee490,Qwen3-8B,0.0,1.0,1.0,0.67,1
humaneval:test:80:650c65bfac6d,Qwen3-8B,1.0,1.0,0.0,0.58,1
humaneval:test:23:d8987f493e11,Qwen3-8B,0.0,1.0,1.0,0.59,1
humaneval:test:65:607c0a7d34e2,Qwen3-8B,1.0,1.0,0.0,0.56,1
humaneval:test:87:ac4cfc5e40be,Qwen3-8B,1.0,1.0,0.0,0.5,1
humaneval:test:133:93ce8e0c8deb,Qwen3-8B,0.0,0.0,0.0,0.52,1
humaneval:test:122:135801a3d76d,Qwen3-8B,1.0,1.0,0.0,0.68,1
humaneval:test:42:5b4426a98f01,Qwen3-8B,1.0,1.0,0.0,0.62,1
humaneval:test:164:b79a4c992ce3,Qwen3-8B,0.0,0.0,0.0,0.68,1
humaneval:test:52:1de855a68636,Qwen3-8B,1.0,1.0,0.0,0.55,1
humaneval:test:160:7a20c0f4c96f,Qwen3-8B,1.0,1.0,0.0,0.6,1
kandk:test:371:0f986c9cd7db,Qwen3-8B,1.0,1.0,0.0,0.18,1
kandk:test:97:320fe5dab8a9,Qwen3-8B,1.0,1.0,0.0,0.13999999999999996,1
kandk:test:233:4da79d1cbd1d,Qwen3-8B,0.0,1.0,1.0,0.08000000000000002,1
kandk:test:519:363119eb3763,Qwen3-8B,0.0,1.0,1.0,0.15999999999999998,1
kandk:test:200:d6856f3ac8b9,Qwen3-8B,1.0,1.0,0.0,0.25,1
kandk:test:496:9665d6da02c3,Qwen3-8B,1.0,1.0,0.0,0.26,1
kandk:test:58:edd76b2de316,Qwen3-8B,0.0,1.0,1.0,0.03999999999999998,1
kandk:test:199:20d2beb48b9f,Qwen3-8B,1.0,1.0,0.0,0.12,1
kandk:test:112:f5d8241fc6c5,Qwen3-8B,1.0,1.0,0.0,0.18,1
kandk:test:332:0914f6e77710,Qwen3-8B,1.0,1.0,0.0,0.13,1
kandk:test:362:1badd2e42dec,Qwen3-8B,0.0,1.0,1.0,0.15999999999999998,1
kandk:test:30:398465573519,Qwen3-8B,0.0,1.0,1.0,0.2,1
kandk:test:145:2b00d58567e1,Qwen3-8B,1.0,1.0,0.0,0.08000000000000002,1
kandk:test:22:573d574a870b,Qwen3-8B,0.0,1.0,1.0,0.2,1
kandk:test:377:e46406ed23ae,Qwen3-8B,1.0,1.0,0.0,0.13,1
kandk:test:133:364dbdf8d87b,Qwen3-8B,1.0,1.0,0.0,0.13,1
kandk:test:134:85af58dda0d7,Qwen3-8B,1.0,1.0,0.0,0.09999999999999998,1
kandk:test:40:cb168817b78e,Qwen3-8B,1.0,1.0,0.0,0.10999999999999999,1
kandk:test:149:e17d9b7c278d,Qwen3-8B,1.0,1.0,0.0,0.13,1
kandk:test:367:34116e15a1d1,Qwen3-8B,1.0,1.0,0.0,0.16999999999999998,1
kandk:test:65:df99aef501a7,Qwen3-8B,0.0,1.0,1.0,0.15999999999999998,1
kandk:test:586:a36582024374,Qwen3-8B,1.0,1.0,0.0,0.08000000000000002,1
kandk:test:549:3a2a0d917bd0,Qwen3-8B,1.0,1.0,0.0,0.21000000000000002,1
kandk:test:404:37b3f5d9140f,Qwen3-8B,1.0,1.0,0.0,0.16000000000000003,1
kandk:test:509:7c01993cd849,Qwen3-8B,1.0,1.0,0.0,0.16999999999999998,1
kandk:test:615:e1df42df3bdb,Qwen3-8B,1.0,1.0,0.0,0.19,1
kandk:test:38:549e59835139,Qwen3-8B,1.0,1.0,0.0,0.13,1
kandk:test:683:56d8fbdc05ff,Qwen3-8B,1.0,1.0,0.0,0.2,1
kandk:test:465:fa4c76eaec56,Qwen3-8B,0.0,1.0,1.0,0.12,1
kandk:test:231:bca0f70f55d5,Qwen3-8B,1.0,1.0,0.0,0.09000000000000002,1
kandk:test:189:ef0068ce8dba,Qwen3-8B,1.0,1.0,0.0,0.03999999999999998,1
kandk:test:240:7f43ca14efbe,Qwen3-8B,0.0,1.0,1.0,0.17000000000000004,1
kandk:test:157:7f7bca641386,Qwen3-8B,1.0,1.0,0.0,0.12,1
kandk:test:505:74c32ba323e1,Qwen3-8B,1.0,1.0,0.0,0.12999999999999995,1
kandk:test:624:8aa8599ccb50,Qwen3-8B,1.0,1.0,0.0,0.19,1
kandk:test:472:11ea8fae7018,Qwen3-8B,1.0,1.0,0.0,0.21000000000000002,1
kandk:test:456:81acb39b0924,Qwen3-8B,1.0,1.0,0.0,0.09000000000000002,1
kandk:test:581:341807683fc1,Qwen3-8B,1.0,1.0,0.0,0.26,1
kandk:test:168:19396f442edd,Qwen3-8B,1.0,1.0,0.0,0.16999999999999998,1
kandk:test:342:ed70adcef7c3,Qwen3-8B,1.0,1.0,0.0,0.21000000000000002,1
kandk:test:680:0ef9c6416c40,Qwen3-8B,1.0,1.0,0.0,0.25,1
kandk:test:700:3be350b818a5,Qwen3-8B,1.0,1.0,0.0,0.21999999999999997,1
kandk:test:135:b840db9d60c4,Qwen3-8B,1.0,1.0,0.0,0.13,1
kandk:test:671:e13bb9247612,Qwen3-8B,1.0,1.0,0.0,0.26,1
kandk:test:132:b7565aae6c97,Qwen3-8B,1.0,1.0,0.0,0.18,1
kandk:test:162:c79cc3606c25,Qwen3-8B,1.0,1.0,0.0,0.15999999999999998,1
kandk:test:329:e75ea871f654,Qwen3-8B,1.0,1.0,0.0,0.14999999999999997,1
kandk:test:513:8019ea7285b7,Qwen3-8B,0.0,1.0,1.0,0.18,1
kandk:test:572:0dcb358bd0ac,Qwen3-8B,1.0,1.0,0.0,0.16999999999999998,1
kandk:test:178:6c9f90b8343a,Qwen3-8B,1.0,1.0,0.0,0.09000000000000002,1
kandk:test:358:5945a81b35ac,Qwen3-8B,1.0,1.0,0.0,0.2,1
kandk:test:407:1470681b5b87,Qwen3-8B,1.0,1.0,0.0,0.15000000000000002,1
kandk:test:188:522d02c59582,Qwen3-8B,0.0,1.0,1.0,0.15999999999999998,1
kandk:test:300:54c46d0d1bc7,Qwen3-8B,1.0,1.0,0.0,0.18,1
kandk:test:294:229e3ce3bbde,Qwen3-8B,1.0,1.0,0.0,0.15000000000000002,1
kandk:test:241:f9242dc04627,Qwen3-8B,1.0,1.0,0.0,0.14,1
kandk:test:20:9f2b89fc2857,Qwen3-8B,1.0,1.0,0.0,0.12,1
kandk:test:95:3f2f31e807be,Qwen3-8B,0.0,1.0,1.0,0.13,1
kandk:test:364:8d1262e46956,Qwen3-8B,1.0,1.0,0.0,0.02999999999999997,1
kandk:test:104:4ac2d9ceaa2e,Qwen3-8B,1.0,1.0,0.0,0.09000000000000002,1
kandk:test:242:bc7e955968bf,Qwen3-8B,0.0,1.0,1.0,0.27,1
kandk:test:123:3e5848b36dd8,Qwen3-8B,1.0,1.0,0.0,0.09000000000000002,1
kandk:test:264:f196e4f6bb27,Qwen3-8B,0.0,1.0,1.0,0.11000000000000004,1
kandk:test:409:cd6a6db53602,Qwen3-8B,1.0,1.0,0.0,0.26,1
kandk:test:500:9678baa0686a,Qwen3-8B,1.0,1.0,0.0,0.16000000000000003,1
kandk:test:191:3f489d8b4ef0,Qwen3-8B,1.0,1.0,0.0,0.16000000000000003,1
kandk:test:657:189c7771508e,Qwen3-8B,1.0,1.0,0.0,0.18,1
kandk:test:345:25c5da4c5b6b,Qwen3-8B,1.0,1.0,0.0,0.14999999999999997,1
kandk:test:66:3efffd99ceb7,Qwen3-8B,1.0,1.0,0.0,0.12999999999999995,1
kandk:test:660:758a09f9851f,Qwen3-8B,1.0,1.0,0.0,0.20999999999999996,1
kandk:test:45:d7197d607e0b,Qwen3-8B,1.0,1.0,0.0,0.10999999999999999,1
kandk:test:263:de27cbbf03fe,Qwen3-8B,0.0,1.0,1.0,0.24,1
kandk:test:614:f291972be266,Qwen3-8B,1.0,1.0,0.0,0.30000000000000004,1
kandk:test:528:3838a69996b0,Qwen3-8B,0.0,1.0,1.0,0.13,1
kandk:test:247:5b957344a460,Qwen3-8B,1.0,1.0,0.0,0.12,1
kandk:test:281:a2ecfd813193,Qwen3-8B,1.0,1.0,0.0,0.14999999999999997,1
kandk:test:344:aa77e1d9f80e,Qwen3-8B,1.0,1.0,0.0,0.18000000000000005,1
kandk:test:501:17858296a4cd,Qwen3-8B,1.0,1.0,0.0,0.16999999999999998,1
kandk:test:278:8f0f20195470,Qwen3-8B,0.0,1.0,1.0,0.12,1
kandk:test:538:76433b485480,Qwen3-8B,1.0,1.0,0.0,0.14,1
kandk:test:484:8eaa8ff5c21f,Qwen3-8B,1.0,1.0,0.0,0.15999999999999998,1
kandk:test:102:5a2c188eb8a7,Qwen3-8B,1.0,1.0,0.0,0.14999999999999997,1
kandk:test:679:e7aa2f004807,Qwen3-8B,1.0,1.0,0.0,0.17000000000000004,1
kandk:test:553:60e7d98f60de,Qwen3-8B,1.0,1.0,0.0,0.26,1
kandk:test:425:70358d6c963a,Qwen3-8B,1.0,1.0,0.0,0.14,1
kandk:test:503:1315e417240d,Qwen3-8B,1.0,1.0,0.0,0.22000000000000003,1
kandk:test:437:efdc0741bb17,Qwen3-8B,1.0,1.0,0.0,0.09999999999999998,1
kandk:test:487:caf535cf0298,Qwen3-8B,1.0,1.0,0.0,0.13999999999999996,1
kandk:test:672:f5c9505c0012,Qwen3-8B,1.0,1.0,0.0,0.21000000000000002,1
kandk:test:554:4e8860f5f984,Qwen3-8B,1.0,1.0,0.0,0.08000000000000002,1
kandk:test:90:8b51441a81b7,Qwen3-8B,0.0,1.0,1.0,0.15999999999999998,1
kandk:test:511:9eca2d2cc43a,Qwen3-8B,1.0,1.0,0.0,0.2,1
kandk:test:148:438b3e9bd04f,Qwen3-8B,1.0,1.0,0.0,0.13,1
kandk:test:420:3d1d57f76594,Qwen3-8B,0.0,1.0,1.0,0.16999999999999998,1
kandk:test:608:6ac1086432dc,Qwen3-8B,1.0,1.0,0.0,0.27,1
kandk:test:318:4a58b45a091a,Qwen3-8B,1.0,1.0,0.0,0.16999999999999998,1
kandk:test:290:2345fcff580c,Qwen3-8B,1.0,1.0,0.0,0.19,1
kandk:test:327:fb250fea6248,Qwen3-8B,1.0,1.0,0.0,0.09000000000000002,1
kandk:test:131:e030704b0081,Qwen3-8B,1.0,1.0,0.0,0.16999999999999998,1
kandk:test:448:6a78b8e53047,Qwen3-8B,1.0,1.0,0.0,0.21000000000000002,1
kandk:test:422:cce1819333e1,Qwen3-8B,1.0,1.0,0.0,0.13999999999999996,1
kandk:test:373:c7e481cb5619,Qwen3-8B,1.0,1.0,0.0,0.15999999999999998,1
kandk:test:405:56c59f41d16f,Qwen3-8B,0.0,1.0,1.0,0.06,1
kandk:test:566:ad456bac667e,Qwen3-8B,1.0,1.0,0.0,0.15999999999999998,1
kandk:test:398:53f361c171fc,Qwen3-8B,1.0,1.0,0.0,0.14999999999999997,1
kandk:test:692:13a63c95c420,Qwen3-8B,1.0,1.0,0.0,0.13999999999999996,1
kandk:test:246:d993fd93868b,Qwen3-8B,1.0,1.0,0.0,0.11000000000000004,1
kandk:test:67:662405fbdebd,Qwen3-8B,0.0,1.0,1.0,0.09000000000000002,1
kandk:test:627:f31027363d47,Qwen3-8B,1.0,1.0,0.0,0.2,1
kandk:test:271:5f0384787c55,Qwen3-8B,1.0,1.0,0.0,0.22,1
kandk:test:688:85ce22a19d5e,Qwen3-8B,1.0,1.0,0.0,0.23999999999999996,1
kandk:test:516:b15e126957b4,Qwen3-8B,1.0,1.0,0.0,0.16999999999999998,1
kandk:test:226:38b6fafbd3cc,Qwen3-8B,0.0,1.0,1.0,0.09999999999999998,1
kandk:test:3:86a535989815,Qwen3-8B,0.0,1.0,1.0,0.15999999999999998,1
kandk:test:166:41470914c1b4,Qwen3-8B,1.0,1.0,0.0,0.14999999999999997,1
kandk:test:56:2d4706800779,Qwen3-8B,1.0,1.0,0.0,0.08000000000000002,1
kandk:test:630:4c88677d583b,Qwen3-8B,1.0,1.0,0.0,0.19,1
kandk:test:629:45e4aadfbcb6,Qwen3-8B,1.0,1.0,0.0,0.19,1
kandk:test:209:d5f30fd58c5a,Qwen3-8B,1.0,1.0,0.0,0.15999999999999998,1
kandk:test:419:5af5da578d39,Qwen3-8B,1.0,1.0,0.0,0.18,1
kandk:test:334:c78834b78c9a,Qwen3-8B,0.0,1.0,1.0,0.13999999999999996,1
kandk:test:663:b85dae130764,Qwen3-8B,1.0,1.0,0.0,0.18,1
kandk:test:127:7521f0dbaa31,Qwen3-8B,1.0,1.0,0.0,0.10000000000000003,1
kandk:test:555:0a5657da8aaa,Qwen3-8B,0.0,1.0,1.0,0.15999999999999998,1
kandk:test:256:9ab947f218b9,Qwen3-8B,1.0,1.0,0.0,0.15000000000000002,1
kandk:test:54:6cbb47dfcb52,Qwen3-8B,0.0,1.0,1.0,0.19,1
kandk:test:417:d5a93846de4c,Qwen3-8B,1.0,1.0,0.0,0.25,1
kandk:test:315:d0b29dadd04f,Qwen3-8B,0.0,1.0,1.0,0.12,1
kandk:test:291:436a62e1aa28,Qwen3-8B,1.0,1.0,0.0,0.16999999999999998,1
kandk:test:382:a4797b29e1a5,Qwen3-8B,0.0,1.0,1.0,0.28,1
kandk:test:218:e967af85a619,Qwen3-8B,1.0,1.0,0.0,0.14999999999999997,1
kandk:test:635:fadb24cf473e,Qwen3-8B,1.0,1.0,0.0,0.14999999999999997,1
kandk:test:159:5842602fe2d6,Qwen3-8B,1.0,1.0,0.0,0.13,1
kandk:test:612:74904a1ede7f,Qwen3-8B,1.0,1.0,0.0,0.16000000000000003,1
kandk:test:306:093a23ef7a30,Qwen3-8B,1.0,1.0,0.0,0.18,1
kandk:test:23:4225b8d02e70,Qwen3-8B,0.0,1.0,1.0,0.14999999999999997,1
kandk:test:558:1fc130e078db,Qwen3-8B,1.0,1.0,0.0,0.21000000000000002,1
kandk:test:323:a51913738252,Qwen3-8B,1.0,1.0,0.0,0.2,1
kandk:test:426:970f138100ff,Qwen3-8B,1.0,1.0,0.0,0.19,1
kandk:test:343:b77e28aceeed,Qwen3-8B,1.0,1.0,0.0,0.18,1
korbench:test:706:01b4f191a09b,Qwen3-8B,0.0,0.0,0.0,0.54,1
korbench:test:872:00754b575dd4,Qwen3-8B,1.0,1.0,0.0,0.21999999999999997,1
korbench:test:1207:a3f82e05b316,Qwen3-8B,1.0,1.0,0.0,0.27,1
korbench:test:493:6eaec7d04cc5,Qwen3-8B,1.0,1.0,0.0,0.66,1
korbench:test:27:4d43bfbab98b,Qwen3-8B,1.0,1.0,0.0,0.45,1
korbench:test:1172:5d7c142eed25,NVIDIA-Nemotron-Nano-9B-v2,1.0,1.0,0.0,0.03999999999999998,1
korbench:test:266:6e12df68a0d9,Qwen3-8B,0.0,1.0,1.0,0.38,1
korbench:test:979:d980417ef2bb,Qwen3-8B,1.0,1.0,0.0,0.22999999999999998,1
korbench:test:942:e2ca846fa201,Qwen3-8B,0.0,1.0,1.0,0.2,1
korbench:test:285:3d05e2e3b064,Qwen3-8B,1.0,1.0,0.0,0.57,1
korbench:test:795:6fb2d5d827c9,Qwen3-8B,1.0,1.0,0.0,0.25,1
korbench:test:497:f427c5b18e49,Qwen3-8B,1.0,1.0,0.0,0.44,1
korbench:test:789:0556a8af4bea,Qwen3-8B,1.0,1.0,0.0,0.15,1
korbench:test:1023:65318352f7b6,Qwen3-8B,1.0,1.0,0.0,0.19000000000000003,1
korbench:test:431:0bee7b08e036,Qwen3-8B,0.0,1.0,1.0,0.5399999999999999,1
korbench:test:413:7ff09895222c,Qwen3-8B,1.0,1.0,0.0,0.5399999999999999,1
korbench:test:1017:0a325025990c,Qwen3-8B,0.0,1.0,1.0,0.09999999999999998,1
korbench:test:886:7f6cf269040f,Qwen3-8B,1.0,1.0,0.0,0.1,1
korbench:test:391:fd7a4eb34d22,Qwen3-8B,0.0,0.0,0.0,0.65,1
korbench:test:671:1fbd01b2b25c,Qwen3-8B,0.0,0.0,0.0,0.55,1
korbench:test:146:22d5eab83552,Qwen3-8B,1.0,1.0,0.0,0.39,1
korbench:test:140:8b4fcb7bf406,Qwen3-8B,0.0,1.0,1.0,0.56,1
korbench:test:64:70f89c4c3cf8,Qwen3-8B,1.0,1.0,0.0,0.39999999999999997,1
korbench:test:1092:f21d513300f3,Qwen3-8B,0.0,1.0,1.0,0.10999999999999999,1
korbench:test:445:a97d11cfc6d6,Qwen3-8B,1.0,1.0,0.0,0.36,1
korbench:test:652:b08d7b81d210,Qwen3-8B,0.0,1.0,1.0,0.54,1
korbench:test:318:bf211e3395d7,Qwen3-8B,0.0,1.0,1.0,0.52,1
korbench:test:971:bd7c85dc8137,Qwen3-8B,1.0,1.0,0.0,0.22000000000000003,1
korbench:test:245:be6711fc6486,Qwen3-8B,1.0,1.0,0.0,0.46,1
korbench:test:651:869c4d78354b,Qwen3-8B,0.0,0.0,0.0,0.5900000000000001,1
korbench:test:723:93e57738aa13,Qwen3-8B,0.0,0.0,0.0,0.5,1
korbench:test:198:451e39d45db9,Qwen3-8B,0.0,1.0,1.0,0.44000000000000006,1
korbench:test:1093:16a4fd649191,Qwen3-8B,0.0,1.0,1.0,0.08000000000000002,1
korbench:test:1202:bf55874389f5,Qwen3-8B,1.0,1.0,0.0,0.28,1
korbench:test:868:2d008694b4c8,Qwen3-8B,1.0,1.0,0.0,0.16999999999999998,1
korbench:test:1137:0a2cf055488a,Qwen3-8B,1.0,1.0,0.0,0.09000000000000002,1
korbench:test:427:3f6ae455c77f,Qwen3-8B,1.0,1.0,0.0,0.5800000000000001,1
korbench:test:862:a4acfca328dd,Qwen3-8B,1.0,1.0,0.0,0.15,1
korbench:test:196:89cc8f46707c,Qwen3-8B,0.0,1.0,1.0,0.35,1
korbench:test:531:62963b93c37f,Qwen3-8B,0.0,1.0,1.0,0.23000000000000004,1
korbench:test:717:afeb33bfddf9,Qwen3-8B,0.0,0.0,0.0,0.51,1
korbench:test:1189:831cee17b812,Qwen3-8B,1.0,1.0,0.0,0.12999999999999998,1
korbench:test:269:5687fe565883,Qwen3-8B,1.0,1.0,0.0,0.5399999999999999,1
korbench:test:173:4ae0393f1355,Qwen3-8B,0.0,1.0,1.0,0.52,1
korbench:test:745:120ce0786a43,Qwen3-8B,0.0,0.0,0.0,0.56,1
korbench:test:141:c7a762bc5542,Qwen3-8B,0.0,1.0,1.0,0.45,1
korbench:test:1088:c338369fcc66,Qwen3-8B,0.0,0.0,0.0,0.21999999999999997,1
korbench:test:689:8b67c99632c1,Qwen3-8B,0.0,0.0,0.0,0.5,1
korbench:test:990:832e3cc18aba,Qwen3-8B,1.0,1.0,0.0,0.19999999999999998,1
korbench:test:310:2f97df52ade6,Qwen3-8B,1.0,1.0,0.0,0.38999999999999996,1
korbench:test:187:c52afe99040d,Qwen3-8B,1.0,1.0,0.0,0.45000000000000007,1
korbench:test:86:7e5b14077b62,Qwen3-8B,1.0,1.0,0.0,0.30000000000000004,1
korbench:test:584:3fdff497158b,Qwen3-8B,1.0,1.0,0.0,0.52,1
korbench:test:18:9ca4564507df,Qwen3-8B,1.0,1.0,0.0,0.45,1
korbench:test:840:2658b73bc144,Qwen3-8B,1.0,1.0,0.0,0.18000000000000002,1
korbench:test:1199:19060ef4c5c2,Qwen3-8B,1.0,1.0,0.0,0.19999999999999998,1
korbench:test:769:7d2c9e4bd222,Qwen3-8B,1.0,1.0,0.0,0.12000000000000002,1
korbench:test:172:0d9a28c8851d,Qwen3-8B,1.0,1.0,0.0,0.44000000000000006,1
korbench:test:89:75199722d472,Qwen3-8B,0.0,1.0,1.0,0.45000000000000007,1
korbench:test:261:89e5e42b4677,Qwen3-8B,0.0,1.0,1.0,0.6,1
korbench:test:944:1371e0fbad12,Qwen3-8B,1.0,1.0,0.0,0.12000000000000002,1
korbench:test:842:2b6102b4c186,Qwen3-8B,1.0,1.0,0.0,0.4,1
korbench:test:8:ee7b505a4416,Qwen3-8B,1.0,1.0,0.0,0.41000000000000003,1
korbench:test:77:fa9ed666174c,Qwen3-8B,0.0,1.0,1.0,0.4,1
korbench:test:855:e4e91db44cf8,Qwen3-8B,1.0,1.0,0.0,0.28,1
korbench:test:794:bc986570cfe4,Qwen3-8B,1.0,1.0,0.0,0.22000000000000003,1
korbench:test:478:7ab523aa448a,Qwen3-8B,0.0,1.0,1.0,0.65,1
korbench:test:1113:f3e877a6e92b,NVIDIA-Nemotron-Nano-9B-v2,0.0,1.0,1.0,0.03999999999999998,1
korbench:test:1056:be47e219992a,Qwen3-8B,1.0,1.0,0.0,0.31,1
korbench:test:1177:c581e0628f9e,Qwen3-8B,1.0,1.0,0.0,0.03,1
korbench:test:322:132176cd0fae,Qwen3-8B,1.0,1.0,0.0,0.5599999999999999,1
korbench:test:485:4000935b0d3d,Qwen3-8B,0.0,1.0,1.0,0.65,1
korbench:test:385:6e1065a59cc1,Qwen3-8B,0.0,0.0,0.0,0.5599999999999999,1
korbench:test:1010:e24c1ebf702e,Qwen3-8B,1.0,1.0,0.0,0.21,1
korbench:test:612:f3e0262598a1,Qwen3-8B,0.0,1.0,1.0,0.53,1
korbench:test:234:cbafebd129aa,Qwen3-8B,1.0,1.0,0.0,0.4600000000000001,1
korbench:test:1067:584d373d5203,Qwen3-8B,0.0,1.0,1.0,0.41000000000000003,1
korbench:test:483:580621086039,Qwen3-8B,1.0,1.0,0.0,0.59,1
korbench:test:21:6afb6c973852,Qwen3-8B,1.0,1.0,0.0,0.44,1
korbench:test:1037:008031d780a4,Qwen3-8B,0.0,0.0,0.0,0.27,1
korbench:test:1146:1a1178555895,Qwen3-8B,0.0,1.0,1.0,0.16999999999999998,1
korbench:test:1213:3ef6937d0d0a,Qwen3-8B,1.0,1.0,0.0,0.07,1
korbench:test:918:db48719b36e0,Qwen3-8B,1.0,1.0,0.0,0.18,1
korbench:test:848:fbd03cfed197,Qwen3-8B,1.0,1.0,0.0,0.19999999999999998,1
korbench:test:1245:6d32560fdcaf,Qwen3-8B,1.0,1.0,0.0,0.18,1
korbench:test:505:6b33a79d6248,Qwen3-8B,0.0,0.0,0.0,0.16,1
korbench:test:976:b47b55519959,Qwen3-8B,1.0,1.0,0.0,0.12999999999999998,1
korbench:test:694:2f993e69fd0c,Qwen3-8B,0.0,0.0,0.0,0.55,1
korbench:test:471:9a1c074cb3e0,Qwen3-8B,1.0,1.0,0.0,0.65,1
korbench:test:672:8a08d4cd23be,Qwen3-8B,0.0,0.0,0.0,0.6000000000000001,1
korbench:test:430:5f10bf8b3379,Qwen3-8B,0.0,1.0,1.0,0.53,1
korbench:test:56:b48e092f5b91,Qwen3-8B,0.0,1.0,1.0,0.46,1
korbench:test:1073:1226885bcb63,Qwen3-8B,1.0,1.0,0.0,0.010000000000000009,1
korbench:test:467:b898e1b0f53f,Qwen3-8B,0.0,0.0,0.0,0.63,1
korbench:test:494:f6a440e792e2,Qwen3-8B,0.0,1.0,1.0,0.5499999999999999,1
korbench:test:268:2e596e5ea851,Qwen3-8B,0.0,0.0,0.0,0.59,1
korbench:test:53:7819ecdbb331,Qwen3-8B,0.0,1.0,1.0,0.47000000000000003,1
korbench:test:305:88d94e3ab1a2,Qwen3-8B,1.0,1.0,0.0,0.59,1
korbench:test:573:26211e122915,Qwen3-8B,0.0,0.0,0.0,0.32999999999999996,1
korbench:test:299:6a46ae1d1bfb,Qwen3-8B,1.0,1.0,0.0,0.42000000000000004,1
korbench:test:476:7d1f14584abc,Qwen3-8B,0.0,1.0,1.0,0.63,1
korbench:test:323:f4eeaca3b6db,Qwen3-8B,0.0,0.0,0.0,0.7000000000000001,1
korbench:test:663:c335f36d09dd,Qwen3-8B,0.0,0.0,0.0,0.5,1
korbench:test:695:c3d5296cb82d,Qwen3-8B,0.0,0.0,0.0,0.47,1
korbench:test:640:5f08f9622cc3,Qwen3-8B,0.0,0.0,0.0,0.6000000000000001,1
korbench:test:12:cab2f65d523c,Qwen3-8B,1.0,1.0,0.0,0.41,1
korbench:test:452:8c8ab6a4b7ac,Qwen3-8B,1.0,1.0,0.0,0.5399999999999999,1
korbench:test:1065:d99ebc7a4a50,Qwen3-8B,0.0,1.0,1.0,0.45999999999999996,1
korbench:test:608:4e6ce1c6c58d,Qwen3-8B,0.0,0.0,0.0,0.5800000000000001,1
korbench:test:853:c434c6e9ded1,Qwen3-8B,1.0,1.0,0.0,0.32999999999999996,1
korbench:test:801:06497ea87ba8,Qwen3-8B,1.0,1.0,0.0,0.37,1
korbench:test:186:68c0c36a0072,Qwen3-8B,1.0,1.0,0.0,0.31,1
korbench:test:966:3b10cf3892fa,Qwen3-8B,1.0,1.0,0.0,0.10999999999999999,1
korbench:test:639:c547473e5540,Qwen3-8B,0.0,0.0,0.0,0.5900000000000001,1
korbench:test:45:937cb7cc42c1,Qwen3-8B,1.0,1.0,0.0,0.44,1
korbench:test:510:9970ec48a9dd,Qwen3-8B,0.0,1.0,1.0,0.15,1
korbench:test:900:f95b4aba3c67,Qwen3-8B,1.0,1.0,0.0,0.1,1
korbench:test:1152:61a8aa8c9cde,Qwen3-8B,1.0,1.0,0.0,0.010000000000000009,1
korbench:test:654:347307f9e7e8,Qwen3-8B,0.0,0.0,0.0,0.5700000000000001,1
korbench:test:461:e4e84afed757,Qwen3-8B,0.0,0.0,0.0,0.7200000000000001,1
korbench:test:32:6ea2b9ab3d3f,Qwen3-8B,1.0,1.0,0.0,0.44000000000000006,1
korbench:test:211:1860b5fe601c,Qwen3-8B,0.0,1.0,1.0,0.47000000000000003,1
korbench:test:1133:d635d70c809e,Qwen3-8B,1.0,1.0,0.0,0.32999999999999996,1
korbench:test:715:db7cd50e576f,Qwen3-8B,0.0,0.0,0.0,0.52,1
korbench:test:998:d0954463ada3,Qwen3-8B,1.0,1.0,0.0,0.27,1
korbench:test:668:7c21020b5f22,Qwen3-8B,1.0,1.0,0.0,0.5,1
korbench:test:237:72a3a3d7a815,Qwen3-8B,1.0,1.0,0.0,0.52,1
korbench:test:756:7d5bddc3282b,Qwen3-8B,1.0,1.0,0.0,0.21,1
korbench:test:354:8f672626de75,Qwen3-8B,1.0,1.0,0.0,0.33999999999999997,1
korbench:test:276:9c56bb1d9f7b,Qwen3-8B,1.0,1.0,0.0,0.46,1
korbench:test:258:a35164593897,Qwen3-8B,0.0,0.0,0.0,0.58,1
korbench:test:790:062fbf7c2779,Qwen3-8B,1.0,1.0,0.0,0.16,1
korbench:test:372:61fc165a2ab1,Qwen3-8B,0.0,0.0,0.0,0.51,1
korbench:test:1122:cb306a3564b1,Qwen3-8B,0.0,1.0,1.0,0.019999999999999962,1
korbench:test:58:0cf43e555f9b,Qwen3-8B,0.0,1.0,1.0,0.39,1
korbench:test:520:7e63dde5042a,Qwen3-8B,0.0,1.0,1.0,0.09999999999999998,1
korbench:test:791:bd68e7eec48d,Qwen3-8B,1.0,1.0,0.0,0.09,1
korbench:test:799:8e4aaf0c6537,Qwen3-8B,1.0,1.0,0.0,0.09,1
korbench:test:2:1fb444b972c4,Qwen3-8B,1.0,1.0,0.0,0.39999999999999997,1
korbench:test:785:b455737366d5,Qwen3-8B,1.0,1.0,0.0,0.32999999999999996,1
korbench:test:165:3941b771f0e0,Qwen3-8B,0.0,1.0,1.0,0.46,1
korbench:test:208:a4aff47caf64,Qwen3-8B,1.0,1.0,0.0,0.49,1
korbench:test:788:e1bd45dc1df7,Qwen3-8B,1.0,1.0,0.0,0.39,1
korbench:test:1044:b9a2efd37e02,Qwen3-8B,0.0,0.0,0.0,0.15000000000000002,1
korbench:test:929:d2e2d7aaad0d,Qwen3-8B,1.0,1.0,0.0,0.09999999999999998,1
korbench:test:459:99a90faa7c5d,Qwen3-8B,0.0,0.0,0.0,0.67,1
korbench:test:384:796d0208997b,Qwen3-8B,0.0,0.0,0.0,0.63,1
korbench:test:9:7e097138e4e9,Qwen3-8B,1.0,1.0,0.0,0.48,1
korbench:test:52:ff49ff273295,Qwen3-8B,1.0,1.0,0.0,0.38,1
korbench:test:262:d043ee0d1177,Qwen3-8B,0.0,1.0,1.0,0.5599999999999999,1
korbench:test:896:2a8e82389f4d,Qwen3-8B,1.0,1.0,0.0,0.07999999999999996,1
korbench:test:637:a6467a6e4c77,Qwen3-8B,0.0,0.0,0.0,0.5,1
korbench:test:484:b945fffaa4aa,Qwen3-8B,0.0,1.0,1.0,0.66,1
korbench:test:959:a49ad5e05dea,Qwen3-8B,1.0,1.0,0.0,0.26,1
korbench:test:843:67918cfa3f59,Qwen3-8B,1.0,1.0,0.0,0.31999999999999995,1
korbench:test:1028:5807bc9f6cbf,Qwen3-8B,0.0,1.0,1.0,0.42000000000000004,1
korbench:test:475:4000935b0d3d,Qwen3-8B,0.0,1.0,1.0,0.62,1
korbench:test:939:25ea0db8a850,Qwen3-8B,1.0,1.0,0.0,0.11000000000000001,1
korbench:test:830:0d1aeaca6990,Qwen3-8B,1.0,1.0,0.0,0.29,1
korbench:test:15:86f626725471,Qwen3-8B,1.0,1.0,0.0,0.46,1
korbench:test:556:e725ff032d6e,Qwen3-8B,1.0,1.0,0.0,0.22,1
korbench:test:1005:7320dae1cd71,Qwen3-8B,1.0,1.0,0.0,0.21000000000000002,1
korbench:test:517:1cb0d9026642,Qwen3-8B,0.0,1.0,1.0,0.10999999999999999,1
korbench:test:768:cbdd7eb0fcfa,Qwen3-8B,1.0,1.0,0.0,0.20000000000000004,1
korbench:test:101:a688ff6445ed,Qwen3-8B,0.0,1.0,1.0,0.43,1
korbench:test:1208:0d24e77f7414,Qwen3-8B,1.0,1.0,0.0,0.29999999999999993,1
korbench:test:554:7106b387a488,Qwen3-8B,1.0,1.0,0.0,0.19,1
korbench:test:920:ad4a219de500,Qwen3-8B,1.0,1.0,0.0,0.07000000000000003,1
korbench:test:732:fbdebfc4b61c,Qwen3-8B,1.0,1.0,0.0,0.32999999999999996,1
korbench:test:169:6fd695a651f1,Qwen3-8B,0.0,1.0,1.0,0.52,1
korbench:test:1154:e041fc170d6c,Qwen3-8B,1.0,1.0,0.0,0.09000000000000002,1
korbench:test:117:e029d49d99eb,Qwen3-8B,0.0,0.0,0.0,0.49000000000000005,1
korbench:test:405:4dab92bc11e7,Qwen3-8B,0.0,0.0,0.0,0.64,1
korbench:test:444:c081c877130f,Qwen3-8B,1.0,1.0,0.0,0.37,1
korbench:test:116:65adf1508281,Qwen3-8B,0.0,1.0,1.0,0.36,1
korbench:test:227:ba70364ae122,Qwen3-8B,1.0,1.0,0.0,0.43,1
korbench:test:180:423546de8223,Qwen3-8B,0.0,0.0,0.0,0.43000000000000005,1
korbench:test:1161:3de41a6647e8,Qwen3-8B,1.0,1.0,0.0,0.16999999999999998,1
korbench:test:733:50b5121a19a3,Qwen3-8B,1.0,1.0,0.0,0.26,1
korbench:test:190:1f23af1aa938,Qwen3-8B,0.0,1.0,1.0,0.4,1
korbench:test:877:e39346e96acb,Qwen3-8B,1.0,1.0,0.0,0.21000000000000002,1
korbench:test:605:93f8f60d4687,Qwen3-8B,0.0,0.0,0.0,0.69,1
korbench:test:365:cee5c0f950fb,Qwen3-8B,0.0,0.0,0.0,0.59,1
korbench:test:691:0598749aaaf7,Qwen3-8B,0.0,0.0,0.0,0.5700000000000001,1
korbench:test:121:c875b2a58191,Qwen3-8B,1.0,1.0,0.0,0.51,1
korbench:test:898:2293af71cb81,Qwen3-8B,0.0,1.0,1.0,0.16,1
korbench:test:1082:4ff592a8fb13,Qwen3-8B,0.0,1.0,1.0,0.49,1
korbench:test:558:facbc80d70ac,Qwen3-8B,0.0,1.0,1.0,0.18,1
korbench:test:589:d300a367d4d4,Qwen3-8B,1.0,1.0,0.0,0.4,1
korbench:test:334:5e5fb14afd64,Qwen3-8B,1.0,1.0,0.0,0.61,1
korbench:test:1143:7f482394ceeb,Qwen3-8B,1.0,1.0,0.0,0.14999999999999997,1
korbench:test:598:2b29de9089cd,Qwen3-8B,0.0,1.0,1.0,0.36999999999999994,1
korbench:test:1158:804562661354,Qwen3-8B,0.0,1.0,1.0,0.14,1
korbench:test:1195:d55c66a311df,Qwen3-8B,1.0,1.0,0.0,0.1,1
korbench:test:433:6966b2c94799,Qwen3-8B,1.0,1.0,0.0,0.30999999999999994,1
korbench:test:1182:bcb76bced1db,Qwen3-8B,0.0,1.0,1.0,0.13,1
korbench:test:174:fe4d8483c4aa,Qwen3-8B,0.0,0.0,0.0,0.3,1
korbench:test:1112:9cafbfef2670,NVIDIA-Nemotron-Nano-9B-v2,0.0,1.0,1.0,0.040000000000000036,1
korbench:test:235:86f626725471,Qwen3-8B,1.0,1.0,0.0,0.44,1
korbench:test:36:7f73f2a5f93d,Qwen3-8B,1.0,1.0,0.0,0.35,1
korbench:test:314:6fb77a4980f2,Qwen3-8B,1.0,1.0,0.0,0.52,1
korbench:test:883:b82d868ab624,Qwen3-8B,1.0,1.0,0.0,0.09999999999999998,1
korbench:test:1106:1b93535f0a86,Qwen3-8B,0.0,0.0,0.0,0.06999999999999998,1
korbench:test:131:6438e50ed57e,Qwen3-8B,0.0,1.0,1.0,0.38999999999999996,1
korbench:test:753:a7337a3fcd78,Qwen3-8B,1.0,1.0,0.0,0.30000000000000004,1
korbench:test:1198:553c578039ca,Qwen3-8B,1.0,1.0,0.0,0.0,1
korbench:test:479:d7ed6e7d029a,Qwen3-8B,0.0,1.0,1.0,0.64,1
korbench:test:134:4aee7fdb7026,Qwen3-8B,1.0,1.0,0.0,0.47,1
korbench:test:1157:f79e8c51152f,Qwen3-8B,0.0,1.0,1.0,0.14,1
korbench:test:809:a3f46b5d7068,Qwen3-8B,1.0,1.0,0.0,0.16,1
korbench:test:758:245fa94088de,Qwen3-8B,1.0,1.0,0.0,0.18,1
korbench:test:735:ee1e493d653f,Qwen3-8B,1.0,1.0,0.0,0.30000000000000004,1
korbench:test:254:5a9fd822e3e6,Qwen3-8B,0.0,1.0,1.0,0.5299999999999999,1
korbench:test:571:d6bbd8f76e95,Qwen3-8B,0.0,0.0,0.0,0.4,1
korbench:test:615:8681c5d17697,Qwen3-8B,0.0,1.0,1.0,0.54,1
korbench:test:456:e8fcb19ae8a8,Qwen3-8B,0.0,0.0,0.0,0.75,1
korbench:test:388:52fac6cb0455,Qwen3-8B,1.0,1.0,0.0,0.58,1
korbench:test:1163:ecf7b9367c98,Qwen3-8B,1.0,1.0,0.0,0.05000000000000002,1
korbench:test:271:70646d8dee43,Qwen3-8B,1.0,1.0,0.0,0.62,1
korbench:test:629:e0886c74c153,Qwen3-8B,0.0,0.0,0.0,0.52,1
korbench:test:912:50a4b9994513,Qwen3-8B,1.0,1.0,0.0,0.31000000000000005,1
korbench:test:575:9d88f7f215cc,Qwen3-8B,0.0,0.0,0.0,0.41999999999999993,1
korbench:test:831:be9145ec482f,Qwen3-8B,1.0,1.0,0.0,0.24999999999999997,1
korbench:test:1081:202203d115ec,Qwen3-8B,0.0,1.0,1.0,0.19999999999999996,1
korbench:test:1222:28ae2d7ca39f,Qwen3-8B,0.0,1.0,1.0,0.14,1
korbench:test:512:2095306c7816,Qwen3-8B,0.0,0.0,0.0,0.15,1
korbench:test:78:9043aba60b1c,Qwen3-8B,1.0,1.0,0.0,0.35,1
korbench:test:457:5799082ee035,Qwen3-8B,1.0,1.0,0.0,0.62,1
korbench:test:367:67ba9c251e1c,Qwen3-8B,0.0,0.0,0.0,0.45000000000000007,1
korbench:test:626:6e03c0657376,Qwen3-8B,0.0,0.0,0.0,0.49,1
korbench:test:418:760c8908d5a5,Qwen3-8B,0.0,1.0,1.0,0.45,1
korbench:test:816:797d368a5a7c,Qwen3-8B,1.0,1.0,0.0,0.15999999999999998,1
korbench:test:1089:90f7180ae034,NVIDIA-Nemotron-Nano-9B-v2,1.0,1.0,0.0,0.02999999999999997,1
korbench:test:1030:508977949d54,Qwen3-8B,1.0,1.0,0.0,0.15,1
korbench:test:1025:8ac9859cb10f,Qwen3-8B,0.0,1.0,1.0,0.18999999999999997,1
korbench:test:1090:b963d9f5cbea,Qwen3-8B,0.0,1.0,1.0,0.09,1
korbench:test:1183:6454cb77f3fe,Qwen3-8B,1.0,1.0,0.0,0.15,1
korbench:test:44:b29c87a1a4bb,Qwen3-8B,1.0,1.0,0.0,0.39999999999999997,1
korbench:test:970:e5c365a061dc,Qwen3-8B,0.0,1.0,1.0,0.13999999999999999,1
korbench:test:102:9b5a5f7e08d1,Qwen3-8B,0.0,1.0,1.0,0.36,1
korbench:test:841:50722fa933b4,Qwen3-8B,1.0,1.0,0.0,0.37,1
korbench:test:440:b3985c4b319f,Qwen3-8B,1.0,1.0,0.0,0.5,1
korbench:test:894:3f925d02de58,Qwen3-8B,1.0,1.0,0.0,0.10999999999999997,1
korbench:test:386:4883da0a9bc0,Qwen3-8B,0.0,0.0,0.0,0.5599999999999999,1
korbench:test:678:b54fd279db53,Qwen3-8B,0.0,0.0,0.0,0.6000000000000001,1
korbench:test:1134:517aeb4ac0d7,Qwen3-8B,1.0,1.0,0.0,0.24,1
korbench:test:906:a084ee1e2dbe,Qwen3-8B,1.0,1.0,0.0,0.19999999999999998,1
korbench:test:506:c7c6d2d46636,Qwen3-8B,0.0,1.0,1.0,0.21,1
korbench:test:1119:2b6bba178caa,Qwen3-8B,1.0,1.0,0.0,0.030000000000000027,1
korbench:test:1170:90495224aa32,Qwen3-8B,1.0,1.0,0.0,0.10000000000000003,1
livecodebench:test:169:377b7d819a6a,Qwen3-8B,0.0,0.0,0.0,0.63,1
livecodebench:test:279:4e2f4768bdae,Qwen3-8B,0.0,0.0,0.0,0.65,1
livecodebench:test:727:95ccab78dced,Qwen3-8B,0.0,0.0,0.0,0.68,1
livecodebench:test:136:0c6a044bfba2,Qwen3-8B,1.0,1.0,0.0,0.59,1
livecodebench:test:81:b122793fb455,Qwen3-8B,1.0,1.0,0.0,0.64,1
livecodebench:test:879:7a1bae8104e2,Qwen3-8B,0.0,0.0,0.0,0.77,1
livecodebench:test:108:141fee2ca465,Qwen3-8B,1.0,1.0,0.0,0.7300000000000001,1
livecodebench:test:966:f4bdd33dc25f,Qwen3-8B,0.0,0.0,0.0,0.6900000000000001,1
livecodebench:test:770:36f6bcaf8b4e,Qwen3-8B,1.0,1.0,0.0,0.62,1
livecodebench:test:132:20977dc55928,Qwen3-8B,1.0,1.0,0.0,0.7200000000000001,1
livecodebench:test:344:a33238eb8954,Qwen3-8B,1.0,1.0,0.0,0.67,1
livecodebench:test:708:3be28a74c793,Qwen3-8B,1.0,1.0,0.0,0.64,1
livecodebench:test:847:47bc18171ded,Qwen3-8B,1.0,1.0,0.0,0.68,1
livecodebench:test:263:c65d6af2d18e,Qwen3-8B,0.0,0.0,0.0,0.73,1
livecodebench:test:540:c53352e50f76,Qwen3-8B,0.0,1.0,1.0,0.6900000000000001,1
livecodebench:test:314:1e8265b07d17,Qwen3-8B,1.0,1.0,0.0,0.74,1
livecodebench:test:421:3d3a9bf3535a,Qwen3-8B,1.0,1.0,0.0,0.78,1
livecodebench:test:853:bd594f464f27,Qwen3-8B,1.0,1.0,0.0,0.62,1
livecodebench:test:611:5c4965471ae1,Qwen3-8B,1.0,1.0,0.0,0.7200000000000001,1
livecodebench:test:863:0e7f18635698,Qwen3-8B,0.0,0.0,0.0,0.64,1
livecodebench:test:862:babf3cbcc7f7,Qwen3-8B,0.0,0.0,0.0,0.64,1
livecodebench:test:986:2bb7fae47012,Qwen3-8B,0.0,0.0,0.0,0.63,1
livecodebench:test:130:47d455f9eead,Qwen3-8B,1.0,1.0,0.0,0.53,1
livecodebench:test:833:f31a7958a570,Qwen3-8B,0.0,0.0,0.0,0.73,1
livecodebench:test:29:71d535a25d69,Qwen3-8B,0.0,1.0,1.0,0.63,1
livecodebench:test:221:542281b28dc4,Qwen3-8B,1.0,1.0,0.0,0.65,1
livecodebench:test:479:b3b174a8ab95,Qwen3-8B,1.0,1.0,0.0,0.65,1
livecodebench:test:28:80d2cdfc2a1a,Qwen3-8B,1.0,1.0,0.0,0.7000000000000001,1
livecodebench:test:864:39d901222d9d,Qwen3-8B,1.0,1.0,0.0,0.66,1
livecodebench:test:978:bf3349bd3e49,Qwen3-8B,0.0,0.0,0.0,0.68,1
livecodebench:test:190:0fe2854ae45f,Qwen3-8B,1.0,1.0,0.0,0.5,1
livecodebench:test:1013:2651c1b20e3a,Qwen3-8B,1.0,1.0,0.0,0.66,1
livecodebench:test:940:f921ec0cd525,Qwen3-8B,1.0,1.0,0.0,0.52,1
livecodebench:test:839:baa5be9d0b6a,Qwen3-8B,0.0,1.0,1.0,0.7000000000000001,1
livecodebench:test:790:6dfaca2f072b,Qwen3-8B,0.0,1.0,1.0,0.63,1
livecodebench:test:707:f40a41f35275,Qwen3-8B,1.0,1.0,0.0,0.63,1
livecodebench:test:276:cdbc0ddfc711,Qwen3-8B,1.0,1.0,0.0,0.7000000000000001,1
livecodebench:test:1036:b0f1d6ccb7d7,Qwen3-8B,1.0,1.0,0.0,0.62,1
livecodebench:test:435:14204fb6bc55,Qwen3-8B,0.0,1.0,1.0,0.76,1
livecodebench:test:834:15a29001f07e,Qwen3-8B,1.0,1.0,0.0,0.66,1
livecodebench:test:895:1708639e54c3,Qwen3-8B,0.0,0.0,0.0,0.7699999999999999,1
livecodebench:test:304:d8efd098ae97,Qwen3-8B,0.0,1.0,1.0,0.65,1
livecodebench:test:712:3355622e0cad,Qwen3-8B,0.0,0.0,0.0,0.59,1
livecodebench:test:588:384f7eae7a52,Qwen3-8B,1.0,1.0,0.0,0.61,1
livecodebench:test:898:835be0afd9d0,Qwen3-8B,0.0,1.0,1.0,0.65,1
livecodebench:test:1044:ee093791274b,Qwen3-8B,1.0,1.0,0.0,0.7200000000000001,1
livecodebench:test:236:ed4b34a5cb23,Qwen3-8B,1.0,1.0,0.0,0.5700000000000001,1
livecodebench:test:204:d2c69cde34bb,Qwen3-8B,1.0,1.0,0.0,0.56,1
livecodebench:test:496:fc5887e29ee7,Qwen3-8B,0.0,0.0,0.0,0.7699999999999999,1
livecodebench:test:398:e02ff2843798,Qwen3-8B,1.0,1.0,0.0,0.7200000000000001,1
livecodebench:test:420:eca597c9d5cb,Qwen3-8B,1.0,1.0,0.0,0.65,1
livecodebench:test:55:8ca051bf31c5,Qwen3-8B,1.0,1.0,0.0,0.6900000000000001,1
livecodebench:test:378:c24df88b351e,Qwen3-8B,1.0,1.0,0.0,0.5900000000000001,1
livecodebench:test:921:2063d9fd5855,Qwen3-8B,1.0,1.0,0.0,0.6,1
livecodebench:test:872:aecd21925a3b,Qwen3-8B,0.0,0.0,0.0,0.68,1
livecodebench:test:581:00ebb309cd31,Qwen3-8B,1.0,1.0,0.0,0.63,1
livecodebench:test:614:2ee7a743f001,Qwen3-8B,1.0,1.0,0.0,0.42999999999999994,1
livecodebench:test:977:d619f7d61a4d,Qwen3-8B,0.0,1.0,1.0,0.7300000000000001,1
livecodebench:test:244:72648477208c,Qwen3-8B,1.0,1.0,0.0,0.6900000000000001,1
livecodebench:test:748:498750a0d51e,Qwen3-8B,1.0,1.0,0.0,0.66,1
livecodebench:test:203:dd24333bc65b,Qwen3-8B,1.0,1.0,0.0,0.45999999999999996,1
livecodebench:test:171:46571a8c2c15,Qwen3-8B,1.0,1.0,0.0,0.67,1
livecodebench:test:906:4a675e9e668c,Qwen3-8B,0.0,0.0,0.0,0.7200000000000001,1
livecodebench:test:265:7199dd28be62,Qwen3-8B,1.0,1.0,0.0,0.42,1
livecodebench:test:769:28a78258aa08,Qwen3-8B,1.0,1.0,0.0,0.53,1
livecodebench:test:143:d96069e2eebe,Qwen3-8B,1.0,1.0,0.0,0.6900000000000001,1
livecodebench:test:924:e25693cbfacf,Qwen3-8B,0.0,0.0,0.0,0.6900000000000001,1
livecodebench:test:767:a986a010716b,Qwen3-8B,1.0,1.0,0.0,0.6900000000000001,1
livecodebench:test:242:7f3296c25780,Qwen3-8B,1.0,1.0,0.0,0.7000000000000001,1
livecodebench:test:195:19aa0081ba2b,Qwen3-8B,0.0,0.0,0.0,0.6900000000000001,1
livecodebench:test:587:37896e08d7fb,Qwen3-8B,1.0,1.0,0.0,0.59,1
livecodebench:test:892:f49763545a3a,Qwen3-8B,1.0,1.0,0.0,0.68,1
livecodebench:test:208:dc4a7fabc2a1,Qwen3-8B,1.0,1.0,0.0,0.48,1
livecodebench:test:543:398d04767b14,Qwen3-8B,1.0,1.0,0.0,0.7200000000000001,1
livecodebench:test:592:57e749d34200,Qwen3-8B,0.0,1.0,1.0,0.7000000000000001,1
livecodebench:test:856:b081e98f0759,Qwen3-8B,1.0,1.0,0.0,0.58,1
livecodebench:test:900:c2f57e303595,Qwen3-8B,1.0,1.0,0.0,0.64,1
livecodebench:test:989:84dce408bbbd,Qwen3-8B,0.0,0.0,0.0,0.68,1
livecodebench:test:909:ba98ae4d6b32,Qwen3-8B,0.0,0.0,0.0,0.7300000000000001,1
livecodebench:test:608:dfdf66e508ed,Qwen3-8B,0.0,1.0,1.0,0.59,1
livecodebench:test:131:42a2530490cd,Qwen3-8B,1.0,1.0,0.0,0.73,1
livecodebench:test:626:993682bcbd2f,Qwen3-8B,1.0,1.0,0.0,0.62,1
livecodebench:test:529:d933352439f6,Qwen3-8B,0.0,0.0,0.0,0.7100000000000001,1
livecodebench:test:919:6992d8a2747a,Qwen3-8B,1.0,1.0,0.0,0.7200000000000001,1
livecodebench:test:893:4bf209d87ff5,Qwen3-8B,1.0,1.0,0.0,0.67,1
livecodebench:test:165:37012e4726ee,Qwen3-8B,1.0,1.0,0.0,0.59,1
livecodebench:test:911:8bf43a7191df,Qwen3-8B,1.0,1.0,0.0,0.7200000000000001,1
livecodebench:test:316:80e0bad42d38,Qwen3-8B,1.0,1.0,0.0,0.7400000000000001,1
livecodebench:test:667:7aa4dec5b8f9,Qwen3-8B,0.0,0.0,0.0,0.62,1
livecodebench:test:589:0bd47550e52d,Qwen3-8B,0.0,0.0,0.0,0.66,1
livecodebench:test:664:3e1b7be483b7,Qwen3-8B,1.0,1.0,0.0,0.7999999999999999,1
livecodebench:test:202:6ded3042671b,Qwen3-8B,1.0,1.0,0.0,0.7899999999999999,1
livecodebench:test:744:4f1166868e74,Qwen3-8B,1.0,1.0,0.0,0.6900000000000001,1
livecodebench:test:566:321fd678c50c,Qwen3-8B,1.0,1.0,0.0,0.7100000000000001,1
livecodebench:test:512:9413abbe2fdf,Qwen3-8B,1.0,1.0,0.0,0.52,1
livecodebench:test:702:4fe5dc9126df,Qwen3-8B,0.0,1.0,1.0,0.7100000000000001,1
livecodebench:test:348:de424cb767cc,Qwen3-8B,1.0,1.0,0.0,0.56,1
livecodebench:test:865:dcd9cd009101,Qwen3-8B,1.0,1.0,0.0,0.64,1
livecodebench:test:582:690bdfdf31bd,Qwen3-8B,0.0,1.0,1.0,0.67,1
livecodebench:test:214:7c22eb090922,Qwen3-8B,1.0,1.0,0.0,0.5900000000000001,1
livecodebench:test:980:228320d66945,Qwen3-8B,0.0,1.0,1.0,0.7100000000000001,1
livecodebench:test:64:0db7aaf5d1ef,Qwen3-8B,1.0,1.0,0.0,0.62,1
livecodebench:test:797:56224a15a5a5,Qwen3-8B,0.0,1.0,1.0,0.5700000000000001,1
livecodebench:test:437:70bb37a7b82d,Qwen3-8B,0.0,1.0,1.0,0.6900000000000001,1
livecodebench:test:859:aa3f2fd74aab,Qwen3-8B,0.0,0.0,0.0,0.7000000000000001,1
livecodebench:test:793:f062eaf26713,Qwen3-8B,1.0,1.0,0.0,0.55,1
livecodebench:test:809:327342adc048,Qwen3-8B,0.0,0.0,0.0,0.7300000000000001,1
livecodebench:test:253:d7f97f93e30c,Qwen3-8B,1.0,1.0,0.0,0.7100000000000001,1
livecodebench:test:1001:0eb05e259514,Qwen3-8B,1.0,1.0,0.0,0.68,1
livecodebench:test:311:09927ee06a29,Qwen3-8B,0.0,0.0,0.0,0.65,1
livecodebench:test:123:c889345b43ef,Qwen3-8B,1.0,1.0,0.0,0.67,1
livecodebench:test:186:36d36bd843c2,Qwen3-8B,0.0,1.0,1.0,0.61,1
livecodebench:test:164:92260cbfce70,Qwen3-8B,1.0,1.0,0.0,0.62,1
livecodebench:test:232:e065c8affd5d,Qwen3-8B,1.0,1.0,0.0,0.76,1
livecodebench:test:831:89a5b9e23d64,Qwen3-8B,1.0,1.0,0.0,0.63,1
livecodebench:test:327:8c95d2f57367,Qwen3-8B,1.0,1.0,0.0,0.48,1
livecodebench:test:542:49858ad58b4e,Qwen3-8B,1.0,1.0,0.0,0.67,1
livecodebench:test:729:c01cc622db63,Qwen3-8B,1.0,1.0,0.0,0.7200000000000001,1
livecodebench:test:1027:784cfcba4096,Qwen3-8B,0.0,0.0,0.0,0.67,1
livecodebench:test:466:33b01460d0fc,Qwen3-8B,1.0,1.0,0.0,0.61,1
livecodebench:test:755:32b369080229,Qwen3-8B,1.0,1.0,0.0,0.52,1
livecodebench:test:119:51ac05a70731,Qwen3-8B,1.0,1.0,0.0,0.65,1
livecodebench:test:1010:cadc5866aaa3,Qwen3-8B,0.0,0.0,0.0,0.63,1
livecodebench:test:402:79a359bb04cd,Qwen3-8B,1.0,1.0,0.0,0.54,1
livecodebench:test:736:6a6363fb1803,Qwen3-8B,1.0,1.0,0.0,0.5700000000000001,1
livecodebench:test:942:da09be15a983,Qwen3-8B,0.0,1.0,1.0,0.7200000000000001,1
livecodebench:test:753:7f98a549c0b5,Qwen3-8B,1.0,1.0,0.0,0.67,1
livecodebench:test:370:e3517f2ccbe5,Qwen3-8B,1.0,1.0,0.0,0.43999999999999995,1
livecodebench:test:648:124b01a6f2b1,Qwen3-8B,1.0,1.0,0.0,0.76,1
livecodebench:test:800:f015b791ed90,Qwen3-8B,0.0,0.0,0.0,0.7200000000000001,1
livecodebench:test:575:2fc5a3144b95,Qwen3-8B,1.0,1.0,0.0,0.67,1
livecodebench:test:845:714a096ca2c0,Qwen3-8B,1.0,1.0,0.0,0.63,1
livecodebench:test:541:27d611d9363f,Qwen3-8B,1.0,1.0,0.0,0.68,1
livecodebench:test:101:fa04c3cf4a1a,Qwen3-8B,0.0,1.0,1.0,0.7100000000000001,1
livecodebench:test:468:4bfcaf0dfd3e,Qwen3-8B,1.0,1.0,0.0,0.68,1
livecodebench:test:1006:eb4dcffde3e3,Qwen3-8B,0.0,1.0,1.0,0.65,1
livecodebench:test:925:7b8f8311192f,Qwen3-8B,1.0,1.0,0.0,0.4099999999999999,1
livecodebench:test:622:dd8d03a0aae5,Qwen3-8B,1.0,1.0,0.0,0.53,1
livecodebench:test:738:a220eb934773,Qwen3-8B,1.0,1.0,0.0,0.66,1
livecodebench:test:234:2e60c96c4935,Qwen3-8B,1.0,1.0,0.0,0.5800000000000001,1
livecodebench:test:979:38e50037af6e,Qwen3-8B,0.0,0.0,0.0,0.7000000000000001,1
livecodebench:test:367:339feebb59f9,Qwen3-8B,1.0,1.0,0.0,0.64,1
livecodebench:test:405:a85daf89c647,Qwen3-8B,1.0,1.0,0.0,0.63,1
livecodebench:test:1042:bbd29f842b7b,Qwen3-8B,1.0,1.0,0.0,0.73,1
livecodebench:test:176:9b5823087b01,Qwen3-8B,1.0,1.0,0.0,0.61,1
livecodebench:test:855:c553867b3b3e,Qwen3-8B,1.0,1.0,0.0,0.74,1
livecodebench:test:935:f9d2106d9549,Qwen3-8B,1.0,1.0,0.0,0.76,1
livecodebench:test:627:0dca0b5f0304,Qwen3-8B,0.0,0.0,0.0,0.7300000000000001,1
livecodebench:test:431:1fe470f9861d,Qwen3-8B,1.0,1.0,0.0,0.67,1
livecodebench:test:462:c97e108ac64d,Qwen3-8B,1.0,1.0,0.0,0.5,1
livecodebench:test:363:c36f6655a451,Qwen3-8B,1.0,1.0,0.0,0.6,1
livecodebench:test:403:893fef62c34a,Qwen3-8B,1.0,1.0,0.0,0.6900000000000001,1
livecodebench:test:633:98794e6680e3,Qwen3-8B,0.0,0.0,0.0,0.67,1
livecodebench:test:1038:d5f451280e4b,Qwen3-8B,1.0,1.0,0.0,0.65,1
livecodebench:test:220:db246230be5b,Qwen3-8B,1.0,1.0,0.0,0.66,1
livecodebench:test:901:b86479715120,Qwen3-8B,1.0,1.0,0.0,0.63,1
livecodebench:test:353:203d63005ed5,Qwen3-8B,1.0,1.0,0.0,0.64,1
livecodebench:test:63:0185717ec67f,Qwen3-8B,1.0,1.0,0.0,0.6900000000000001,1
livecodebench:test:59:9e32d3ad4dc9,Qwen3-8B,1.0,1.0,0.0,0.75,1
livecodebench:test:126:2344e795d1dd,Qwen3-8B,1.0,1.0,0.0,0.59,1
livecodebench:test:357:43e20af09327,Qwen3-8B,1.0,1.0,0.0,0.51,1
livecodebench:test:376:b6c4d8f41f87,Qwen3-8B,1.0,1.0,0.0,0.56,1
livecodebench:test:22:a66ee760e88d,Qwen3-8B,1.0,1.0,0.0,0.66,1
livecodebench:test:502:1722b720d112,Qwen3-8B,1.0,1.0,0.0,0.58,1
livecodebench:test:215:abb6bc72ec41,Qwen3-8B,1.0,1.0,0.0,0.63,1
livecodebench:test:576:b89d45aaad79,Qwen3-8B,1.0,1.0,0.0,0.77,1
livecodebench:test:775:a87b75ab6f73,Qwen3-8B,1.0,1.0,0.0,0.67,1
livecodebench:test:740:8629457d5d57,Qwen3-8B,1.0,1.0,0.0,0.76,1
livecodebench:test:932:2edb303a860a,Qwen3-8B,1.0,1.0,0.0,0.59,1
livecodebench:test:414:50451c7f4a09,Qwen3-8B,1.0,1.0,0.0,0.7100000000000001,1
livecodebench:test:21:7729fd01536c,Qwen3-8B,1.0,1.0,0.0,0.58,1
livecodebench:test:926:90271c4cc374,Qwen3-8B,0.0,1.0,1.0,0.7200000000000001,1
livecodebench:test:110:1ed9ffb4f910,Qwen3-8B,1.0,1.0,0.0,0.7000000000000001,1
livecodebench:test:10:e7b67198f334,Qwen3-8B,1.0,1.0,0.0,0.56,1
livecodebench:test:84:a1583caed445,Qwen3-8B,1.0,1.0,0.0,0.65,1
livecodebench:test:763:1290c35ceecc,Qwen3-8B,1.0,1.0,0.0,0.5700000000000001,1
livecodebench:test:949:0c5dbd5486d5,Qwen3-8B,1.0,1.0,0.0,0.61,1
livecodebench:test:994:ae18919542b6,Qwen3-8B,0.0,1.0,1.0,0.75,1
livecodebench:test:902:62797a427ea6,Qwen3-8B,0.0,0.0,0.0,0.68,1
livecodebench:test:490:878c5b149614,Qwen3-8B,1.0,1.0,0.0,0.59,1
livecodebench:test:150:d308f939cc8d,Qwen3-8B,1.0,1.0,0.0,0.76,1
livecodebench:test:225:36833ee1e958,Qwen3-8B,1.0,1.0,0.0,0.63,1
livecodebench:test:593:a65273083015,Qwen3-8B,0.0,0.0,0.0,0.73,1
livecodebench:test:36:9c35df305a9c,Qwen3-8B,0.0,1.0,1.0,0.54,1
livecodebench:test:519:cf6cb0970a95,Qwen3-8B,1.0,1.0,0.0,0.7100000000000001,1
livecodebench:test:409:01cec090d0bf,Qwen3-8B,0.0,1.0,1.0,0.53,1
livecodebench:test:117:cfd3d5d72111,Qwen3-8B,1.0,1.0,0.0,0.7000000000000001,1
livecodebench:test:121:0b1ecac6687b,Qwen3-8B,1.0,1.0,0.0,0.82,1
livecodebench:test:116:64f9d82cc3cf,Qwen3-8B,1.0,1.0,0.0,0.7300000000000001,1
livecodebench:test:689:7c6e6baaabc0,Qwen3-8B,1.0,1.0,0.0,0.7500000000000001,1
livecodebench:test:728:9bef5f39cf53,Qwen3-8B,1.0,1.0,0.0,0.56,1
livecodebench:test:731:7cf8b96edde3,Qwen3-8B,1.0,1.0,0.0,0.67,1
livecodebench:test:896:3cc8e5ddb74c,Qwen3-8B,0.0,1.0,1.0,0.65,1
livecodebench:test:1020:f715f6395ee8,Qwen3-8B,0.0,1.0,1.0,0.7300000000000001,1
livecodebench:test:510:1730bef975c7,Qwen3-8B,1.0,1.0,0.0,0.65,1
livecodebench:test:443:6ea6d1a67067,Qwen3-8B,1.0,1.0,0.0,0.68,1
livecodebench:test:33:af3f5f6f748d,Qwen3-8B,1.0,1.0,0.0,0.68,1
livecodebench:test:817:489132457929,Qwen3-8B,0.0,0.0,0.0,0.7100000000000001,1
livecodebench:test:494:aaf69db551d2,Qwen3-8B,1.0,1.0,0.0,0.66,1
livecodebench:test:785:50c641076d97,Qwen3-8B,1.0,1.0,0.0,0.51,1
livecodebench:test:971:44d1943f3d46,Qwen3-8B,0.0,0.0,0.0,0.7100000000000001,1
livecodebench:test:501:1d3422195eab,Qwen3-8B,1.0,1.0,0.0,0.67,1
livecodebench:test:835:1e709a9dfe6c,Qwen3-8B,1.0,1.0,0.0,0.76,1
livecodebench:test:262:3f2e356575be,Qwen3-8B,0.0,1.0,1.0,0.5700000000000001,1
livecodebench:test:212:1a59d843ea2c,Qwen3-8B,1.0,1.0,0.0,0.66,1
livecodebench:test:66:ca7e0b50d256,Qwen3-8B,1.0,1.0,0.0,0.64,1
livecodebench:test:828:b4b4059582d5,Qwen3-8B,1.0,1.0,0.0,0.65,1
livecodebench:test:947:6626bdeb8563,Qwen3-8B,0.0,1.0,1.0,0.45999999999999996,1
livecodebench:test:993:56a9ae0bb36f,Qwen3-8B,1.0,1.0,0.0,0.61,1
livecodebench:test:284:bd31be298d45,Qwen3-8B,1.0,1.0,0.0,0.54,1
livecodebench:test:962:21f17fd22333,Qwen3-8B,1.0,1.0,0.0,0.59,1
math500:test:205:0743e3798eac,Qwen3-8B,0.0,1.0,1.0,0.6,1
math500:test:296:0df325974e40,Qwen3-8B,1.0,1.0,0.0,0.48000000000000004,1
math500:test:346:7f3bd86e5e92,Qwen3-8B,1.0,1.0,0.0,0.5299999999999999,1
math500:test:274:20855ff8e775,Qwen3-8B,1.0,1.0,0.0,0.28,1
math500:test:225:d3823d137562,Qwen3-8B,1.0,1.0,0.0,0.6,1
math500:test:184:9dadcec4ce9d,Qwen3-8B,1.0,1.0,0.0,0.31999999999999995,1
math500:test:245:6756a2e74b25,Qwen3-8B,1.0,1.0,0.0,0.37,1
math500:test:263:ec1f8b8255f9,Qwen3-8B,1.0,1.0,0.0,0.37,1
math500:test:114:de4a1c58ecef,Qwen3-8B,1.0,1.0,0.0,0.49,1
math500:test:136:3367017f1ecb,Qwen3-8B,1.0,1.0,0.0,0.64,1
math500:test:403:c654650535c8,Qwen3-8B,1.0,1.0,0.0,0.46,1
math500:test:293:db31d840f82d,Qwen3-8B,1.0,1.0,0.0,0.51,1
math500:test:119:96c5e6371e5b,Qwen3-8B,1.0,1.0,0.0,0.57,1
math500:test:474:66777c6b1d13,Qwen3-8B,1.0,1.0,0.0,0.54,1
math500:test:69:108f81538ad8,Qwen3-8B,1.0,1.0,0.0,0.4,1
math500:test:159:20299b976dc2,Qwen3-8B,1.0,1.0,0.0,0.73,1
math500:test:468:8339ed01e1fd,Qwen3-8B,0.0,1.0,1.0,0.46,1
math500:test:458:ae0a8ba59127,Qwen3-8B,1.0,1.0,0.0,0.65,1
math500:test:39:c667b151ed65,Qwen3-8B,1.0,1.0,0.0,0.39,1
math500:test:465:d3610a7a7451,Qwen3-8B,1.0,1.0,0.0,0.7200000000000001,1
math500:test:154:d72f569d1481,Qwen3-8B,1.0,1.0,0.0,0.5399999999999999,1
math500:test:256:377a092aa19d,Qwen3-8B,1.0,1.0,0.0,0.42000000000000004,1
math500:test:321:1b433f190997,Qwen3-8B,1.0,1.0,0.0,0.42,1
math500:test:411:d3e990850394,Qwen3-8B,1.0,1.0,0.0,0.27,1
math500:test:214:88661c5037ee,Qwen3-8B,1.0,1.0,0.0,0.7300000000000001,1
math500:test:74:5031411c952b,Qwen3-8B,1.0,1.0,0.0,0.49000000000000005,1
math500:test:437:2bf992caa662,Qwen3-8B,1.0,1.0,0.0,0.39999999999999997,1
math500:test:190:c35f86042deb,Qwen3-8B,1.0,1.0,0.0,0.5,1
math500:test:482:137a333dfafa,Qwen3-8B,1.0,1.0,0.0,0.58,1
math500:test:359:d4b934f6ede2,Qwen3-8B,1.0,1.0,0.0,0.43,1
math500:test:68:3c77f3abead8,Qwen3-8B,1.0,1.0,0.0,0.19,1
math500:test:394:7d076f64a5e8,Qwen3-8B,1.0,1.0,0.0,0.58,1
math500:test:365:0d263edcb5d8,Qwen3-8B,1.0,1.0,0.0,0.5700000000000001,1
math500:test:22:d051c7975db2,Qwen3-8B,1.0,1.0,0.0,0.47000000000000003,1
math500:test:337:73f279c30870,Qwen3-8B,1.0,1.0,0.0,0.65,1
math500:test:207:88f73baedbff,Qwen3-8B,1.0,1.0,0.0,0.33000000000000007,1
math500:test:139:a8c400135847,Qwen3-8B,1.0,1.0,0.0,0.5399999999999999,1
math500:test:367:498bac6c50d8,Qwen3-8B,1.0,1.0,0.0,0.59,1
math500:test:355:59b3380466ff,Qwen3-8B,1.0,1.0,0.0,0.41000000000000003,1
math500:test:333:543fa2b4f0fe,Qwen3-8B,1.0,1.0,0.0,0.6,1
math500:test:105:c4af92bf4d3d,Qwen3-8B,1.0,1.0,0.0,0.52,1
math500:test:57:8c8f96252d97,Qwen3-8B,1.0,1.0,0.0,0.67,1
math500:test:215:87cc54d7f4f1,Qwen3-8B,0.0,1.0,1.0,0.41999999999999993,1
math500:test:388:6c3d09ab3690,Qwen3-8B,1.0,1.0,0.0,0.65,1
math500:test:211:5c51433d0635,Qwen3-8B,1.0,1.0,0.0,0.58,1
math500:test:100:fdc8aba1c1ad,Qwen3-8B,1.0,1.0,0.0,0.66,1
math500:test:317:eb20fcfbc7fe,Qwen3-8B,1.0,1.0,0.0,0.38,1
math500:test:44:252b4d1703b0,Qwen3-8B,1.0,1.0,0.0,0.6,1
math500:test:376:9f3b9f8d7ae2,Qwen3-8B,1.0,1.0,0.0,0.6,1
math500:test:10:c93b65d8d852,Qwen3-8B,0.0,1.0,1.0,0.37000000000000005,1
math500:test:289:dbb4f569f90e,Qwen3-8B,1.0,1.0,0.0,0.57,1
math500:test:15:537e549f5c38,Qwen3-8B,1.0,1.0,0.0,0.19,1
math500:test:82:98ba12c744eb,Qwen3-8B,1.0,1.0,0.0,0.14,1
math500:test:224:4ad5306cd6ea,Qwen3-8B,1.0,1.0,0.0,0.58,1
math500:test:488:a9c68bbdafa6,Qwen3-8B,1.0,1.0,0.0,0.7000000000000001,1
math500:test:47:7f218e0dec56,Qwen3-8B,1.0,1.0,0.0,0.52,1
math500:test:387:25496c580bb5,Qwen3-8B,1.0,1.0,0.0,0.44000000000000006,1
math500:test:476:d4e914d360a3,Qwen3-8B,1.0,1.0,0.0,0.38,1
math500:test:364:a325f288a314,Qwen3-8B,1.0,1.0,0.0,0.6900000000000001,1
math500:test:95:e07414bba64c,Qwen3-8B,0.0,1.0,1.0,0.65,1
math500:test:413:06d5aeabb535,Qwen3-8B,1.0,1.0,0.0,0.41000000000000003,1
math500:test:305:a66962fe3ac6,Qwen3-8B,1.0,1.0,0.0,0.5599999999999999,1
math500:test:429:9a5554ea743d,Qwen3-8B,1.0,1.0,0.0,0.66,1
math500:test:48:86e623556487,Qwen3-8B,1.0,1.0,0.0,0.37,1
math500:test:309:0b7036ebe342,Qwen3-8B,0.0,1.0,1.0,0.49,1
math500:test:331:4d7f93151214,Qwen3-8B,1.0,1.0,0.0,0.5599999999999999,1
math500:test:2:77f17a016733,Qwen3-8B,1.0,1.0,0.0,0.56,1
math500:test:456:7edb000570e7,Qwen3-8B,1.0,1.0,0.0,0.57,1
math500:test:49:427075eaa37b,Qwen3-8B,1.0,1.0,0.0,0.15999999999999998,1
math500:test:379:ac286982c945,Qwen3-8B,1.0,1.0,0.0,0.47,1
math500:test:344:4ee4220e8bc8,Qwen3-8B,1.0,1.0,0.0,0.5299999999999999,1
math500:test:414:1c084e439770,Qwen3-8B,1.0,1.0,0.0,0.58,1
math500:test:262:d2abc39647eb,Qwen3-8B,1.0,1.0,0.0,0.45,1
math500:test:197:a54460c3eddb,Qwen3-8B,1.0,1.0,0.0,0.57,1
math500:test:495:e6376885ffd2,Qwen3-8B,1.0,1.0,0.0,0.58,1
math500:test:419:7ae13788fcc3,Qwen3-8B,1.0,1.0,0.0,0.57,1
math500:test:36:9cf00bc32f46,Qwen3-8B,1.0,1.0,0.0,0.58,1
math500:test:130:5bc561169baa,Qwen3-8B,1.0,1.0,0.0,0.41000000000000003,1
math500:test:284:24cffc732716,Qwen3-8B,1.0,1.0,0.0,0.5299999999999999,1
math500:test:209:5b79ff26844c,Qwen3-8B,1.0,1.0,0.0,0.51,1
math500:test:288:d699cb734c33,Qwen3-8B,1.0,1.0,0.0,0.26,1
math500:test:372:a761c38205b1,Qwen3-8B,1.0,1.0,0.0,0.58,1
math500:test:106:766ede37bfdb,Qwen3-8B,1.0,1.0,0.0,0.42000000000000004,1
math500:test:349:24416ee05263,Qwen3-8B,1.0,1.0,0.0,0.66,1
math500:test:218:f79eb3696da4,Qwen3-8B,1.0,1.0,0.0,0.5700000000000001,1
math500:test:463:0887851f3251,Qwen3-8B,1.0,1.0,0.0,0.16999999999999998,1
math500:test:326:ea88ff699f5e,Qwen3-8B,1.0,1.0,0.0,0.33999999999999997,1
math500:test:102:68c9e3705000,Qwen3-8B,1.0,1.0,0.0,0.44000000000000006,1
math500:test:351:a56e179f4a1a,Qwen3-8B,1.0,1.0,0.0,0.5299999999999999,1
math500:test:71:5b29870e6b48,Qwen3-8B,1.0,1.0,0.0,0.47000000000000003,1
math500:test:302:869fd921a94c,Qwen3-8B,1.0,1.0,0.0,0.39999999999999997,1
math500:test:226:afef14ae3904,Qwen3-8B,1.0,1.0,0.0,0.48000000000000004,1
math500:test:341:bd24d1987633,Qwen3-8B,0.0,1.0,1.0,0.52,1
math500:test:90:86dafa426d03,Qwen3-8B,1.0,1.0,0.0,0.61,1
math500:test:161:b8f8d2320ad1,Qwen3-8B,1.0,1.0,0.0,0.5199999999999999,1
math500:test:238:55ddbdf1e346,Qwen3-8B,1.0,1.0,0.0,0.66,1
math500:test:89:2ac3a772d4b2,Qwen3-8B,1.0,1.0,0.0,0.41,1
math500:test:150:dbb138122c01,Qwen3-8B,1.0,1.0,0.0,0.5,1
math500:test:313:92568e30e12f,Qwen3-8B,1.0,1.0,0.0,0.62,1
math500:test:250:ee1b3a25b719,Qwen3-8B,1.0,1.0,0.0,0.64,1
mathbench:test:82:661ed0104577,Qwen3-8B,1.0,1.0,0.0,0.48000000000000004,1
mathbench:test:40:963a4fab77a3,Qwen3-8B,1.0,1.0,0.0,0.44,1
mathbench:test:125:55494a7c572b,Qwen3-8B,1.0,1.0,0.0,0.67,1
mathbench:test:77:7032ca1833e6,Qwen3-8B,1.0,1.0,0.0,0.5499999999999999,1
mathbench:test:86:903ad49f41b2,Qwen3-8B,1.0,1.0,0.0,0.43999999999999995,1
mathbench:test:107:4cab2fa34b37,Qwen3-8B,1.0,1.0,0.0,0.37,1
mathbench:test:143:eb059e85efb4,Qwen3-8B,1.0,1.0,0.0,0.46,1
mathbench:test:41:81c8fff80933,Qwen3-8B,1.0,1.0,0.0,0.66,1
mathbench:test:38:d2edb2007891,Qwen3-8B,1.0,1.0,0.0,0.7000000000000001,1
mathbench:test:27:40f62040f6d6,Qwen3-8B,1.0,1.0,0.0,0.68,1
mathbench:test:49:f9914bc54c32,Qwen3-8B,1.0,1.0,0.0,0.29000000000000004,1
mathbench:test:73:48e28cf6521f,Qwen3-8B,1.0,1.0,0.0,0.5499999999999999,1
mathbench:test:19:89b7ec8e71da,Qwen3-8B,0.0,1.0,1.0,0.67,1
mathbench:test:56:2356b8b38944,Qwen3-8B,1.0,1.0,0.0,0.62,1
mathbench:test:90:e33f3011be5b,Qwen3-8B,1.0,1.0,0.0,0.42000000000000004,1
mathbench:test:55:4b087a419557,Qwen3-8B,1.0,1.0,0.0,0.66,1
mathbench:test:92:00283ccffa73,Qwen3-8B,1.0,1.0,0.0,0.55,1
mathbench:test:21:db5ee316c799,Qwen3-8B,0.0,1.0,1.0,0.53,1
mathbench:test:135:23f975375f5e,Qwen3-8B,1.0,1.0,0.0,0.56,1
mathbench:test:14:55722b9d0d60,Qwen3-8B,1.0,1.0,0.0,0.43,1
mathbench:test:91:9126fdb54665,Qwen3-8B,1.0,1.0,0.0,0.7999999999999999,1
mathbench:test:25:d7b8926fbf2b,Qwen3-8B,1.0,1.0,0.0,0.6,1
mathbench:test:15:3ccae79526b4,Qwen3-8B,1.0,1.0,0.0,0.57,1
mathbench:test:102:1215ee03dace,Qwen3-8B,1.0,1.0,0.0,0.48,1
mathbench:test:130:f7412d3b15bf,Qwen3-8B,1.0,1.0,0.0,0.58,1
mathbench:test:61:67ce7da1f08c,Qwen3-8B,1.0,1.0,0.0,0.63,1
mathbench:test:23:e7774bc885c7,Qwen3-8B,1.0,1.0,0.0,0.61,1
mathbench:test:101:ba831d7c32ff,Qwen3-8B,1.0,1.0,0.0,0.51,1
mathbench:test:70:b212578f447c,Qwen3-8B,1.0,1.0,0.0,0.54,1
mathbench:test:109:b50c9ee4755e,Qwen3-8B,1.0,1.0,0.0,0.6,1
mbpp:test:449:feec3f67d59e,Qwen3-8B,0.0,1.0,1.0,0.53,1
mbpp:test:438:8752e2a7b89f,Qwen3-8B,1.0,1.0,0.0,0.38,1
mbpp:test:2:f35defa85a7a,Qwen3-8B,1.0,1.0,0.0,0.47,1
mbpp:test:18:a24af1bbbcb6,Qwen3-8B,1.0,1.0,0.0,0.58,1
mbpp:test:266:d8773f7a4308,Qwen3-8B,0.0,1.0,1.0,0.5700000000000001,1
mbpp:test:632:25ec02c9ceb8,Qwen3-8B,0.0,1.0,1.0,0.64,1
mbpp:test:916:3cb2eadbe620,Qwen3-8B,1.0,1.0,0.0,0.58,1
mbpp:test:693:2f1483ddef1e,Qwen3-8B,0.0,1.0,1.0,0.51,1
mbpp:test:590:5d1f902aa90d,Qwen3-8B,0.0,1.0,1.0,0.66,1
mbpp:test:1:ef260942d453,Qwen3-8B,1.0,1.0,0.0,0.54,1
mbpp:test:636:a69872be8fd4,Qwen3-8B,1.0,1.0,0.0,0.65,1
mbpp:test:820:7aad89ca93ce,Qwen3-8B,0.0,1.0,1.0,0.5700000000000001,1
mbpp:test:539:fd621e992861,Qwen3-8B,0.0,1.0,1.0,0.59,1
mbpp:test:189:02acebd01985,Qwen3-8B,1.0,1.0,0.0,0.42999999999999994,1
mbpp:test:735:662c319b6e51,Qwen3-8B,1.0,1.0,0.0,0.62,1
mbpp:test:75:38e61a0bcd45,Qwen3-8B,1.0,1.0,0.0,0.56,1
mbpp:test:627:a2c5f6f4af78,Qwen3-8B,0.0,1.0,1.0,0.45999999999999996,1
mbpp:test:181:37a07c781e99,Qwen3-8B,1.0,1.0,0.0,0.47,1
mbpp:test:316:6fa7ae3f6caa,Qwen3-8B,0.0,1.0,1.0,0.67,1
mbpp:test:427:6b0e3967b713,Qwen3-8B,0.0,1.0,1.0,0.42999999999999994,1
mbpp:test:794:23a001d6b6a1,Qwen3-8B,1.0,1.0,0.0,0.54,1
mbpp:test:871:c00f5665c91b,Qwen3-8B,0.0,1.0,1.0,0.53,1
mbpp:test:813:2463c99da602,Qwen3-8B,0.0,1.0,1.0,0.42999999999999994,1
mbpp:test:741:1b8bc42b65fd,Qwen3-8B,1.0,1.0,0.0,0.66,1
mbpp:test:664:2ea7750af5eb,Qwen3-8B,1.0,1.0,0.0,0.68,1
mbpp:test:548:027a317f7e7b,Qwen3-8B,0.0,1.0,1.0,0.63,1
mbpp:test:336:374ad527b743,Qwen3-8B,1.0,1.0,0.0,0.5,1
mbpp:test:352:70e1ef29545c,Qwen3-8B,1.0,1.0,0.0,0.42000000000000004,1
mbpp:test:393:e755377ed3b1,Qwen3-8B,1.0,1.0,0.0,0.53,1
mbpp:test:150:04f5d793acf2,Qwen3-8B,0.0,1.0,1.0,0.62,1
mbpp:test:763:fd1b786edac2,Qwen3-8B,0.0,0.0,0.0,0.59,1
mbpp:test:131:7836eece1131,Qwen3-8B,0.0,1.0,1.0,0.54,1
mbpp:test:170:9ecc7b3161fc,Qwen3-8B,1.0,1.0,0.0,0.58,1
mbpp:test:213:65ce7d7a175b,Qwen3-8B,1.0,1.0,0.0,0.43999999999999995,1
mbpp:test:966:f3017b48b707,Qwen3-8B,0.0,0.0,0.0,0.65,1
mbpp:test:82:cdb4632fcb8e,Qwen3-8B,1.0,1.0,0.0,0.55,1
mbpp:test:69:3cf2e2bc6b6f,Qwen3-8B,1.0,1.0,0.0,0.49,1
mbpp:test:314:047d4849f3da,Qwen3-8B,1.0,1.0,0.0,0.65,1
mbpp:test:142:1ee14f0ec3e8,Qwen3-8B,0.0,1.0,1.0,0.5599999999999999,1
mbpp:test:609:4885b0890e7c,Qwen3-8B,0.0,0.0,0.0,0.5800000000000001,1
mbpp:test:538:9d60ccb72900,Qwen3-8B,1.0,1.0,0.0,0.44999999999999996,1
mbpp:test:138:bb8e1b2be2a2,Qwen3-8B,1.0,1.0,0.0,0.58,1
mbpp:test:83:919dd844a878,Qwen3-8B,1.0,1.0,0.0,0.47,1
mbpp:test:649:639398e216b1,Qwen3-8B,0.0,0.0,0.0,0.67,1
mbpp:test:929:ed8959a16542,Qwen3-8B,0.0,1.0,1.0,0.55,1
mbpp:test:656:65ed69aaf260,Qwen3-8B,1.0,1.0,0.0,0.66,1
mbpp:test:419:9b6a3a4a00d1,Qwen3-8B,1.0,1.0,0.0,0.5599999999999999,1
mbpp:test:701:c0fcb2be9fca,Qwen3-8B,0.0,1.0,1.0,0.4099999999999999,1
mbpp:test:585:c8a9611d461f,Qwen3-8B,1.0,1.0,0.0,0.43,1
mbpp:test:563:2f673061dd44,Qwen3-8B,0.0,0.0,0.0,0.7300000000000001,1
mbpp:test:498:5ef6f5554313,Qwen3-8B,1.0,1.0,0.0,0.39999999999999997,1
mbpp:test:646:2ed3b8fe88cb,Qwen3-8B,1.0,1.0,0.0,0.61,1
mbpp:test:771:957489c6b40d,Qwen3-8B,0.0,1.0,1.0,0.7500000000000001,1
mbpp:test:496:d222dffad1cd,Qwen3-8B,0.0,1.0,1.0,0.68,1
mbpp:test:63:4145cd7e81e9,Qwen3-8B,1.0,1.0,0.0,0.49,1
mbpp:test:623:5dbaad3ea756,Qwen3-8B,0.0,1.0,1.0,0.55,1
mbpp:test:20:cdb28348516f,Qwen3-8B,0.0,1.0,1.0,0.5,1
mbpp:test:687:60344a1dd742,Qwen3-8B,1.0,1.0,0.0,0.54,1
mbpp:test:10:567a6d8a5f2c,Qwen3-8B,0.0,0.0,0.0,0.56,1
mbpp:test:964:51ef470e273a,Qwen3-8B,1.0,1.0,0.0,0.61,1
mbpp:test:670:bce77ae602ca,Qwen3-8B,0.0,1.0,1.0,0.44999999999999996,1
mbpp:test:667:2216dc2ec5f4,Qwen3-8B,1.0,1.0,0.0,0.58,1
mbpp:test:134:658a093c42f0,Qwen3-8B,1.0,1.0,0.0,0.6900000000000001,1
mbpp:test:533:677efffd537d,Qwen3-8B,1.0,1.0,0.0,0.54,1
mbpp:test:300:66d74b9b87c3,Qwen3-8B,1.0,1.0,0.0,0.5900000000000001,1
mbpp:test:757:baeae1f1ff6f,Qwen3-8B,1.0,1.0,0.0,0.43999999999999995,1
mbpp:test:355:5f9ec8c0c6c7,Qwen3-8B,1.0,1.0,0.0,0.59,1
mbpp:test:591:440795b92c6b,Qwen3-8B,1.0,1.0,0.0,0.47,1
mbpp:test:149:2d61796057a6,Qwen3-8B,0.0,1.0,1.0,0.51,1
mbpp:test:582:a9e6fb59efe8,Qwen3-8B,0.0,1.0,1.0,0.52,1
mbpp:test:172:61e1dec64cce,Qwen3-8B,0.0,1.0,1.0,0.63,1
mbpp:test:942:9fca67ccc08d,Qwen3-8B,0.0,1.0,1.0,0.62,1
mbpp:test:865:8bf357a53106,Qwen3-8B,1.0,1.0,0.0,0.6900000000000001,1
mbpp:test:625:692db99fc743,Qwen3-8B,0.0,1.0,1.0,0.39999999999999997,1
mbpp:test:396:9121dc44c9d7,Qwen3-8B,1.0,1.0,0.0,0.52,1
mbpp:test:897:47fc8c6b426f,Qwen3-8B,1.0,1.0,0.0,0.65,1
mbpp:test:723:245d04c99f5f,Qwen3-8B,1.0,1.0,0.0,0.49,1
mbpp:test:911:fee54569c8ff,Qwen3-8B,0.0,1.0,1.0,0.62,1
mbpp:test:844:2b70d097040b,Qwen3-8B,1.0,1.0,0.0,0.62,1
mbpp:test:727:9a806da6bd00,Qwen3-8B,1.0,1.0,0.0,0.49,1
mbpp:test:389:53bdbd01fedf,Qwen3-8B,1.0,1.0,0.0,0.41999999999999993,1
mbpp:test:294:1fd76442868d,Qwen3-8B,0.0,1.0,1.0,0.61,1
mbpp:test:684:f23550b18a86,Qwen3-8B,0.0,1.0,1.0,0.63,1
mbpp:test:909:68e8d6faee44,Qwen3-8B,0.0,1.0,1.0,0.59,1
mbpp:test:455:ae48594925ba,Qwen3-8B,1.0,1.0,0.0,0.6,1
mbpp:test:275:b237f620d78b,Qwen3-8B,1.0,1.0,0.0,0.6,1
mbpp:test:57:11a37dca0c1c,Qwen3-8B,1.0,1.0,0.0,0.62,1
mbpp:test:323:07d6194b667c,Qwen3-8B,1.0,1.0,0.0,0.39000000000000007,1
mbpp:test:315:d38b897a9014,Qwen3-8B,1.0,1.0,0.0,0.7400000000000001,1
mbpp:test:70:7ae344202abb,Qwen3-8B,0.0,1.0,1.0,0.48,1
mbpp:test:925:478e13ed21e6,Qwen3-8B,1.0,1.0,0.0,0.6900000000000001,1
mbpp:test:234:c2ff9f5cb48e,Qwen3-8B,0.0,1.0,1.0,0.52,1
mbpp:test:317:0fc1584e7ca8,Qwen3-8B,1.0,1.0,0.0,0.7300000000000001,1
mbpp:test:918:2da85349480b,Qwen3-8B,0.0,1.0,1.0,0.48,1
mbpp:test:958:ca6170b1a8e6,Qwen3-8B,1.0,1.0,0.0,0.49,1
mbpp:test:157:ca275ffbf731,Qwen3-8B,0.0,0.0,0.0,0.44,1
mbpp:test:544:7239b1b669fe,Qwen3-8B,1.0,1.0,0.0,0.64,1
mbpp:test:529:bdad7fa6fbae,Qwen3-8B,0.0,0.0,0.0,0.42999999999999994,1
mbpp:test:259:44a1c5275538,Qwen3-8B,1.0,1.0,0.0,0.68,1
mbpp:test:420:c0bf15843d87,Qwen3-8B,1.0,1.0,0.0,0.63,1
mbpp:test:842:2723f3b39c0c,Qwen3-8B,0.0,1.0,1.0,0.6,1
mbpp:test:558:78a04973eb5a,Qwen3-8B,1.0,1.0,0.0,0.61,1
mbpp:test:746:aa47dca94a0b,Qwen3-8B,0.0,1.0,1.0,0.45999999999999996,1
mbpp:test:80:e598c77f9422,Qwen3-8B,0.0,1.0,1.0,0.49,1
mbpp:test:587:9b12b5e1849e,Qwen3-8B,1.0,1.0,0.0,0.52,1
mbpp:test:236:31474c53e4ec,Qwen3-8B,1.0,1.0,0.0,0.63,1
mbpp:test:458:d05543c0e56a,Qwen3-8B,0.0,1.0,1.0,0.49,1
mbpp:test:198:f9f8c22051fb,Qwen3-8B,1.0,1.0,0.0,0.35000000000000003,1
mbpp:test:200:fddf92add206,Qwen3-8B,0.0,1.0,1.0,0.68,1
mbpp:test:277:fd16f6f6c74a,Qwen3-8B,1.0,1.0,0.0,0.29,1
mbpp:test:308:17d1c0a6c742,Qwen3-8B,0.0,1.0,1.0,0.47,1
mbpp:test:182:a937aef6fc0f,Qwen3-8B,1.0,1.0,0.0,0.68,1
mbpp:test:121:a9dd8933a467,Qwen3-8B,1.0,1.0,0.0,0.63,1
mbpp:test:970:810f8259d05e,Qwen3-8B,0.0,1.0,1.0,0.55,1
mbpp:test:23:26915462bd45,Qwen3-8B,0.0,1.0,1.0,0.58,1
mbpp:test:474:b1e2b9751400,Qwen3-8B,0.0,1.0,1.0,0.5700000000000001,1
mbpp:test:952:722d22862ccd,Qwen3-8B,0.0,1.0,1.0,0.7000000000000001,1
mbpp:test:161:6c64462fcda7,Qwen3-8B,1.0,1.0,0.0,0.5700000000000001,1
mbpp:test:279:f4c92771443a,Qwen3-8B,1.0,1.0,0.0,0.62,1
mbpp:test:254:44f60de72740,Qwen3-8B,0.0,1.0,1.0,0.61,1
mbpp:test:29:3cc99101b084,Qwen3-8B,0.0,1.0,1.0,0.58,1
mbpp:test:972:a9b056e20a41,Qwen3-8B,0.0,0.0,0.0,0.55,1
mbpp:test:400:6d16ea2f0ba4,Qwen3-8B,0.0,1.0,1.0,0.3999999999999999,1
mbpp:test:488:83d76214bbaa,Qwen3-8B,0.0,0.0,0.0,0.73,1
mbpp:test:967:c948be9943bb,Qwen3-8B,0.0,1.0,1.0,0.55,1
mbpp:test:123:31d8801a4ce8,Qwen3-8B,0.0,1.0,1.0,0.6,1
mbpp:test:752:527ef440f3c5,Qwen3-8B,0.0,1.0,1.0,0.52,1
mbpp:test:754:cdf9f1338a00,Qwen3-8B,0.0,1.0,1.0,0.6,1
mbpp:test:278:bdf43fe80034,Qwen3-8B,1.0,1.0,0.0,0.68,1
mbpp:test:164:baf74ec53a7f,Qwen3-8B,0.0,1.0,1.0,0.55,1
mbpp:test:264:344a8bd045b5,Qwen3-8B,0.0,1.0,1.0,0.61,1
mbpp:test:599:c802d897b8f3,Qwen3-8B,1.0,1.0,0.0,0.5599999999999999,1
mbpp:test:256:540017f396db,Qwen3-8B,1.0,1.0,0.0,0.51,1
mbpp:test:523:c2173355ebb3,Qwen3-8B,1.0,1.0,0.0,0.58,1
mbpp:test:493:cad82d4726e5,Qwen3-8B,0.0,0.0,0.0,0.68,1
mbpp:test:318:508830c9f3bb,Qwen3-8B,1.0,1.0,0.0,0.5,1
mbpp:test:896:e9a7b8997b8a,Qwen3-8B,1.0,1.0,0.0,0.61,1
mbpp:test:765:ee6aefefee9d,Qwen3-8B,1.0,1.0,0.0,0.45,1
mbpp:test:758:e5793be154dd,Qwen3-8B,1.0,1.0,0.0,0.62,1
mbpp:test:697:f8cce9c8c3e1,Qwen3-8B,1.0,1.0,0.0,0.5700000000000001,1
mbpp:test:311:0c69884a0407,Qwen3-8B,0.0,1.0,1.0,0.43999999999999995,1
mbpp:test:64:1b74ff2fcbfd,Qwen3-8B,0.0,1.0,1.0,0.63,1
mbpp:test:108:a7ce0108cf73,Qwen3-8B,0.0,1.0,1.0,0.67,1
mbpp:test:884:5fff43f7d18e,Qwen3-8B,0.0,0.0,0.0,0.65,1
mbpp:test:779:bff8e72cc42a,Qwen3-8B,0.0,1.0,1.0,0.56,1
mbpp:test:856:ff03143c65a2,Qwen3-8B,1.0,1.0,0.0,0.48,1
mbpp:test:944:16398c2c549a,Qwen3-8B,1.0,1.0,0.0,0.64,1
mbpp:test:47:820079e176fb,Qwen3-8B,1.0,1.0,0.0,0.45,1
mbpp:test:111:12a5a4e50694,Qwen3-8B,1.0,1.0,0.0,0.6900000000000001,1
mbpp:test:218:41a0694b6ffa,Qwen3-8B,1.0,1.0,0.0,0.64,1
mbpp:test:881:b737e479e55e,Qwen3-8B,0.0,1.0,1.0,0.6,1
mbpp:test:501:1d9b47c5cc05,Qwen3-8B,1.0,1.0,0.0,0.41999999999999993,1
mbpp:test:549:05c937b4dc50,Qwen3-8B,1.0,1.0,0.0,0.58,1
mbpp:test:56:076887cc76c7,Qwen3-8B,0.0,1.0,1.0,0.47,1
mbpp:test:745:32d3808f5074,Qwen3-8B,0.0,1.0,1.0,0.42999999999999994,1
mbpp:test:592:3538e61244d2,Qwen3-8B,1.0,1.0,0.0,0.63,1
mbpp:test:921:d8198b0f312b,Qwen3-8B,1.0,1.0,0.0,0.5,1
mbpp:test:442:01758e1cc077,Qwen3-8B,1.0,1.0,0.0,0.64,1
mbpp:test:717:599eea078df5,Qwen3-8B,0.0,1.0,1.0,0.59,1
mbpp:test:834:5e10446767ca,Qwen3-8B,0.0,1.0,1.0,0.61,1
mbpp:test:347:d731b0f3f0a5,Qwen3-8B,1.0,1.0,0.0,0.39,1
mbpp:test:580:479657f25fba,Qwen3-8B,1.0,1.0,0.0,0.61,1
mbpp:test:349:1ed7370cb580,Qwen3-8B,0.0,1.0,1.0,0.63,1
mbpp:test:459:667e4e2721fb,Qwen3-8B,1.0,1.0,0.0,0.53,1
mbpp:test:307:366d5cbcadd2,Qwen3-8B,0.0,1.0,1.0,0.43999999999999995,1
mbpp:test:351:7281743437de,Qwen3-8B,1.0,1.0,0.0,0.67,1
mbpp:test:16:58815bdb087d,Qwen3-8B,0.0,1.0,1.0,0.42999999999999994,1
mbpp:test:605:1e27517c325a,Qwen3-8B,0.0,1.0,1.0,0.4099999999999999,1
mbpp:test:76:46a8597cfbb7,Qwen3-8B,0.0,1.0,1.0,0.55,1
mbpp:test:864:296af75a0266,Qwen3-8B,1.0,1.0,0.0,0.39,1
mbpp:test:119:f7e249614ed8,Qwen3-8B,0.0,1.0,1.0,0.52,1
mbpp:test:103:e724b3dba468,Qwen3-8B,0.0,0.0,0.0,0.61,1
mbpp:test:801:e6172f353e68,Qwen3-8B,1.0,1.0,0.0,0.66,1
mbpp:test:444:6d27ccf298e3,Qwen3-8B,0.0,1.0,1.0,0.59,1
mbpp:test:173:74ffda1e67c1,Qwen3-8B,1.0,1.0,0.0,0.5,1
mbpp:test:201:bb439ad68eb9,Qwen3-8B,1.0,1.0,0.0,0.3999999999999999,1
mbpp:test:364:dac304c51114,Qwen3-8B,0.0,1.0,1.0,0.51,1
mbpp:test:220:ce09daa0a3b5,Qwen3-8B,0.0,1.0,1.0,0.67,1
mbpp:test:395:08e4b706de84,Qwen3-8B,1.0,1.0,0.0,0.74,1
mbpp:test:484:e825eef11014,Qwen3-8B,0.0,1.0,1.0,0.41999999999999993,1
mbpp:test:512:3035920f2a9b,Qwen3-8B,1.0,1.0,0.0,0.57,1
mbpp:test:147:913c00e2fee8,Qwen3-8B,0.0,1.0,1.0,0.59,1
mbpp:test:338:9075dce8beb2,Qwen3-8B,0.0,0.0,0.0,0.5700000000000001,1
mbpp:test:120:b1b7a2a41697,Qwen3-8B,0.0,1.0,1.0,0.57,1
mbpp:test:516:daea416a83b7,Qwen3-8B,1.0,1.0,0.0,0.58,1
mbpp:test:257:e369378b6001,Qwen3-8B,1.0,1.0,0.0,0.6,1
mbpp:test:788:e07f633f325f,Qwen3-8B,1.0,1.0,0.0,0.45999999999999996,1
mbpp:test:526:ca6b05327319,Qwen3-8B,1.0,1.0,0.0,0.58,1
mbpp:test:836:96e5dcd26e6b,Qwen3-8B,1.0,1.0,0.0,0.55,1
mbpp:test:22:72987878d1ac,Qwen3-8B,1.0,1.0,0.0,0.51,1
mbpp:test:391:c327a0235f87,Qwen3-8B,0.0,1.0,1.0,0.37,1
mbpp:test:327:74c7b36d1d63,Qwen3-8B,0.0,1.0,1.0,0.57,1
mbpp:test:540:815af89d8901,Qwen3-8B,0.0,1.0,1.0,0.52,1
mbpp:test:86:50ab1ebfbc98,Qwen3-8B,1.0,1.0,0.0,0.63,1
mbpp:test:67:bd8c68b63683,Qwen3-8B,1.0,1.0,0.0,0.53,1
medqa:test:1248:005688bb139f,Qwen3-8B,0.0,0.0,0.0,0.25,1
medqa:test:112:ad1d1aa5122c,Qwen3-8B,1.0,1.0,0.0,0.30000000000000004,1
medqa:test:910:95cbbfc5ef0f,Qwen3-8B,0.0,0.0,0.0,0.32,1
medqa:test:529:7d4618beddc1,Qwen3-8B,1.0,1.0,0.0,0.35000000000000003,1
medqa:test:601:5bafc0379fd1,Qwen3-8B,1.0,1.0,0.0,0.22,1
medqa:test:1092:293e98cc4f93,Qwen3-8B,1.0,1.0,0.0,0.33999999999999997,1
medqa:test:1234:9b2e68f7e178,Qwen3-8B,0.0,1.0,1.0,0.33,1
medqa:test:795:2159abbc3584,Qwen3-8B,1.0,1.0,0.0,0.39,1
medqa:test:345:81eeb0e0df61,Qwen3-8B,1.0,1.0,0.0,0.31000000000000005,1
medqa:test:259:7ab283dfcd2d,Qwen3-8B,1.0,1.0,0.0,0.19999999999999998,1
medqa:test:333:a60007d9ced3,Qwen3-8B,1.0,1.0,0.0,0.28,1
medqa:test:869:e6aa56c33faf,Qwen3-8B,1.0,1.0,0.0,0.38999999999999996,1
medqa:test:1232:5e382617f99d,Qwen3-8B,1.0,1.0,0.0,0.16999999999999998,1
medqa:test:1095:853da7bea8a1,Qwen3-8B,1.0,1.0,0.0,0.22,1
medqa:test:1105:ad1ad60c470a,Qwen3-8B,1.0,1.0,0.0,0.34,1
medqa:test:665:21e14f45a7eb,Qwen3-8B,0.0,1.0,1.0,0.24,1
medqa:test:360:fc9ed83b08f9,Qwen3-8B,1.0,1.0,0.0,0.21999999999999997,1
medqa:test:476:10ba86f786dd,Qwen3-8B,1.0,1.0,0.0,0.39,1
medqa:test:584:0c3f6373ff8a,Qwen3-8B,1.0,1.0,0.0,0.26,1
medqa:test:1148:a744485b1bfb,Qwen3-8B,1.0,1.0,0.0,0.27,1
medqa:test:171:90e0ec6615b4,Qwen3-8B,1.0,1.0,0.0,0.33,1
medqa:test:595:19ffc9610645,Qwen3-8B,1.0,1.0,0.0,0.33999999999999997,1
medqa:test:827:b4671089547b,Qwen3-8B,1.0,1.0,0.0,0.38,1
medqa:test:633:418982febfaa,Qwen3-8B,1.0,1.0,0.0,0.34,1
medqa:test:1194:c0958a4f276b,Qwen3-8B,1.0,1.0,0.0,0.18,1
medqa:test:295:18313cfe1410,Qwen3-8B,1.0,1.0,0.0,0.21999999999999997,1
medqa:test:38:2c8a9eec14f8,Qwen3-8B,1.0,1.0,0.0,0.25,1
medqa:test:331:15c45ebd3106,Qwen3-8B,0.0,1.0,1.0,0.25,1
medqa:test:316:4e96c2ae72d6,Qwen3-8B,1.0,1.0,0.0,0.24000000000000002,1
medqa:test:454:141bbcad1d6a,Qwen3-8B,1.0,1.0,0.0,0.23,1
medqa:test:911:e4b2ac55feaf,Qwen3-8B,1.0,1.0,0.0,0.15,1
medqa:test:103:2b28ce93d74e,Qwen3-8B,1.0,1.0,0.0,0.32,1
medqa:test:642:ef04852c75b6,Qwen3-8B,1.0,1.0,0.0,0.26,1
medqa:test:90:b17ac6a50da8,Qwen3-8B,1.0,1.0,0.0,0.23,1
medqa:test:14:bacceef8798c,Qwen3-8B,1.0,1.0,0.0,0.22999999999999998,1
medqa:test:902:876816edf3ec,Qwen3-8B,1.0,1.0,0.0,0.31,1
medqa:test:692:fe7d4d3a61bb,Qwen3-8B,1.0,1.0,0.0,0.28,1
medqa:test:1189:2dbe5becc1a9,Qwen3-8B,1.0,1.0,0.0,0.25,1
medqa:test:925:1bb7cf083027,Qwen3-8B,1.0,1.0,0.0,0.29,1
medqa:test:1102:39739fd8e8a5,Qwen3-8B,1.0,1.0,0.0,0.01999999999999999,1
medqa:test:659:2876b296cd03,Qwen3-8B,1.0,1.0,0.0,0.07,1
medqa:test:158:59f24a71e7db,Qwen3-8B,1.0,1.0,0.0,0.33,1
medqa:test:864:eea6b55c4683,Qwen3-8B,1.0,1.0,0.0,0.36000000000000004,1
medqa:test:313:1365883c93bc,Qwen3-8B,1.0,1.0,0.0,0.24000000000000002,1
medqa:test:351:f5d4b45fb6c5,Qwen3-8B,1.0,1.0,0.0,0.43999999999999995,1
medqa:test:75:0800d108acba,Qwen3-8B,1.0,1.0,0.0,0.3,1
medqa:test:310:5978b1cbb9b0,Qwen3-8B,1.0,1.0,0.0,0.19,1
medqa:test:157:a88346fb79d0,Qwen3-8B,1.0,1.0,0.0,0.25,1
medqa:test:971:c3571cca97f2,Qwen3-8B,1.0,1.0,0.0,0.25,1
medqa:test:1078:603342425368,Qwen3-8B,0.0,1.0,1.0,0.33,1
medqa:test:866:15b5e7c8adaa,Qwen3-8B,1.0,1.0,0.0,0.35000000000000003,1
medqa:test:1233:3a64ddf3ac9b,Qwen3-8B,1.0,1.0,0.0,0.1,1
medqa:test:1113:56297b2ba2e0,Qwen3-8B,1.0,1.0,0.0,0.19,1
medqa:test:521:d23c725bcf5c,Qwen3-8B,1.0,1.0,0.0,0.29,1
medqa:test:606:81d75b652e16,Qwen3-8B,0.0,1.0,1.0,0.22,1
medqa:test:1217:18504a65827b,Qwen3-8B,0.0,1.0,1.0,0.34,1
medqa:test:459:ad7626a3974f,Qwen3-8B,1.0,1.0,0.0,0.33999999999999997,1
medqa:test:68:a00014ab5e01,Qwen3-8B,1.0,1.0,0.0,0.3,1
medqa:test:858:8938ba988c7e,Qwen3-8B,1.0,1.0,0.0,0.31,1
medqa:test:140:8fc36b5a0c2d,Qwen3-8B,0.0,1.0,1.0,0.24999999999999997,1
medqa:test:133:c401b0a30a2a,Qwen3-8B,1.0,1.0,0.0,0.27,1
medqa:test:886:a42fa1aa5286,Qwen3-8B,0.0,1.0,1.0,0.25,1
medqa:test:236:ebd5ef5ef2bb,Qwen3-8B,1.0,1.0,0.0,0.21,1
medqa:test:958:14c105edbb31,Qwen3-8B,1.0,1.0,0.0,0.25,1
medqa:test:968:7e4e9b987bd4,Qwen3-8B,0.0,1.0,1.0,0.33999999999999997,1
medqa:test:477:5138bbffd3b1,Qwen3-8B,1.0,1.0,0.0,0.13999999999999999,1
medqa:test:314:d761ee468eec,Qwen3-8B,1.0,1.0,0.0,0.12000000000000002,1
medqa:test:1254:064412b22306,Qwen3-8B,1.0,1.0,0.0,0.39,1
medqa:test:952:2a08d56ff160,Qwen3-8B,1.0,1.0,0.0,0.26,1
medqa:test:714:3d6ec6e52b70,Qwen3-8B,1.0,1.0,0.0,0.36000000000000004,1
medqa:test:564:a0a90dfcc22a,Qwen3-8B,1.0,1.0,0.0,0.16999999999999998,1
medqa:test:475:9845245f99fa,Qwen3-8B,1.0,1.0,0.0,0.19999999999999998,1
medqa:test:1267:fb6889750dac,Qwen3-8B,0.0,1.0,1.0,0.26,1
medqa:test:818:c26490382ee1,Qwen3-8B,1.0,1.0,0.0,0.32,1
medqa:test:1215:eb3d1c786afa,Qwen3-8B,1.0,1.0,0.0,0.27,1
medqa:test:127:423a4d99bcab,Qwen3-8B,1.0,1.0,0.0,0.32,1
medqa:test:747:731f2196dcc2,Qwen3-8B,1.0,1.0,0.0,0.26,1
medqa:test:778:6c3b8014c2cc,Qwen3-8B,1.0,1.0,0.0,0.21999999999999997,1
medqa:test:208:fb2805f7d394,Qwen3-8B,1.0,1.0,0.0,0.21000000000000002,1
medqa:test:1087:509bfe5aca40,Qwen3-8B,1.0,1.0,0.0,0.4,1
medqa:test:1090:c995df5f726b,Qwen3-8B,1.0,1.0,0.0,0.32,1
medqa:test:1169:4c9d09596519,Qwen3-8B,1.0,1.0,0.0,0.21999999999999997,1
medqa:test:990:3612abf93314,Qwen3-8B,0.0,0.0,0.0,0.35000000000000003,1
medqa:test:781:e3862abec5d4,Qwen3-8B,1.0,1.0,0.0,0.4099999999999999,1
medqa:test:1036:d100d9f8554d,Qwen3-8B,1.0,1.0,0.0,0.31,1
medqa:test:430:bb9dd63cffd5,Qwen3-8B,1.0,1.0,0.0,0.39,1
medqa:test:1256:54c84cee1012,Qwen3-8B,1.0,1.0,0.0,0.21999999999999997,1
medqa:test:1035:be79535b6aa0,Qwen3-8B,0.0,1.0,1.0,0.26,1
medqa:test:358:c32c20e7e6fb,Qwen3-8B,1.0,1.0,0.0,0.35,1
medqa:test:898:05a9fe723765,Qwen3-8B,1.0,1.0,0.0,0.22,1
medqa:test:981:31dffb2864e8,Qwen3-8B,0.0,1.0,1.0,0.41000000000000003,1
medqa:test:240:86bf05c67191,Qwen3-8B,0.0,1.0,1.0,0.26,1
medqa:test:607:2425c1906675,Qwen3-8B,1.0,1.0,0.0,0.3,1
medqa:test:742:33fbd6cbf3ff,Qwen3-8B,1.0,1.0,0.0,0.16,1
medqa:test:934:ff6b791f093d,Qwen3-8B,0.0,1.0,1.0,0.33,1
medqa:test:904:2879e5888245,Qwen3-8B,1.0,1.0,0.0,0.39,1
medqa:test:83:55938a951138,Qwen3-8B,1.0,1.0,0.0,0.16,1
medqa:test:411:54e536db0971,Qwen3-8B,1.0,1.0,0.0,0.25,1
medqa:test:1101:b5c8588cd62c,Qwen3-8B,0.0,1.0,1.0,0.22999999999999998,1
medqa:test:247:7f4a99e76b79,Qwen3-8B,0.0,1.0,1.0,0.30000000000000004,1
medqa:test:302:93d6b4c8619e,Qwen3-8B,1.0,1.0,0.0,0.30999999999999994,1
medqa:test:1271:02210da0cc29,Qwen3-8B,0.0,1.0,1.0,0.21,1
medqa:test:1251:608749651d28,Qwen3-8B,1.0,1.0,0.0,0.26,1
medqa:test:150:ebab5dbfc813,Qwen3-8B,1.0,1.0,0.0,0.15,1
medqa:test:844:8d0b33d20ace,Qwen3-8B,1.0,1.0,0.0,0.21000000000000002,1
medqa:test:1170:bd27ecf8b7c0,Qwen3-8B,1.0,1.0,0.0,0.32,1
medqa:test:577:307f51e54448,Qwen3-8B,0.0,1.0,1.0,0.33,1
medqa:test:1225:30c57cff7952,Qwen3-8B,0.0,1.0,1.0,0.31,1
medqa:test:1162:b539047edbf6,Qwen3-8B,0.0,1.0,1.0,0.13999999999999999,1
medqa:test:105:9975aae6558d,Qwen3-8B,1.0,1.0,0.0,0.34,1
medqa:test:695:b0d208e1c8db,Qwen3-8B,1.0,1.0,0.0,0.32000000000000006,1
medqa:test:679:6819efc507ae,Qwen3-8B,1.0,1.0,0.0,0.22000000000000003,1
medqa:test:730:36738f76d91d,Qwen3-8B,1.0,1.0,0.0,0.32,1
medqa:test:343:d23f8a942f03,Qwen3-8B,1.0,1.0,0.0,0.36000000000000004,1
medqa:test:1223:7fc23ce37ccc,Qwen3-8B,1.0,1.0,0.0,0.32999999999999996,1
medqa:test:413:6194572a06bd,Qwen3-8B,1.0,1.0,0.0,0.36000000000000004,1
medqa:test:760:5603ff354e56,Qwen3-8B,1.0,1.0,0.0,0.3,1
medqa:test:179:a0f9b1c5e449,Qwen3-8B,1.0,1.0,0.0,0.17,1
medqa:test:35:b803372d0223,Qwen3-8B,0.0,1.0,1.0,0.37,1
medqa:test:1229:ea8608aca3eb,Qwen3-8B,1.0,1.0,0.0,0.32,1
medqa:test:919:81f7b4931bc9,Qwen3-8B,1.0,1.0,0.0,0.35,1
medqa:test:677:485f928beb1f,Qwen3-8B,1.0,1.0,0.0,0.22,1
medqa:test:396:e9a63017f6dd,Qwen3-8B,1.0,1.0,0.0,0.27,1
medqa:test:419:e17a9e002c08,Qwen3-8B,1.0,1.0,0.0,0.24,1
medqa:test:853:e11a89db022f,Qwen3-8B,1.0,1.0,0.0,0.31000000000000005,1
medqa:test:448:f5fb3b2e693f,Qwen3-8B,0.0,1.0,1.0,0.32999999999999996,1
medqa:test:1240:4076f9b03972,Qwen3-8B,0.0,1.0,1.0,0.31,1
medqa:test:1098:a048c1fba804,Qwen3-8B,1.0,1.0,0.0,0.29,1
medqa:test:71:6801a886080e,Qwen3-8B,1.0,1.0,0.0,0.18999999999999997,1
medqa:test:891:39d349492356,Qwen3-8B,1.0,1.0,0.0,0.29,1
medqa:test:645:6c8821d9b5a6,Qwen3-8B,1.0,1.0,0.0,0.24,1
medqa:test:36:fb9e253344c0,Qwen3-8B,1.0,1.0,0.0,0.32,1
medqa:test:862:5b5246c02f97,Qwen3-8B,0.0,0.0,0.0,0.33,1
medqa:test:1132:ba37c0b19ccf,Qwen3-8B,1.0,1.0,0.0,0.37,1
medqa:test:285:0e3e3a4d520f,Qwen3-8B,0.0,1.0,1.0,0.34,1
medqa:test:510:c0bcefb144dc,Qwen3-8B,1.0,1.0,0.0,0.35,1
medqa:test:950:d64cdf142d00,Qwen3-8B,1.0,1.0,0.0,0.35000000000000003,1
medqa:test:465:cb5c347c0e5a,Qwen3-8B,1.0,1.0,0.0,0.21000000000000002,1
medqa:test:429:e3f8cb20fa28,Qwen3-8B,0.0,1.0,1.0,0.27999999999999997,1
medqa:test:843:d859fe9eba30,Qwen3-8B,1.0,1.0,0.0,0.3,1
medqa:test:663:90a51512ffa7,Qwen3-8B,1.0,1.0,0.0,0.27,1
medqa:test:724:91718c33af9c,Qwen3-8B,0.0,1.0,1.0,0.34,1
medqa:test:1224:72e21254cb5d,Qwen3-8B,1.0,1.0,0.0,0.22999999999999998,1
medqa:test:722:ed6afbf170a5,Qwen3-8B,1.0,1.0,0.0,0.26,1
medqa:test:485:5eff9112867f,Qwen3-8B,1.0,1.0,0.0,0.35000000000000003,1
medqa:test:694:6b505727f0b8,Qwen3-8B,1.0,1.0,0.0,0.36,1
medqa:test:303:bc90b920d620,Qwen3-8B,1.0,1.0,0.0,0.35000000000000003,1
medqa:test:1244:c11b1177046e,Qwen3-8B,1.0,1.0,0.0,0.27,1
medqa:test:130:6102a9584b69,Qwen3-8B,1.0,1.0,0.0,0.35000000000000003,1
medqa:test:1187:734198443524,Qwen3-8B,1.0,1.0,0.0,0.24999999999999997,1
medqa:test:420:7d207633d1cb,Qwen3-8B,0.0,1.0,1.0,0.34,1
medqa:test:561:1fd9cfa11690,Qwen3-8B,0.0,1.0,1.0,0.26,1
medqa:test:270:877ee34ceee3,Qwen3-8B,1.0,1.0,0.0,0.28,1
medqa:test:376:ec02f0615ed2,Qwen3-8B,1.0,1.0,0.0,0.32,1
medqa:test:939:90e15e8fe082,Qwen3-8B,1.0,1.0,0.0,0.26,1
medqa:test:707:c6e7b5b86c97,Qwen3-8B,0.0,1.0,1.0,0.38,1
medqa:test:614:19c5de547a88,Qwen3-8B,1.0,1.0,0.0,0.34,1
medqa:test:1110:65fbc30e649e,Qwen3-8B,1.0,1.0,0.0,0.3600000000000001,1
medqa:test:172:5a41f69984c7,Qwen3-8B,1.0,1.0,0.0,0.3,1
medqa:test:65:d610b62d4bbf,Qwen3-8B,0.0,1.0,1.0,0.36,1
medqa:test:42:7c32cc67963d,Qwen3-8B,1.0,1.0,0.0,0.27999999999999997,1
medqa:test:803:7c7b865bcafb,Qwen3-8B,0.0,1.0,1.0,0.12000000000000002,1
medqa:test:436:703f13c4a220,Qwen3-8B,1.0,1.0,0.0,0.38000000000000006,1
medqa:test:1043:68c862105b9d,Qwen3-8B,1.0,1.0,0.0,0.21,1
medqa:test:364:192e4a423c49,Qwen3-8B,1.0,1.0,0.0,0.29000000000000004,1
medqa:test:12:ae13d7e92eb4,Qwen3-8B,1.0,1.0,0.0,0.3,1
medqa:test:740:f6ec752b92b9,Qwen3-8B,1.0,1.0,0.0,0.35,1
medqa:test:217:bd39563ca0d0,Qwen3-8B,1.0,1.0,0.0,0.27999999999999997,1
medqa:test:702:e6caabd405c2,Qwen3-8B,0.0,1.0,1.0,0.26,1
medqa:test:983:16663ab4883c,Qwen3-8B,1.0,1.0,0.0,0.22,1
medqa:test:1063:fe99c88ad065,Qwen3-8B,1.0,1.0,0.0,0.31999999999999995,1
medqa:test:1076:cbe9ad3d4752,Qwen3-8B,1.0,1.0,0.0,0.29000000000000004,1
medqa:test:121:c7e1e4f4e617,Qwen3-8B,1.0,1.0,0.0,0.3,1
medqa:test:195:7ba4cb187247,Qwen3-8B,1.0,1.0,0.0,0.3,1
medqa:test:1033:6d00cfe94aa9,Qwen3-8B,1.0,1.0,0.0,0.38000000000000006,1
medqa:test:746:0b5028e28b27,Qwen3-8B,1.0,1.0,0.0,0.21,1
medqa:test:134:b00552feed86,Qwen3-8B,1.0,1.0,0.0,0.34,1
medqa:test:113:9c04d2557a4e,Qwen3-8B,0.0,1.0,1.0,0.29,1
medqa:test:1165:e6cbcbe45e31,Qwen3-8B,0.0,1.0,1.0,0.35,1
medqa:test:936:f41a325095cf,Qwen3-8B,1.0,1.0,0.0,0.31,1
medqa:test:149:5fd189f5dd73,Qwen3-8B,1.0,1.0,0.0,0.29,1
medqa:test:673:a601d8a7095a,Qwen3-8B,1.0,1.0,0.0,0.19000000000000003,1
medqa:test:528:c5e24495ddd4,Qwen3-8B,1.0,1.0,0.0,0.26,1
medqa:test:643:00feac6356ca,Qwen3-8B,1.0,1.0,0.0,0.16999999999999998,1
medqa:test:1003:345f4e9e3def,Qwen3-8B,1.0,1.0,0.0,0.38,1
medqa:test:349:666ef7aaf768,Qwen3-8B,1.0,1.0,0.0,0.29,1
medqa:test:167:33e6d4ead18b,Qwen3-8B,1.0,1.0,0.0,0.31,1
medqa:test:508:eae5ac0cb0cb,Qwen3-8B,1.0,1.0,0.0,0.29000000000000004,1
medqa:test:249:3f0e6a2a8577,Qwen3-8B,1.0,1.0,0.0,0.25,1
medqa:test:1079:4c330a503513,Qwen3-8B,1.0,1.0,0.0,0.41000000000000003,1
medqa:test:406:5b98fb4e326a,Qwen3-8B,1.0,1.0,0.0,0.29000000000000004,1
medqa:test:1085:b920da3e52de,Qwen3-8B,0.0,1.0,1.0,0.29000000000000004,1
medqa:test:115:95cb74e8039e,Qwen3-8B,1.0,1.0,0.0,0.27999999999999997,1
medqa:test:342:f88c64b6db23,Qwen3-8B,1.0,1.0,0.0,0.25,1
medqa:test:15:e0fc7f72ccd7,Qwen3-8B,1.0,1.0,0.0,0.24,1
medqa:test:138:f7ef5e9d0e2f,Qwen3-8B,1.0,1.0,0.0,0.24000000000000002,1
medqa:test:1153:c4b610118f56,Qwen3-8B,0.0,1.0,1.0,0.24,1
medqa:test:197:987bffba8e22,Qwen3-8B,1.0,1.0,0.0,0.15999999999999998,1
medqa:test:744:c5a0e8174fb3,Qwen3-8B,1.0,1.0,0.0,0.42999999999999994,1
medqa:test:812:ebef116a2c03,Qwen3-8B,1.0,1.0,0.0,0.27,1
medqa:test:823:c4cbf7768c40,Qwen3-8B,0.0,1.0,1.0,0.25,1
medqa:test:1093:bd8931de5f3b,Qwen3-8B,1.0,1.0,0.0,0.25,1
medqa:test:328:f921c4dbd070,Qwen3-8B,1.0,1.0,0.0,0.24000000000000002,1
medqa:test:1117:4c610a75af58,Qwen3-8B,1.0,1.0,0.0,0.27,1
medqa:test:800:bbf7e070ee23,Qwen3-8B,1.0,1.0,0.0,0.36,1
medqa:test:210:488f1727816c,Qwen3-8B,1.0,1.0,0.0,0.27999999999999997,1
medqa:test:789:63973bd7cea1,Qwen3-8B,1.0,1.0,0.0,0.18999999999999997,1
medqa:test:536:eba0adb6175d,Qwen3-8B,1.0,1.0,0.0,0.14999999999999997,1
medqa:test:182:d9e83103fb05,Qwen3-8B,1.0,1.0,0.0,0.25,1
medqa:test:243:7c43a13a5480,Qwen3-8B,1.0,1.0,0.0,0.26999999999999996,1
medqa:test:741:7877ba4342f5,Qwen3-8B,1.0,1.0,0.0,0.27999999999999997,1
medqa:test:842:795eedc2206f,Qwen3-8B,1.0,1.0,0.0,0.17,1
medqa:test:56:3f4cc649b188,Qwen3-8B,1.0,1.0,0.0,0.28,1
medqa:test:550:f4619614067b,Qwen3-8B,0.0,1.0,1.0,0.24,1
medqa:test:437:1cbfe12aa990,Qwen3-8B,1.0,1.0,0.0,0.24,1
medqa:test:446:92077530724d,Qwen3-8B,1.0,1.0,0.0,0.31,1
medqa:test:830:87364771772a,Qwen3-8B,0.0,1.0,1.0,0.4,1
medqa:test:506:bd2bc4359244,Qwen3-8B,1.0,1.0,0.0,0.18999999999999997,1
medqa:test:330:367f6d759d82,Qwen3-8B,1.0,1.0,0.0,0.35000000000000003,1
medqa:test:254:4dba97f84f7e,Qwen3-8B,1.0,1.0,0.0,0.22,1
medqa:test:545:b1ef439b1e32,Qwen3-8B,1.0,1.0,0.0,0.28,1
medqa:test:600:c821d344cf24,Qwen3-8B,1.0,1.0,0.0,0.26,1
medqa:test:1151:a57d9f41b8d3,Qwen3-8B,1.0,1.0,0.0,0.33,1
medqa:test:422:463bb64dafa7,Qwen3-8B,1.0,1.0,0.0,0.33999999999999997,1
medqa:test:610:0efd72dc5767,Qwen3-8B,1.0,1.0,0.0,0.23999999999999996,1
medqa:test:8:8bb89b323e2c,Qwen3-8B,1.0,1.0,0.0,0.3,1
medqa:test:728:185e1d97e57c,Qwen3-8B,1.0,1.0,0.0,0.26,1
medqa:test:837:f2e43705d503,Qwen3-8B,1.0,1.0,0.0,0.22999999999999998,1
medqa:test:1022:5de74ed83743,Qwen3-8B,1.0,1.0,0.0,0.23,1
medqa:test:716:0ea754900980,Qwen3-8B,1.0,1.0,0.0,0.36,1
medqa:test:709:f2b6f50c83e8,Qwen3-8B,1.0,1.0,0.0,0.16999999999999998,1
medqa:test:680:078862b5ea0f,Qwen3-8B,0.0,1.0,1.0,0.20999999999999996,1
medqa:test:34:425d27599825,Qwen3-8B,0.0,1.0,1.0,0.22,1
medqa:test:135:1e20c0ab40d8,Qwen3-8B,1.0,1.0,0.0,0.21999999999999997,1
medqa:test:489:38e4bbbb79f0,Qwen3-8B,1.0,1.0,0.0,0.24000000000000002,1
medqa:test:749:b5804773dea6,Qwen3-8B,1.0,1.0,0.0,0.29,1
medqa:test:909:98ac374daf12,Qwen3-8B,0.0,1.0,1.0,0.24999999999999997,1
medqa:test:1195:9922a9033587,Qwen3-8B,1.0,1.0,0.0,0.26,1
medqa:test:706:8b2fda33d8ef,Qwen3-8B,1.0,1.0,0.0,0.28,1
medqa:test:29:cdc9d18d8742,Qwen3-8B,1.0,1.0,0.0,0.27,1
medqa:test:734:df6ed776ce96,Qwen3-8B,1.0,1.0,0.0,0.31999999999999995,1
medqa:test:1180:685e6b56e0b6,Qwen3-8B,1.0,1.0,0.0,0.21,1
medqa:test:1134:487e41f91fc9,Qwen3-8B,1.0,1.0,0.0,0.17,1
medqa:test:1031:2b3321591146,Qwen3-8B,0.0,1.0,1.0,0.32999999999999996,1
medqa:test:457:7fb53552fcd2,Qwen3-8B,0.0,1.0,1.0,0.15,1
medqa:test:1044:d38ee7986d51,Qwen3-8B,1.0,1.0,0.0,0.32,1
medqa:test:799:4ce173d87aee,Qwen3-8B,1.0,1.0,0.0,0.22,1
medqa:test:268:7d6546b7c606,Qwen3-8B,1.0,1.0,0.0,0.19000000000000003,1
medqa:test:66:0ffc0eed2199,Qwen3-8B,1.0,1.0,0.0,0.30999999999999994,1
medqa:test:616:3a8e2220e114,Qwen3-8B,1.0,1.0,0.0,0.27,1
medqa:test:949:3423fe14e3bd,Qwen3-8B,1.0,1.0,0.0,0.27,1
medqa:test:301:89c3b4457720,Qwen3-8B,0.0,1.0,1.0,0.22999999999999998,1
medqa:test:896:5dd057d0d49c,Qwen3-8B,1.0,1.0,0.0,0.19999999999999998,1
medqa:test:1000:e90f1f026c56,Qwen3-8B,1.0,1.0,0.0,0.29999999999999993,1
medqa:test:309:2a9beb60159e,Qwen3-8B,1.0,1.0,0.0,0.21999999999999997,1
meld:test:729:ea1812a2c114,Qwen3-8B,0.0,1.0,1.0,0.2,1
meld:test:1056:e397b249b285,Qwen3-8B,1.0,1.0,0.0,0.09999999999999998,1
meld:test:307:c0cde507c3fb,Qwen3-8B,0.0,0.0,0.0,0.10999999999999999,1
meld:test:717:dd1072547ad5,Qwen3-8B,1.0,1.0,0.0,0.15000000000000002,1
meld:test:364:00c91bc65c8c,Qwen3-8B,0.0,1.0,1.0,0.18,1
meld:test:41:a9c319fa970c,Qwen3-8B,1.0,1.0,0.0,0.1,1
meld:test:509:9fb0d60f363e,Qwen3-8B,0.0,1.0,1.0,0.17000000000000004,1
meld:test:571:a60c7bd79287,Qwen3-8B,1.0,1.0,0.0,0.11999999999999998,1
meld:test:913:30a616992977,Qwen3-8B,1.0,1.0,0.0,0.15999999999999998,1
meld:test:152:0f74348f3e8c,Qwen3-8B,0.0,0.0,0.0,0.13,1
meld:test:212:a58495c0283c,Qwen3-8B,0.0,1.0,1.0,0.12999999999999998,1
meld:test:954:cf5a2e61653c,Qwen3-8B,0.0,1.0,1.0,0.17000000000000004,1
meld:test:819:53062f3b6e52,Qwen3-8B,0.0,0.0,0.0,0.14,1
meld:test:809:3e1b32198fbd,Qwen3-8B,0.0,0.0,0.0,0.13,1
meld:test:879:940e130acf6c,Qwen3-8B,0.0,1.0,1.0,0.12,1
meld:test:611:4761527e7fbc,Qwen3-8B,1.0,1.0,0.0,0.16000000000000003,1
meld:test:60:9be9955ce18d,Qwen3-8B,0.0,1.0,1.0,0.14,1
meld:test:105:7b33b859faf7,Qwen3-8B,0.0,1.0,1.0,0.13,1
meld:test:694:6df33b04a023,Qwen3-8B,0.0,1.0,1.0,0.13,1
meld:test:620:a6a0ef576b89,Qwen3-8B,1.0,1.0,0.0,0.19,1
meld:test:309:5e6f2211be10,Qwen3-8B,1.0,1.0,0.0,0.17,1
meld:test:839:f542f489010a,Qwen3-8B,0.0,1.0,1.0,0.16999999999999998,1
meld:test:756:695b12516c20,Qwen3-8B,1.0,1.0,0.0,0.09999999999999999,1
meld:test:262:251366980333,Qwen3-8B,1.0,1.0,0.0,0.13,1
meld:test:665:1ac93a24bf1e,Qwen3-8B,1.0,1.0,0.0,0.18,1
meld:test:542:483eed1503e4,Qwen3-8B,0.0,1.0,1.0,0.19999999999999998,1
meld:test:827:7549dd55f734,Qwen3-8B,1.0,1.0,0.0,0.09999999999999998,1
meld:test:299:82096514a672,Qwen3-8B,1.0,1.0,0.0,0.14,1
meld:test:616:9706bf1262c8,Qwen3-8B,0.0,0.0,0.0,0.2,1
meld:test:755:2d444d835560,Qwen3-8B,1.0,1.0,0.0,0.12,1
meld:test:539:b9c35dd1a637,Qwen3-8B,1.0,1.0,0.0,0.14,1
meld:test:630:396f03f70ae9,Qwen3-8B,0.0,0.0,0.0,0.16000000000000003,1
meld:test:1138:a557473e9ea2,Qwen3-8B,0.0,1.0,1.0,0.15000000000000002,1
meld:test:1192:c0927a8f12ae,Qwen3-8B,1.0,1.0,0.0,0.15000000000000002,1
meld:test:725:6da80069f0cc,Qwen3-8B,0.0,0.0,0.0,0.21000000000000002,1
meld:test:915:32e008afa495,Qwen3-8B,0.0,1.0,1.0,0.15999999999999998,1
meld:test:64:ce273a78f142,Qwen3-8B,1.0,1.0,0.0,0.21999999999999997,1
meld:test:625:06cd00f1f500,Qwen3-8B,1.0,1.0,0.0,0.13,1
meld:test:810:c6777daa26c1,Qwen3-8B,0.0,1.0,1.0,0.12000000000000001,1
meld:test:226:cd7aa94c3d7f,Qwen3-8B,1.0,1.0,0.0,0.13,1
meld:test:1122:c6567fe600de,Qwen3-8B,0.0,0.0,0.0,0.14,1
meld:test:503:873175b4b9d6,Qwen3-8B,1.0,1.0,0.0,0.13,1
meld:test:274:8a303d096c67,Qwen3-8B,0.0,0.0,0.0,0.16000000000000003,1
meld:test:597:e9f475d5c498,Qwen3-8B,1.0,1.0,0.0,0.11000000000000001,1
meld:test:1175:bf69fca8d3eb,Qwen3-8B,1.0,1.0,0.0,0.15999999999999998,1
meld:test:1203:0d36c8f57f0a,Qwen3-8B,1.0,1.0,0.0,0.15000000000000002,1
meld:test:57:86411d3a3d76,Qwen3-8B,1.0,1.0,0.0,0.19,1
meld:test:1230:8dd4b407984d,Qwen3-8B,0.0,1.0,1.0,0.16999999999999998,1
meld:test:1202:7bb0ff6e7753,Qwen3-8B,1.0,1.0,0.0,0.14999999999999997,1
meld:test:914:d2b0591b5864,Qwen3-8B,1.0,1.0,0.0,0.10999999999999999,1
meld:test:1123:aa6a76f3d991,Qwen3-8B,0.0,1.0,1.0,0.15000000000000002,1
meld:test:696:51d02191176c,Qwen3-8B,0.0,1.0,1.0,0.12,1
meld:test:340:18d2d4f0039e,Qwen3-8B,1.0,1.0,0.0,0.12999999999999998,1
meld:test:253:495d97ec8540,Qwen3-8B,1.0,1.0,0.0,0.13,1
meld:test:322:6db0db289d0b,Qwen3-8B,1.0,1.0,0.0,0.14999999999999997,1
meld:test:882:50d46e8c4026,Qwen3-8B,1.0,1.0,0.0,0.10999999999999999,1
meld:test:453:22a5fb2b7236,Qwen3-8B,1.0,1.0,0.0,0.12000000000000002,1
meld:test:534:6a3422bdce0e,Qwen3-8B,0.0,1.0,1.0,0.21000000000000002,1
meld:test:858:1f39f49e6a82,Qwen3-8B,1.0,1.0,0.0,0.14,1
meld:test:685:48de55dab0d8,Qwen3-8B,1.0,1.0,0.0,0.14,1
meld:test:580:de833e8a6e6c,Qwen3-8B,1.0,1.0,0.0,0.12,1
meld:test:908:eb4960281995,Qwen3-8B,0.0,0.0,0.0,0.14,1
meld:test:1155:7b606e928ecf,Qwen3-8B,1.0,1.0,0.0,0.14,1
meld:test:151:989d92c48260,Qwen3-8B,0.0,0.0,0.0,0.13,1
meld:test:1103:3eff35763fb2,Qwen3-8B,0.0,1.0,1.0,0.16999999999999998,1
meld:test:1107:176ad45a0aac,Qwen3-8B,1.0,1.0,0.0,0.1,1
meld:test:1158:da093f06f41d,Qwen3-8B,1.0,1.0,0.0,0.16999999999999998,1
meld:test:659:4ed02892555a,Qwen3-8B,0.0,1.0,1.0,0.09999999999999998,1
meld:test:1083:c46bd8e43965,Qwen3-8B,1.0,1.0,0.0,0.10999999999999999,1
meld:test:155:b4b2b68162f8,Qwen3-8B,0.0,1.0,1.0,0.16,1
meld:test:317:d25ac405f8ed,Qwen3-8B,1.0,1.0,0.0,0.18,1
meld:test:208:360e6aee9609,Qwen3-8B,0.0,1.0,1.0,0.19,1
meld:test:65:eb468624ab2f,Qwen3-8B,1.0,1.0,0.0,0.11,1
meld:test:793:a955d5a360b3,Qwen3-8B,1.0,1.0,0.0,0.15000000000000002,1
meld:test:855:257e774f93a2,Qwen3-8B,0.0,1.0,1.0,0.12,1
meld:test:62:5128f348ec15,Qwen3-8B,1.0,1.0,0.0,0.19,1
meld:test:799:3b5d27cf97e9,Qwen3-8B,1.0,1.0,0.0,0.18,1
meld:test:621:5ced4014e1db,Qwen3-8B,1.0,1.0,0.0,0.10999999999999999,1
meld:test:193:1148bfb61712,Qwen3-8B,1.0,1.0,0.0,0.08000000000000002,1
meld:test:404:f57527dc2808,Qwen3-8B,0.0,1.0,1.0,0.12000000000000002,1
meld:test:189:98a805e6a6c4,Qwen3-8B,1.0,1.0,0.0,0.18,1
meld:test:339:9fa330450816,Qwen3-8B,1.0,1.0,0.0,0.13999999999999999,1
meld:test:859:ac90c49c63c4,Qwen3-8B,1.0,1.0,0.0,0.15999999999999998,1
meld:test:782:954bc2b5cbbc,Qwen3-8B,1.0,1.0,0.0,0.14,1
meld:test:876:92386718db4a,Qwen3-8B,0.0,1.0,1.0,0.12000000000000002,1
meld:test:661:4a630dce5457,Qwen3-8B,0.0,1.0,1.0,0.15999999999999998,1
meld:test:1075:21253b043f57,Qwen3-8B,0.0,1.0,1.0,0.16999999999999998,1
meld:test:760:4b85ea4be9a2,Qwen3-8B,1.0,1.0,0.0,0.15999999999999998,1
meld:test:582:33ad09d7778e,Qwen3-8B,1.0,1.0,0.0,0.15,1
meld:test:1068:c205221a3575,Qwen3-8B,1.0,1.0,0.0,0.14999999999999997,1
meld:test:837:48eccc67e7d4,Qwen3-8B,0.0,0.0,0.0,0.1,1
meld:test:409:6fbaae869be7,Qwen3-8B,0.0,1.0,1.0,0.13,1
meld:test:790:4c7dd7e71a80,Qwen3-8B,1.0,1.0,0.0,0.16,1
meld:test:502:bcbc7e800e24,Qwen3-8B,1.0,1.0,0.0,0.18,1
meld:test:626:8f30de05add9,Qwen3-8B,0.0,1.0,1.0,0.14,1
meld:test:958:696b4a9e8e24,Qwen3-8B,0.0,1.0,1.0,0.15,1
meld:test:1176:2787f0520cf6,Qwen3-8B,0.0,1.0,1.0,0.16000000000000003,1
meld:test:660:b52134f82f5c,Qwen3-8B,1.0,1.0,0.0,0.19,1
meld:test:642:d871ff067e35,Qwen3-8B,0.0,1.0,1.0,0.07,1
meld:test:619:4a7a94a68587,Qwen3-8B,1.0,1.0,0.0,0.13000000000000003,1
meld:test:231:7644a8e9de32,Qwen3-8B,1.0,1.0,0.0,0.18,1
meld:test:1157:8367e0da8cdb,Qwen3-8B,1.0,1.0,0.0,0.15000000000000002,1
meld:test:959:e58cc05e5ffc,Qwen3-8B,0.0,0.0,0.0,0.16999999999999998,1
meld:test:596:99b8e2a1f67c,Qwen3-8B,0.0,1.0,1.0,0.16999999999999998,1
meld:test:472:d327b91a4af7,Qwen3-8B,1.0,1.0,0.0,0.15000000000000002,1
meld:test:1026:d0e262dd85e1,Qwen3-8B,1.0,1.0,0.0,0.16000000000000003,1
meld:test:890:0a53f9a7dfbb,Qwen3-8B,1.0,1.0,0.0,0.12000000000000001,1
meld:test:896:77baa6898221,Qwen3-8B,1.0,1.0,0.0,0.15000000000000002,1
meld:test:1064:8d207300fa1e,Qwen3-8B,0.0,1.0,1.0,0.19,1
meld:test:905:6ea8cbcd17b5,Qwen3-8B,1.0,1.0,0.0,0.22000000000000003,1
meld:test:432:543d7cafc3b7,Qwen3-8B,0.0,1.0,1.0,0.13999999999999999,1
meld:test:185:f0859b89ba1e,Qwen3-8B,1.0,1.0,0.0,0.09,1
meld:test:885:fc0f3125391c,Qwen3-8B,1.0,1.0,0.0,0.15000000000000002,1
meld:test:395:574a5a4c460b,Qwen3-8B,1.0,1.0,0.0,0.2,1
meld:test:807:d25de3e31f06,Qwen3-8B,0.0,1.0,1.0,0.13,1
meld:test:678:a31a6dca6e3a,Qwen3-8B,0.0,0.0,0.0,0.12,1
meld:test:1051:b2ad444bb452,Qwen3-8B,0.0,1.0,1.0,0.14999999999999997,1
meld:test:552:81b5ecfd946a,Qwen3-8B,0.0,0.0,0.0,0.13,1
meld:test:5:34a05e3c333a,Qwen3-8B,1.0,1.0,0.0,0.10999999999999999,1
meld:test:276:cd5da70c869c,Qwen3-8B,1.0,1.0,0.0,0.14,1
meld:test:797:17bcde44d959,Qwen3-8B,1.0,1.0,0.0,0.16999999999999998,1
meld:test:820:f031cfcc2ca0,Qwen3-8B,1.0,1.0,0.0,0.14,1
meld:test:721:3d93ca3040ee,Qwen3-8B,1.0,1.0,0.0,0.11999999999999997,1
meld:test:771:488f12bd8788,Qwen3-8B,0.0,0.0,0.0,0.10999999999999999,1
meld:test:383:24976b2bef77,Qwen3-8B,0.0,1.0,1.0,0.13,1
meld:test:586:d0a52c4bf5c1,Qwen3-8B,1.0,1.0,0.0,0.14,1
meld:test:184:3883fe002c8c,Qwen3-8B,1.0,1.0,0.0,0.20999999999999996,1
meld:test:1090:15b1026d6563,Qwen3-8B,0.0,1.0,1.0,0.07999999999999999,1
meld:test:1065:27034e56fb77,Qwen3-8B,1.0,1.0,0.0,0.15999999999999998,1
meld:test:397:8a80bda60e42,Qwen3-8B,1.0,1.0,0.0,0.13,1
meld:test:957:54f0008994d2,Qwen3-8B,0.0,1.0,1.0,0.2,1
meld:test:95:c0de165b33de,Qwen3-8B,0.0,1.0,1.0,0.12000000000000002,1
meld:test:32:38a0bbc0b860,Qwen3-8B,1.0,1.0,0.0,0.13,1
meld:test:323:d74d1d3af49d,Qwen3-8B,0.0,1.0,1.0,0.18,1
meld:test:1066:91e57d8b1c6a,Qwen3-8B,1.0,1.0,0.0,0.15000000000000002,1
meld:test:463:7e3e58265723,Qwen3-8B,1.0,1.0,0.0,0.14,1
meld:test:1196:3d286da5ee2d,Qwen3-8B,0.0,1.0,1.0,0.2,1
meld:test:428:b31f0af78f47,Qwen3-8B,1.0,1.0,0.0,0.10999999999999999,1
meld:test:1161:20360480222e,Qwen3-8B,0.0,0.0,0.0,0.16000000000000003,1
meld:test:935:1bd2b5387efd,Qwen3-8B,1.0,1.0,0.0,0.16999999999999998,1
meld:test:1149:ccba4764d71a,Qwen3-8B,0.0,0.0,0.0,0.14999999999999997,1
meld:test:275:cd0c5230d488,Qwen3-8B,0.0,1.0,1.0,0.16999999999999998,1
meld:test:592:f77164dfb561,Qwen3-8B,1.0,1.0,0.0,0.2,1
meld:test:67:ade038a5d5aa,Qwen3-8B,1.0,1.0,0.0,0.13,1
meld:test:808:91571fb9353c,Qwen3-8B,1.0,1.0,0.0,0.15000000000000002,1
meld:test:918:0338fa75b548,Qwen3-8B,1.0,1.0,0.0,0.19,1
meld:test:485:1d8e3aa531f9,Qwen3-8B,1.0,1.0,0.0,0.17999999999999997,1
meld:test:1178:bb404bc5bba2,Qwen3-8B,1.0,1.0,0.0,0.15000000000000002,1
meld:test:724:d78c84d02bbc,Qwen3-8B,1.0,1.0,0.0,0.12,1
meld:test:638:5d523e66e995,Qwen3-8B,0.0,0.0,0.0,0.13,1
meld:test:532:30349113163d,Qwen3-8B,1.0,1.0,0.0,0.16999999999999998,1
meld:test:209:7b2608ff7012,Qwen3-8B,0.0,0.0,0.0,0.13,1
meld:test:229:c20d0b0214b9,Qwen3-8B,1.0,1.0,0.0,0.16999999999999998,1
meld:test:1007:6ebaf2bb3ce0,Qwen3-8B,0.0,1.0,1.0,0.16000000000000003,1
meld:test:720:027be067d687,Qwen3-8B,1.0,1.0,0.0,0.15,1
meld:test:419:31743438173f,Qwen3-8B,0.0,1.0,1.0,0.07999999999999999,1
meld:test:777:4945328d10e9,Qwen3-8B,1.0,1.0,0.0,0.09999999999999998,1
meld:test:623:9897f2331c13,Qwen3-8B,1.0,1.0,0.0,0.15000000000000002,1
meld:test:23:a8f286d4c09c,Qwen3-8B,0.0,1.0,1.0,0.16999999999999998,1
meld:test:842:d04371d52e33,Qwen3-8B,0.0,1.0,1.0,0.13999999999999999,1
meld:test:288:9edc40ae5f36,Qwen3-8B,1.0,1.0,0.0,0.09,1
meld:test:328:f45882519433,Qwen3-8B,0.0,1.0,1.0,0.13000000000000003,1
meld:test:948:2c112bd17cd2,Qwen3-8B,0.0,0.0,0.0,0.15000000000000002,1
meld:test:94:6f44bf8287bb,Qwen3-8B,0.0,1.0,1.0,0.15000000000000002,1
meld:test:1001:a6102e67294f,Qwen3-8B,1.0,1.0,0.0,0.15000000000000002,1
meld:test:44:74b210e34e31,Qwen3-8B,1.0,1.0,0.0,0.13,1
meld:test:690:fc36f3229370,Qwen3-8B,1.0,1.0,0.0,0.08999999999999998,1
meld:test:1085:7eed6e45ada2,Qwen3-8B,1.0,1.0,0.0,0.13000000000000003,1
meld:test:220:418fa4ccb84a,Qwen3-8B,0.0,0.0,0.0,0.13,1
meld:test:446:35dfd589b9d3,Qwen3-8B,1.0,1.0,0.0,0.07999999999999999,1
meld:test:1048:de8838cbe575,Qwen3-8B,0.0,1.0,1.0,0.16000000000000003,1
meld:test:949:228a6e86bc55,Qwen3-8B,1.0,1.0,0.0,0.15000000000000002,1
meld:test:649:71db346d410a,Qwen3-8B,0.0,1.0,1.0,0.15000000000000002,1
meld:test:334:9258daca1dd3,Qwen3-8B,1.0,1.0,0.0,0.09,1
meld:test:700:c3a323b45ff2,Qwen3-8B,1.0,1.0,0.0,0.12,1
meld:test:351:345427e7962b,Qwen3-8B,1.0,1.0,0.0,0.16000000000000003,1
meld:test:888:13b96ec43766,Qwen3-8B,0.0,0.0,0.0,0.14,1
meld:test:705:ee0d4baef879,Qwen3-8B,0.0,0.0,0.0,0.16999999999999998,1
meld:test:240:9248646676b7,Qwen3-8B,0.0,0.0,0.0,0.13,1
meld:test:252:91ddb251709f,Qwen3-8B,0.0,1.0,1.0,0.14,1
meld:test:844:30df3a77089d,Qwen3-8B,1.0,1.0,0.0,0.18,1
meld:test:422:815cd2b0e957,Qwen3-8B,1.0,1.0,0.0,0.13,1
meld:test:1209:05f0b42513de,Qwen3-8B,1.0,1.0,0.0,0.18,1
meld:test:471:5bc51b298659,Qwen3-8B,0.0,1.0,1.0,0.04999999999999999,1
meld:test:1022:274c6d80b617,Qwen3-8B,0.0,1.0,1.0,0.14999999999999997,1
meld:test:180:17c749770013,Qwen3-8B,0.0,1.0,1.0,0.13,1
meld:test:310:f54bd9280ed9,Qwen3-8B,0.0,0.0,0.0,0.15000000000000002,1
meld:test:1151:e7fb83b6669d,Qwen3-8B,0.0,1.0,1.0,0.17000000000000004,1
meld:test:545:f17ea59c0abb,Qwen3-8B,0.0,1.0,1.0,0.16000000000000003,1
meld:test:740:b7be4c0d4754,Qwen3-8B,1.0,1.0,0.0,0.14,1
meld:test:406:4bf11c18d363,Qwen3-8B,0.0,1.0,1.0,0.15000000000000002,1
meld:test:691:c4e4959b25c5,Qwen3-8B,0.0,0.0,0.0,0.15000000000000002,1
meld:test:1093:32b20faad021,Qwen3-8B,1.0,1.0,0.0,0.10999999999999999,1
meld:test:506:8c868afd84ef,Qwen3-8B,0.0,1.0,1.0,0.14,1
meld:test:1163:8e555c0cad3f,Qwen3-8B,0.0,0.0,0.0,0.13999999999999996,1
meld:test:537:8471068efec0,Qwen3-8B,1.0,1.0,0.0,0.10999999999999999,1
meld:test:934:2608dba4d96a,Qwen3-8B,0.0,0.0,0.0,0.16000000000000003,1
meld:test:1195:d4bdcc240373,Qwen3-8B,0.0,1.0,1.0,0.12,1
meld:test:250:0847e0afc78e,Qwen3-8B,1.0,1.0,0.0,0.10999999999999999,1
meld:test:1028:9f0f2b8c4c57,Qwen3-8B,0.0,1.0,1.0,0.15000000000000002,1
meld:test:770:41db38d6c8ad,Qwen3-8B,0.0,0.0,0.0,0.12,1
meld:test:657:88ad81d63f06,Qwen3-8B,0.0,0.0,0.0,0.14,1
meld:test:749:9585eb1bab7a,Qwen3-8B,0.0,1.0,1.0,0.15,1
meld:test:676:1064d3358d32,Qwen3-8B,1.0,1.0,0.0,0.11000000000000001,1
meld:test:441:9cf9db16b3ca,Qwen3-8B,1.0,1.0,0.0,0.14,1
meld:test:1000:b4ce68b8fa18,Qwen3-8B,0.0,1.0,1.0,0.14,1
meld:test:877:1be18be063c1,Qwen3-8B,1.0,1.0,0.0,0.11999999999999998,1
meld:test:1077:e17a3c705d30,Qwen3-8B,1.0,1.0,0.0,0.14,1
meld:test:531:d6dc53a434bd,Qwen3-8B,1.0,1.0,0.0,0.13999999999999999,1
meld:test:249:3ca31ce162aa,Qwen3-8B,0.0,1.0,1.0,0.12000000000000002,1
meld:test:794:1cfe9890a92c,Qwen3-8B,1.0,1.0,0.0,0.15999999999999998,1
meld:test:826:36d8be951e77,Qwen3-8B,0.0,0.0,0.0,0.16999999999999998,1
meld:test:170:ebd8ede7ef77,Qwen3-8B,0.0,1.0,1.0,0.14,1
meld:test:90:ca4fc256b2fd,Qwen3-8B,0.0,1.0,1.0,0.10999999999999999,1
meld:test:775:70e545dd1f5d,Qwen3-8B,1.0,1.0,0.0,0.12,1
meld:test:970:c50dd67d9a1d,Qwen3-8B,0.0,1.0,1.0,0.16999999999999998,1
meld:test:73:86aa5b6acd4a,Qwen3-8B,1.0,1.0,0.0,0.14,1
meld:test:546:8c7f3d74820d,Qwen3-8B,1.0,1.0,0.0,0.14,1
meld:test:86:dcfedd2bfa66,Qwen3-8B,0.0,1.0,1.0,0.16000000000000003,1
meld:test:70:e05f6daeec1a,Qwen3-8B,0.0,0.0,0.0,0.22999999999999998,1
meld:test:385:60ebaad2af42,Qwen3-8B,1.0,1.0,0.0,0.15000000000000002,1
meld:test:210:ded986846f84,Qwen3-8B,0.0,1.0,1.0,0.19,1
meld:test:182:d2d54254cc79,Qwen3-8B,1.0,1.0,0.0,0.13,1
meld:test:258:0ae17091da2b,Qwen3-8B,1.0,1.0,0.0,0.14,1
meld:test:960:0e1f81fd5f59,Qwen3-8B,1.0,1.0,0.0,0.16999999999999998,1
meld:test:63:d28528e88575,Qwen3-8B,1.0,1.0,0.0,0.1,1
meld:test:27:fff699d3670b,Qwen3-8B,0.0,1.0,1.0,0.13999999999999999,1
meld:test:521:af5bcbccf17f,Qwen3-8B,1.0,1.0,0.0,0.12,1
meld:test:1108:b71188a125de,Qwen3-8B,1.0,1.0,0.0,0.15999999999999998,1
meld:test:272:dce6d2946255,Qwen3-8B,0.0,1.0,1.0,0.09,1
meld:test:1109:36b44053f733,Qwen3-8B,1.0,1.0,0.0,0.12999999999999998,1
meld:test:930:7fcc9483d0f9,Qwen3-8B,0.0,0.0,0.0,0.10999999999999999,1
meld:test:796:a16d35e296f8,Qwen3-8B,1.0,1.0,0.0,0.15000000000000002,1
meld:test:1218:8278d59ac981,Qwen3-8B,1.0,1.0,0.0,0.14,1
meld:test:813:262328ba3d24,Qwen3-8B,1.0,1.0,0.0,0.16999999999999998,1
meld:test:222:2f9e0f4df24f,Qwen3-8B,0.0,1.0,1.0,0.15000000000000002,1
meld:test:92:813c9ecc447c,Qwen3-8B,1.0,1.0,0.0,0.15999999999999998,1
meld:test:341:860d7472748e,Qwen3-8B,1.0,1.0,0.0,0.17000000000000004,1
meld:test:643:fdd0f5a8ce70,Qwen3-8B,1.0,1.0,0.0,0.14,1
meld:test:1128:1f5af78a79ee,Qwen3-8B,0.0,1.0,1.0,0.10999999999999999,1
meld:test:111:39b4bfaed76f,Qwen3-8B,0.0,1.0,1.0,0.16999999999999998,1
meld:test:359:e7ebc8b2f291,Qwen3-8B,1.0,1.0,0.0,0.2,1
meld:test:51:eafe0b568e13,Qwen3-8B,1.0,1.0,0.0,0.10999999999999999,1
meld:test:136:cf74f47eae74,Qwen3-8B,1.0,1.0,0.0,0.14999999999999997,1
meld:test:562:cf43746ffd78,Qwen3-8B,0.0,1.0,1.0,0.18,1
meld:test:259:76bd8417be70,Qwen3-8B,0.0,1.0,1.0,0.19,1
meld:test:1089:20cbd1c28b21,Qwen3-8B,0.0,1.0,1.0,0.18,1
mmlupro:test_1000:631:79150bedf7a0,Qwen3-8B,0.0,1.0,1.0,0.18999999999999997,1
mmlupro:test_1000:595:0d9af5fa1574,Qwen3-8B,0.0,0.0,0.0,0.29000000000000004,1
mmlupro:test_1000:194:5aaa96799116,Qwen3-8B,1.0,1.0,0.0,0.45,1
mmlupro:test_1000:354:8d3dfc1113fc,Qwen3-8B,1.0,1.0,0.0,0.18999999999999997,1
mmlupro:test_1000:120:939c9cc9bc2a,Qwen3-8B,1.0,1.0,0.0,0.15,1
mmlupro:test_1000:683:de8032694734,Qwen3-8B,1.0,1.0,0.0,0.37,1
mmlupro:test_1000:573:530dcd0a4e2d,Qwen3-8B,1.0,1.0,0.0,0.24999999999999997,1
mmlupro:test_1000:353:19b9d74c5ac7,Qwen3-8B,0.0,1.0,1.0,0.33,1
mmlupro:test_1000:446:a5836636c53d,Qwen3-8B,1.0,1.0,0.0,0.12000000000000002,1
mmlupro:test_1000:836:1fc5d7feaa35,Qwen3-8B,0.0,1.0,1.0,0.26999999999999996,1
mmlupro:test_1000:828:d984171e98a4,Qwen3-8B,1.0,1.0,0.0,0.18000000000000002,1
mmlupro:test_1000:719:00df6227d5b1,Qwen3-8B,0.0,1.0,1.0,0.13,1
mmlupro:test_1000:800:5a7144d96bc5,Qwen3-8B,1.0,1.0,0.0,0.42000000000000004,1
mmlupro:test_1000:766:388270a27528,Qwen3-8B,1.0,1.0,0.0,0.03999999999999998,1
mmlupro:test_1000:367:7e2df21338cc,Qwen3-8B,0.0,1.0,1.0,0.22000000000000003,1
mmlupro:test_1000:460:469c27d8d21c,Qwen3-8B,1.0,1.0,0.0,0.41000000000000003,1
mmlupro:test_1000:539:5c81f754cae5,Qwen3-8B,1.0,1.0,0.0,0.55,1
mmlupro:test_1000:250:3414898dcdb2,Qwen3-8B,1.0,1.0,0.0,0.44999999999999996,1
mmlupro:test_1000:425:63f7a66353cf,Qwen3-8B,1.0,1.0,0.0,0.33,1
mmlupro:test_1000:414:e49eafcb635c,Qwen3-8B,1.0,1.0,0.0,0.14,1
mmlupro:test_1000:404:173b386bc233,Qwen3-8B,1.0,1.0,0.0,0.18,1
mmlupro:test_1000:935:5fe98913fec2,Qwen3-8B,0.0,1.0,1.0,0.63,1
mmlupro:test_1000:22:aae9e41d3de5,Qwen3-8B,1.0,1.0,0.0,0.28,1
mmlupro:test_1000:820:dcf59d1577ce,Qwen3-8B,1.0,1.0,0.0,0.51,1
mmlupro:test_1000:182:5f2e92b7f72b,Qwen3-8B,1.0,1.0,0.0,0.06999999999999998,1
mmlupro:test_1000:330:254506afb510,Qwen3-8B,1.0,1.0,0.0,0.46,1
mmlupro:test_1000:870:5a306336ebc2,Qwen3-8B,0.0,1.0,1.0,0.5700000000000001,1
mmlupro:test_1000:867:5362a9526157,Qwen3-8B,1.0,1.0,0.0,0.22999999999999998,1
mmlupro:test_1000:337:a57a0125dcb7,Qwen3-8B,0.0,0.0,0.0,0.3999999999999999,1
mmlupro:test_1000:686:19515f84986a,Qwen3-8B,1.0,1.0,0.0,0.19,1
mmlupro:test_1000:479:9100a3291db0,Qwen3-8B,0.0,1.0,1.0,0.16999999999999998,1
mmlupro:test_1000:822:d73ee78c10d6,Qwen3-8B,1.0,1.0,0.0,0.12000000000000002,1
mmlupro:test_1000:507:f293b50ecc79,Qwen3-8B,1.0,1.0,0.0,0.31,1
mmlupro:test_1000:462:e817f264c240,Qwen3-8B,1.0,1.0,0.0,0.17,1
mmlupro:test_1000:308:8f5575e37a9a,Qwen3-8B,1.0,1.0,0.0,0.25,1
mmlupro:test_1000:396:f156f4ccb08a,Qwen3-8B,1.0,1.0,0.0,0.07999999999999996,1
mmlupro:test_1000:299:fbf73e9b4ebf,Qwen3-8B,1.0,1.0,0.0,0.31999999999999995,1
mmlupro:test_1000:302:6a6e9f27542b,Qwen3-8B,1.0,1.0,0.0,0.5,1
mmlupro:test_1000:901:3d01ef2af206,Qwen3-8B,0.0,1.0,1.0,0.24,1
mmlupro:test_1000:633:4e28b68edec9,Qwen3-8B,0.0,0.0,0.0,0.12,1
mmlupro:test_1000:858:0779ae38b9fe,Qwen3-8B,1.0,1.0,0.0,0.17,1
mmlupro:test_1000:574:0c28fd9863ff,Qwen3-8B,1.0,1.0,0.0,0.5900000000000001,1
mmlupro:test_1000:815:d8fe4e972277,Qwen3-8B,1.0,1.0,0.0,0.42000000000000004,1
mmlupro:test_1000:508:497dcd435bd5,Qwen3-8B,1.0,1.0,0.0,0.13,1
mmlupro:test_1000:491:b745278b92e3,Qwen3-8B,1.0,1.0,0.0,0.060000000000000026,1
mmlupro:test_1000:60:50bbd01cb639,Qwen3-8B,1.0,1.0,0.0,0.21000000000000002,1
mmlupro:test_1000:94:66e72329140f,Qwen3-8B,1.0,1.0,0.0,0.22,1
mmlupro:test_1000:636:bb191d76891e,Qwen3-8B,1.0,1.0,0.0,0.09,1
mmlupro:test_1000:663:462e6bfcaf7f,Qwen3-8B,0.0,0.0,0.0,0.14999999999999997,1
mmlupro:test_1000:638:f3b494de1490,Qwen3-8B,1.0,1.0,0.0,0.15000000000000002,1
mmlupro:test_1000:496:522f5504f914,Qwen3-8B,0.0,1.0,1.0,0.32000000000000006,1
mmlupro:test_1000:140:d5b6aedbd49d,Qwen3-8B,1.0,1.0,0.0,0.07,1
mmlupro:test_1000:900:211cef708ba6,Qwen3-8B,1.0,1.0,0.0,0.12000000000000002,1
mmlupro:test_1000:98:0dd03a439b2d,Qwen3-8B,0.0,1.0,1.0,0.24999999999999997,1
mmlupro:test_1000:625:76168aaec7ee,Qwen3-8B,1.0,1.0,0.0,0.45000000000000007,1
mmlupro:test_1000:627:2d89a90f47b5,Qwen3-8B,1.0,1.0,0.0,0.47,1
mmlupro:test_1000:245:f16455902cc0,Qwen3-8B,1.0,1.0,0.0,0.58,1
mmlupro:test_1000:869:e21200d4cf3a,Qwen3-8B,0.0,1.0,1.0,0.65,1
mmlupro:test_1000:325:37e8a39ea63f,Qwen3-8B,0.0,1.0,1.0,0.47,1
mmlupro:test_1000:272:993bd1cc63a5,Qwen3-8B,0.0,1.0,1.0,0.39,1
mmlupro:test_1000:128:6a4eb6845f88,Qwen3-8B,1.0,1.0,0.0,0.68,1
mmlupro:test_1000:780:00c0d4c77c3b,Qwen3-8B,1.0,1.0,0.0,0.59,1
mmlupro:test_1000:752:67ce7da1f08c,Qwen3-8B,1.0,1.0,0.0,0.5,1
mmlupro:test_1000:394:efb8c091dc98,Qwen3-8B,0.0,0.0,0.0,0.10999999999999999,1
mmlupro:test_1000:166:073220cd0595,Qwen3-8B,1.0,1.0,0.0,0.26,1
mmlupro:test_1000:200:b1233b26eba4,Qwen3-8B,1.0,1.0,0.0,0.13999999999999999,1
mmlupro:test_1000:613:9a94a07f774a,Qwen3-8B,1.0,1.0,0.0,0.53,1
mmlupro:test_1000:99:e675b3a765d8,Qwen3-8B,1.0,1.0,0.0,0.13999999999999999,1
mmlupro:test_1000:135:cf8f60fc4e5a,Qwen3-8B,1.0,1.0,0.0,0.5700000000000001,1
mmlupro:test_1000:5:e6b90b50d4f6,Qwen3-8B,1.0,1.0,0.0,0.51,1
mmlupro:test_1000:979:36791a5ce6c4,Qwen3-8B,1.0,1.0,0.0,0.31,1
mmlupro:test_1000:469:62f1a232db09,Qwen3-8B,1.0,1.0,0.0,0.45000000000000007,1
mmlupro:test_1000:97:c4eec080b77c,Qwen3-8B,1.0,1.0,0.0,0.68,1
mmlupro:test_1000:334:ae9be97bf4af,Qwen3-8B,1.0,1.0,0.0,0.12,1
mmlupro:test_1000:35:7831836719e4,Qwen3-8B,0.0,1.0,1.0,0.18,1
mmlupro:test_1000:237:562b5f642a99,Qwen3-8B,0.0,0.0,0.0,0.16999999999999998,1
mmlupro:test_1000:9:83e22e3c3c9f,Qwen3-8B,1.0,1.0,0.0,0.12000000000000002,1
mmlupro:test_1000:454:7fd150c6435e,Qwen3-8B,1.0,1.0,0.0,0.18,1
mmlupro:test_1000:537:34921b3ab72e,Qwen3-8B,1.0,1.0,0.0,0.23,1
mmlupro:test_1000:959:8bbd0ed69829,Qwen3-8B,1.0,1.0,0.0,0.36,1
mmlupro:test_1000:72:a0022efa2e3f,Qwen3-8B,1.0,1.0,0.0,0.22,1
mmlupro:test_1000:577:71197f1d4dd1,Qwen3-8B,1.0,1.0,0.0,0.21999999999999997,1
mmlupro:test_1000:132:f1d7d2774b4a,Qwen3-8B,0.0,1.0,1.0,0.45000000000000007,1
mmlupro:test_1000:776:2c5a009f7599,Qwen3-8B,0.0,1.0,1.0,0.54,1
mmlupro:test_1000:846:7f526e67a971,Qwen3-8B,1.0,1.0,0.0,0.14999999999999997,1
mmlupro:test_1000:418:7ba0a4c60cd5,Qwen3-8B,0.0,1.0,1.0,0.61,1
mmlupro:test_1000:442:ab65983533a4,Qwen3-8B,0.0,1.0,1.0,0.14,1
mmlupro:test_1000:500:8fc1c6a86247,Qwen3-8B,1.0,1.0,0.0,0.33,1
mmlupro:test_1000:972:9da4a325909e,Qwen3-8B,1.0,1.0,0.0,0.29000000000000004,1
mmlupro:test_1000:273:ede6bccabb9c,Qwen3-8B,0.0,1.0,1.0,0.5800000000000001,1
mmlupro:test_1000:490:3be586e234be,Qwen3-8B,1.0,1.0,0.0,0.74,1
mmlupro:test_1000:969:a6e94f2f3f35,Qwen3-8B,1.0,1.0,0.0,0.27999999999999997,1
mmlupro:test_1000:944:e3bfda034390,Qwen3-8B,1.0,1.0,0.0,0.48,1
mmlupro:test_1000:823:a98a1258f922,Qwen3-8B,1.0,1.0,0.0,0.24,1
mmlupro:test_1000:222:09044f94fef0,Qwen3-8B,1.0,1.0,0.0,0.75,1
mmlupro:test_1000:441:5174d2bc8f6c,Qwen3-8B,1.0,1.0,0.0,0.32,1
mmlupro:test_1000:865:0231370d87eb,Qwen3-8B,1.0,1.0,0.0,0.10999999999999999,1
mmlupro:test_1000:277:eaf521363c3b,Qwen3-8B,0.0,1.0,1.0,0.36000000000000004,1
mmlupro:test_1000:722:6d9d61955bc8,Qwen3-8B,0.0,0.0,0.0,0.4,1
mmlupro:test_1000:145:c7cdd70ca283,Qwen3-8B,0.0,1.0,1.0,0.07999999999999999,1
mmlupro:test_1000:13:1f12e66226fc,Qwen3-8B,0.0,1.0,1.0,0.07999999999999999,1
mmlupro:test_1000:197:e30f47bf27d4,Qwen3-8B,1.0,1.0,0.0,0.45999999999999996,1
mmlupro:test_1000:536:058531224da7,Qwen3-8B,0.0,1.0,1.0,0.25,1
mmlupro:test_1000:739:cb37931a7491,Qwen3-8B,1.0,1.0,0.0,0.65,1
mmlupro:test_1000:530:b61ef3c5bc90,Qwen3-8B,1.0,1.0,0.0,0.36,1
mmlupro:test_1000:125:ed15180b0a28,Qwen3-8B,1.0,1.0,0.0,0.15999999999999998,1
mmlupro:test_1000:834:70fa8819b4b2,Qwen3-8B,1.0,1.0,0.0,0.30999999999999994,1
mmlupro:test_1000:487:6af961f9def9,Qwen3-8B,1.0,1.0,0.0,0.45999999999999996,1
mmlupro:test_1000:26:1c8a1863131a,Qwen3-8B,1.0,1.0,0.0,0.32000000000000006,1
mmlupro:test_1000:852:d3800589d7cb,Qwen3-8B,1.0,1.0,0.0,0.45999999999999996,1
mmlupro:test_1000:292:4270349af7fa,Qwen3-8B,1.0,1.0,0.0,0.21999999999999997,1
mmlupro:test_1000:987:b4feea7b0435,Qwen3-8B,1.0,1.0,0.0,0.71,1
mmlupro:test_1000:438:e741eae77e9a,Qwen3-8B,0.0,1.0,1.0,0.16,1
mmlupro:test_1000:587:e7da29c0ffcb,Qwen3-8B,0.0,1.0,1.0,0.2,1
mmlupro:test_1000:102:7e419708b950,Qwen3-8B,0.0,1.0,1.0,0.47,1
mmlupro:test_1000:447:8ad02ae12fa6,Qwen3-8B,1.0,1.0,0.0,0.10999999999999999,1
mmlupro:test_1000:824:cd7b75167d22,Qwen3-8B,1.0,1.0,0.0,0.67,1
mmlupro:test_1000:804:bc3b2baf637e,Qwen3-8B,1.0,1.0,0.0,0.67,1
mmlupro:test_1000:839:ca2e14f0e7fa,Qwen3-8B,1.0,1.0,0.0,0.14,1
mmlupro:test_1000:767:9962aebaee0e,Qwen3-8B,1.0,1.0,0.0,0.63,1
mmlupro:test_1000:27:da63f6e49c3c,Qwen3-8B,1.0,1.0,0.0,0.59,1
mmlupro:test_1000:7:0e74a8207e7f,Qwen3-8B,1.0,1.0,0.0,0.26,1
mmlupro:test_1000:826:ef30be314609,Qwen3-8B,1.0,1.0,0.0,0.66,1
mmlupro:test_1000:624:b9529e49e7a8,Qwen3-8B,1.0,1.0,0.0,0.33999999999999997,1
mmlupro:test_1000:280:3b91598c08da,Qwen3-8B,1.0,1.0,0.0,0.30999999999999994,1
mmlupro:test_1000:210:cd3af7cddc6b,Qwen3-8B,1.0,1.0,0.0,0.35000000000000003,1
mmlupro:test_1000:398:962b30367d03,Qwen3-8B,0.0,0.0,0.0,0.13,1
mmlupro:test_1000:603:8717c2316182,Qwen3-8B,0.0,1.0,1.0,0.12,1
mmlupro:test_1000:420:d1e77e7f0245,Qwen3-8B,1.0,1.0,0.0,0.18,1
mmlupro:test_1000:82:fb8fdafb41d4,Qwen3-8B,0.0,1.0,1.0,0.5800000000000001,1
mmlupro:test_1000:983:86cd46331105,Qwen3-8B,0.0,0.0,0.0,0.18999999999999997,1
mmlupro:test_1000:266:84fa02df77b9,Qwen3-8B,0.0,0.0,0.0,0.07,1
mmlupro:test_1000:3:b86fd52bee26,Qwen3-8B,1.0,1.0,0.0,0.14,1
mmlupro:test_1000:100:286541b38e4a,Qwen3-8B,0.0,1.0,1.0,0.5,1
mmlupro:test_1000:130:bb04403f8c0d,Qwen3-8B,1.0,1.0,0.0,0.17,1
mmlupro:test_1000:571:6592878f1fef,Qwen3-8B,1.0,1.0,0.0,0.63,1
mmlupro:test_1000:306:b2c12591b142,Qwen3-8B,1.0,1.0,0.0,0.27,1
mmlupro:test_1000:718:bf916b9f1953,Qwen3-8B,1.0,1.0,0.0,0.19000000000000003,1
mmlupro:test_1000:940:63cbf14829cd,Qwen3-8B,1.0,1.0,0.0,0.27,1
mmlupro:test_1000:224:5b1d3f814dce,Qwen3-8B,0.0,1.0,1.0,0.45,1
mmlupro:test_1000:392:b35f6d33cc23,Qwen3-8B,1.0,1.0,0.0,0.35,1
mmlupro:test_1000:195:fe0a440f35c3,Qwen3-8B,0.0,1.0,1.0,0.21000000000000002,1
mmlupro:test_1000:863:8e0ecf6eace8,Qwen3-8B,1.0,1.0,0.0,0.09,1
mmlupro:test_1000:198:9318286087cd,Qwen3-8B,0.0,1.0,1.0,0.010000000000000009,1
mmlupro:test_1000:375:a59c71f96670,Qwen3-8B,0.0,1.0,1.0,0.19,1
mmlupro:test_1000:360:bf25aaaebce3,Qwen3-8B,0.0,1.0,1.0,0.37,1
mmlupro:test_1000:962:49f4965ad1f3,Qwen3-8B,1.0,1.0,0.0,0.48,1
mmlupro:test_1000:489:341f5ba16432,Qwen3-8B,1.0,1.0,0.0,0.18999999999999997,1
mmlupro:test_1000:319:95981421c441,Qwen3-8B,0.0,1.0,1.0,0.54,1
mmlupro:test_1000:31:5f934e5a93f5,Qwen3-8B,1.0,1.0,0.0,0.24000000000000002,1
mmlupro:test_1000:66:bb2e35f04186,Qwen3-8B,0.0,0.0,0.0,0.22000000000000003,1
mmlupro:test_1000:431:923202e3f2ee,Qwen3-8B,1.0,1.0,0.0,0.19,1
mmlupro:test_1000:954:7e6751927048,Qwen3-8B,0.0,1.0,1.0,0.25,1
mmlupro:test_1000:350:7fc5dba01e1c,Qwen3-8B,0.0,0.0,0.0,0.12000000000000002,1
mmlupro:test_1000:919:eb5340116b07,MiMo-7B-RL-0530,1.0,1.0,0.0,0.04999999999999999,1
mmlupro:test_1000:212:61de2a0b143f,Qwen3-8B,1.0,1.0,0.0,0.3,1
mmlupro:test_1000:677:91b13eb5b402,Qwen3-8B,1.0,1.0,0.0,0.4,1
mmlupro:test_1000:233:05ba469b9ca5,Qwen3-8B,0.0,1.0,1.0,0.23999999999999996,1
mmlupro:test_1000:812:ac2cafb84499,Qwen3-8B,1.0,1.0,0.0,0.52,1
mmlupro:test_1000:456:830c64d9d1a1,Qwen3-8B,0.0,1.0,1.0,0.14,1
mmlupro:test_1000:49:e3c53157c1b4,Qwen3-8B,1.0,1.0,0.0,0.36,1
mmlupro:test_1000:653:8586370cd8bf,Qwen3-8B,0.0,0.0,0.0,0.18000000000000002,1
mmlupro:test_1000:980:cad8d2971677,Qwen3-8B,0.0,1.0,1.0,0.24,1
mmlupro:test_1000:133:aea355c97e77,Qwen3-8B,1.0,1.0,0.0,0.15999999999999998,1
mmlupro:test_1000:811:b1216d0cb267,Qwen3-8B,1.0,1.0,0.0,0.22000000000000003,1
mmlupro:test_1000:83:6b59527fe4aa,Qwen3-8B,1.0,1.0,0.0,0.11000000000000001,1
mmlupro:test_1000:355:6d611f56aaba,Qwen3-8B,1.0,1.0,0.0,0.12,1
mmlupro:test_1000:949:f7544c4754fc,Qwen3-8B,1.0,1.0,0.0,0.35,1
mmlupro:test_1000:223:711cad638d82,Qwen3-8B,1.0,1.0,0.0,0.25,1
mmlupro:test_1000:232:0c79184ccae3,Qwen3-8B,0.0,1.0,1.0,0.64,1
mmlupro:test_1000:746:9e9cc6ff6dc7,Qwen3-8B,1.0,1.0,0.0,0.15000000000000002,1
mmlupro:test_1000:908:c30d8a1f730c,Qwen3-8B,1.0,1.0,0.0,0.42,1
mmlupro:test_1000:535:d659d1448621,Qwen3-8B,0.0,0.0,0.0,0.5,1
mmlupro:test_1000:1000:b50c9ee4755e,Qwen3-8B,1.0,1.0,0.0,0.63,1
mmlupro:test_1000:450:b273b6168b33,Qwen3-8B,1.0,1.0,0.0,0.23,1
mmlupro:test_1000:560:17060373d682,Qwen3-8B,0.0,1.0,1.0,0.03999999999999998,1
mmlupro:test_1000:581:936ea213bc2d,Qwen3-8B,1.0,1.0,0.0,0.6,1
mmlupro:test_1000:973:24a559991989,Qwen3-8B,1.0,1.0,0.0,0.13,1
mmlupro:test_1000:357:91cde73aedb5,Qwen3-8B,0.0,1.0,1.0,0.22,1
mmlupro:test_1000:895:80983a29092c,Qwen3-8B,1.0,1.0,0.0,0.5,1
mmlupro:test_1000:373:56039d628f27,Qwen3-8B,0.0,1.0,1.0,0.22999999999999998,1
mmlupro:test_1000:62:575e3674efc3,Qwen3-8B,1.0,1.0,0.0,0.24,1
mmlupro:test_1000:30:05512f4bb360,Qwen3-8B,1.0,1.0,0.0,0.16999999999999996,1
mmlupro:test_1000:79:28bc63ce964b,Qwen3-8B,1.0,1.0,0.0,0.61,1
mmlupro:test_1000:946:210062493542,Qwen3-8B,0.0,1.0,1.0,0.15000000000000002,1
mmlupro:test_1000:230:a74101b755be,Qwen3-8B,1.0,1.0,0.0,0.38999999999999996,1
mmlupro:test_1000:885:b290f29e9ed7,Qwen3-8B,1.0,1.0,0.0,0.17,1
mmlupro:test_1000:986:d3b82b67903e,Qwen3-8B,0.0,1.0,1.0,0.09000000000000002,1
mmlupro:test_1000:728:116b239a1f45,Qwen3-8B,0.0,1.0,1.0,0.7000000000000001,1
mmlupro:test_1000:934:f20a8a8de934,Qwen3-8B,0.0,0.0,0.0,0.13,1
mmlupro:test_1000:139:2b79ae80a027,Qwen3-8B,1.0,1.0,0.0,0.16999999999999998,1
mmlupro:test_1000:816:0926976247a2,Qwen3-8B,1.0,1.0,0.0,0.11999999999999997,1
mmlupro:test_1000:39:116b1cdddea0,Qwen3-8B,1.0,1.0,0.0,0.31000000000000005,1
mmlupro:test_1000:600:b2c385bd11f5,Qwen3-8B,0.0,1.0,1.0,0.18,1
mmlupro:test_1000:492:f5dab9e6838d,Qwen3-8B,1.0,1.0,0.0,0.43000000000000005,1
mmlupro:test_1000:672:b40f30fdcd03,Qwen3-8B,1.0,1.0,0.0,0.65,1
mmlupro:test_1000:662:610cb7cdec31,Qwen3-8B,0.0,1.0,1.0,0.64,1
mmlupro:test_1000:522:27a0fa06b94d,Qwen3-8B,1.0,1.0,0.0,0.56,1
mmlupro:test_1000:486:87515d47987b,Qwen3-8B,1.0,1.0,0.0,0.15999999999999998,1
mmlupro:test_1000:711:dad9c1d80756,Qwen3-8B,1.0,1.0,0.0,0.7000000000000001,1
aime:hybrid:25:d7c47fba84b4,Qwen3-8B,1.0,1.0,0.0,0.36,2
aime:hybrid:17:951370224398,Qwen3-8B,1.0,1.0,0.0,0.49,2
aime:hybrid:18:14b236690314,Qwen3-8B,0.0,0.0,0.0,0.45999999999999996,2
aime:hybrid:49:f2ead5cf02d5,Qwen3-8B,1.0,1.0,0.0,0.51,2
aime:hybrid:55:a7f58aabb0a8,Qwen3-8B,1.0,1.0,0.0,0.39,2
aime:hybrid:29:5650d2a0767a,Qwen3-8B,1.0,1.0,0.0,0.47,2
aime:hybrid:8:b2b127787ccc,Qwen3-8B,1.0,1.0,0.0,0.5900000000000001,2
aime:hybrid:58:83e8147d4d1a,Qwen3-8B,0.0,1.0,1.0,0.52,2
aime:hybrid:44:9bfdf6197204,Qwen3-8B,0.0,0.0,0.0,0.54,2
aime:hybrid:53:e32e707b1adb,Qwen3-8B,1.0,1.0,0.0,0.55,2
aime:hybrid:13:60f7c1749379,Qwen3-8B,1.0,1.0,0.0,0.39,2
aime:hybrid:11:f2fe46bf765d,Qwen3-8B,1.0,1.0,0.0,0.5700000000000001,2
bbh:test:888:ecb59f732aa3,Qwen3-8B,1.0,1.0,0.0,0.16,2
bbh:test:968:029e8981c34a,Qwen3-8B,0.0,1.0,1.0,0.07999999999999999,2
bbh:test:849:511117d44c1e,Qwen3-8B,1.0,1.0,0.0,0.14,2
bbh:test:679:0a3ceabd66bd,Qwen3-8B,1.0,1.0,0.0,0.24999999999999997,2
bbh:test:832:9a6b59f5c246,Qwen3-8B,1.0,1.0,0.0,0.07,2
bbh:test:103:39448a68ed10,Qwen3-8B,0.0,1.0,1.0,0.27,2
bbh:test:956:e027078de226,Qwen3-8B,1.0,1.0,0.0,0.13,2
bbh:test:831:792800b62845,Qwen3-8B,1.0,1.0,0.0,0.07999999999999999,2
bbh:test:872:ca407c6991d4,Qwen3-8B,1.0,1.0,0.0,0.16999999999999998,2
bbh:test:1075:57be279cb3b7,Qwen3-8B,1.0,1.0,0.0,0.20999999999999996,2
bbh:test:599:2a6d94bd43bf,Qwen3-8B,1.0,1.0,0.0,0.39,2
bbh:test:892:ca83358868f9,Qwen3-8B,1.0,1.0,0.0,0.16999999999999998,2
bbh:test:923:db0ab0ef51ea,Qwen3-8B,1.0,1.0,0.0,0.12,2
bbh:test:602:6cdd78beae9b,Qwen3-8B,1.0,1.0,0.0,0.16,2
bbh:test:1070:c179d8ccd381,Qwen3-8B,1.0,1.0,0.0,0.21999999999999997,2
bbh:test:826:82fc62f50a44,Qwen3-8B,1.0,1.0,0.0,0.09,2
bbh:test:1060:23669684a571,Qwen3-8B,1.0,1.0,0.0,0.20999999999999996,2
bbh:test:1017:edd144d17870,Qwen3-8B,1.0,1.0,0.0,0.14,2
bbh:test:685:af3cac1c162e,Qwen3-8B,1.0,1.0,0.0,0.12000000000000002,2
bbh:test:39:04fd117c79be,Qwen3-8B,1.0,1.0,0.0,0.09000000000000002,2
bbh:test:63:086c6f777e4f,Qwen3-8B,0.0,1.0,1.0,0.13,2
bbh:test:522:13a8c14d44a4,Qwen3-8B,1.0,1.0,0.0,0.22999999999999998,2
bbh:test:191:e91b212ce086,Qwen3-8B,0.0,1.0,1.0,0.37,2
bbh:test:1005:81083de652d9,Qwen3-8B,1.0,1.0,0.0,0.13,2
bbh:test:1049:fa875505b06a,Qwen3-8B,1.0,1.0,0.0,0.2,2
bbh:test:139:1530c9526ac1,Qwen3-8B,0.0,1.0,1.0,0.14,2
bbh:test:46:5c035b9f9c3c,Qwen3-8B,1.0,1.0,0.0,0.12,2
bbh:test:713:cfbe6a46a8aa,Qwen3-8B,0.0,1.0,1.0,0.11000000000000001,2
bbh:test:425:cd5aea756bb8,Qwen3-8B,0.0,1.0,1.0,0.030000000000000027,2
bbh:test:180:567e39562342,Qwen3-8B,1.0,1.0,0.0,0.33999999999999997,2
bbh:test:855:89e7856fcfb0,Qwen3-8B,1.0,1.0,0.0,0.14,2
bbh:test:613:24a220dd8ccf,Qwen3-8B,1.0,1.0,0.0,0.18999999999999997,2
bbh:test:448:4b7618676f03,Qwen3-8B,1.0,1.0,0.0,0.08000000000000002,2
bbh:test:437:cfff2becf6f7,Qwen3-8B,0.0,1.0,1.0,0.19999999999999998,2
bbh:test:535:ffa3970f4437,Qwen3-8B,1.0,1.0,0.0,0.26,2
bbh:test:228:f1442e5152c1,Intern-S1-mini,1.0,1.0,0.0,0.09000000000000002,2
bbh:test:517:006fd03abdcd,Qwen3-8B,1.0,1.0,0.0,0.62,2
bbh:test:553:e4ef2ade9d6f,Qwen3-8B,1.0,1.0,0.0,0.27999999999999997,2
bbh:test:475:c4d674c4b288,Qwen3-8B,1.0,1.0,0.0,0.030000000000000027,2
bbh:test:774:70a01afc618c,Qwen3-8B,1.0,1.0,0.0,0.13999999999999999,2
bbh:test:411:725f789e1832,Qwen3-8B,1.0,1.0,0.0,0.050000000000000044,2
bbh:test:340:e93a8535fb6c,Qwen3-8B,1.0,1.0,0.0,0.13,2
bbh:test:782:da1cbc723ae7,Qwen3-8B,0.0,1.0,1.0,0.10999999999999999,2
bbh:test:501:85e166afb3d8,Qwen3-8B,1.0,1.0,0.0,0.61,2
bbh:test:972:3d01ec795ffa,Qwen3-8B,0.0,1.0,1.0,0.19000000000000003,2
bbh:test:248:6cf3bca779d2,Qwen3-8B,1.0,1.0,0.0,0.15,2
bbh:test:34:d44a757db115,Qwen3-8B,1.0,1.0,0.0,0.13,2
bbh:test:567:4cbd60356882,Qwen3-8B,1.0,1.0,0.0,0.30000000000000004,2
bbh:test:220:5f1fa67704a3,Qwen3-8B,1.0,1.0,0.0,0.04999999999999999,2
bbh:test:735:962a07831626,Qwen3-8B,1.0,1.0,0.0,0.04000000000000001,2
bbh:test:924:9ef116a3a9aa,Qwen3-8B,1.0,1.0,0.0,0.16000000000000003,2
bbh:test:647:9967e621c515,Qwen3-8B,1.0,1.0,0.0,0.24,2
bbh:test:265:a7f5fa8f06b6,Qwen3-8B,1.0,1.0,0.0,0.18999999999999997,2
bbh:test:879:7b2579e2896b,Qwen3-8B,1.0,1.0,0.0,0.14,2
bbh:test:730:ec02d127a887,Qwen3-8B,1.0,1.0,0.0,0.10999999999999999,2
bbh:test:428:50a7df3a14b9,Intern-S1-mini,1.0,1.0,0.0,0.0,2
bbh:test:86:073f88a899d2,Qwen3-8B,1.0,1.0,0.0,0.14,2
bbh:test:870:6d02a78556a6,Qwen3-8B,1.0,1.0,0.0,0.13,2
bbh:test:706:06e8e57d9dc9,Qwen3-8B,0.0,1.0,1.0,0.13,2
bbh:test:61:b11c20fc1043,Qwen3-8B,0.0,1.0,1.0,0.14,2
bbh:test:1039:8a8433d1bc8a,Qwen3-8B,1.0,1.0,0.0,0.23,2
bbh:test:188:e0afc8d0a8f6,Qwen3-8B,1.0,1.0,0.0,0.35,2
bbh:test:262:3c3f5c19576b,Qwen3-8B,1.0,1.0,0.0,0.21,2
bbh:test:570:7b77c2f5b77f,Qwen3-8B,1.0,1.0,0.0,0.42000000000000004,2
bbh:test:712:f1b5e4588686,Qwen3-8B,1.0,1.0,0.0,0.12,2
bbh:test:151:565eaaf484a9,Qwen3-8B,1.0,1.0,0.0,0.060000000000000026,2
bbh:test:205:7ce1096bcaf2,Intern-S1-mini,1.0,1.0,0.0,0.20999999999999996,2
bbh:test:307:79d5c838c81f,Qwen3-8B,1.0,1.0,0.0,0.040000000000000036,2
bbh:test:781:f7eb118c0cbe,Qwen3-8B,1.0,1.0,0.0,0.14,2
bbh:test:575:544cd55df1de,Qwen3-8B,1.0,1.0,0.0,0.29000000000000004,2
bbh:test:933:0a943b36ae42,Qwen3-8B,1.0,1.0,0.0,0.10000000000000003,2
bbh:test:70:0a21b8c8b97e,Qwen3-8B,0.0,1.0,1.0,0.09,2
bbh:test:811:e7cd7d144c35,Qwen3-8B,1.0,1.0,0.0,0.020000000000000018,2
bbh:test:732:7bf6fcc2692c,Qwen3-8B,0.0,1.0,1.0,0.12,2
bbh:test:779:00f561383523,Qwen3-8B,1.0,1.0,0.0,0.09,2
bbh:test:1028:03ddaf3215eb,Qwen3-8B,1.0,1.0,0.0,0.22999999999999998,2
bbh:test:571:5dfeaf1c47cf,Qwen3-8B,1.0,1.0,0.0,0.38,2
bbh:test:976:f41ce3fbca18,Qwen3-8B,0.0,1.0,1.0,0.10000000000000003,2
bbh:test:67:c11af583d24a,Qwen3-8B,1.0,1.0,0.0,0.12,2
bbh:test:406:a4ecb4293c2f,Intern-S1-mini,1.0,1.0,0.0,0.08000000000000002,2
bbh:test:295:a3443b0c8aa3,Qwen3-8B,1.0,1.0,0.0,0.08000000000000002,2
bbh:test:230:d0edb700efae,Intern-S1-mini,1.0,1.0,0.0,0.18999999999999997,2
bbh:test:773:e6a19f51a734,Qwen3-8B,1.0,1.0,0.0,0.12000000000000002,2
bbh:test:584:f1cc96cd792b,Qwen3-8B,1.0,1.0,0.0,0.17000000000000004,2
bbh:test:283:730bd610cf1a,Qwen3-8B,1.0,1.0,0.0,0.10999999999999999,2
bbh:test:13:cc3a55f3a498,Qwen3-8B,1.0,1.0,0.0,0.03999999999999998,2
bbh:test:615:8eba89a8dec5,Qwen3-8B,0.0,1.0,1.0,0.25,2
bbh:test:210:8fc5434b5415,Intern-S1-mini,1.0,1.0,0.0,0.10999999999999999,2
bbh:test:803:3724e9462234,Qwen3-8B,1.0,1.0,0.0,0.11000000000000001,2
bbh:test:942:479a405d0e1b,Qwen3-8B,1.0,1.0,0.0,0.16999999999999998,2
bbh:test:626:5835f7b6f710,Qwen3-8B,1.0,1.0,0.0,0.19000000000000003,2
bbh:test:296:caea41188b4f,Qwen3-8B,1.0,1.0,0.0,0.07,2
bbh:test:981:a6dbb09d5797,Qwen3-8B,0.0,1.0,1.0,0.09000000000000002,2
bbh:test:275:4dd5c6c9d976,Qwen3-8B,1.0,1.0,0.0,0.12,2
bbh:test:523:633b96c2f38a,Qwen3-8B,1.0,1.0,0.0,0.21,2
bbh:test:459:1b28e5c6a49d,Qwen3-8B,1.0,1.0,0.0,0.0,2
bbh:test:156:adfe27db6a88,Qwen3-8B,1.0,1.0,0.0,0.13,2
bbh:test:73:b873351c6386,Qwen3-8B,0.0,1.0,1.0,0.2,2
bbh:test:157:64feb7ec85cb,Qwen3-8B,0.0,1.0,1.0,0.060000000000000026,2
bbh:test:18:525d92e0736f,Qwen3-8B,1.0,1.0,0.0,0.15999999999999998,2
bbh:test:707:40d23e51545c,Qwen3-8B,1.0,1.0,0.0,0.11999999999999997,2
bbh:test:504:9c987e834218,Qwen3-8B,1.0,1.0,0.0,0.62,2
bbh:test:963:66e158eac78d,Intern-S1-mini,1.0,1.0,0.0,0.020000000000000018,2
bbh:test:273:b601806cc72f,Qwen3-8B,1.0,1.0,0.0,0.16000000000000003,2
bbh:test:819:619d7eef3774,Qwen3-8B,0.0,1.0,1.0,0.10999999999999999,2
bbh:test:445:aea904f7726d,Qwen3-8B,0.0,1.0,1.0,0.05000000000000002,2
bbh:test:590:681826689348,Qwen3-8B,1.0,1.0,0.0,0.35,2
bbh:test:96:77ec87b0f79a,Qwen3-8B,1.0,1.0,0.0,0.16999999999999998,2
bbh:test:667:dce566efb0ea,Qwen3-8B,1.0,1.0,0.0,0.23,2
bbh:test:87:f96d6dc097f3,Qwen3-8B,1.0,1.0,0.0,0.30000000000000004,2
bbh:test:525:3d90b9e8f115,Qwen3-8B,1.0,1.0,0.0,0.25,2
bbh:test:974:b52d4487f476,Qwen3-8B,1.0,1.0,0.0,0.15000000000000002,2
bbh:test:734:3cc92d0ac3a6,Qwen3-8B,0.0,1.0,1.0,0.03999999999999998,2
bbh:test:460:667a01c5deac,Qwen3-8B,0.0,1.0,1.0,0.07999999999999999,2
bbh:test:468:ba2c022d2fde,Qwen3-8B,1.0,1.0,0.0,0.0,2
bbh:test:257:5a4975319db0,Qwen3-8B,1.0,1.0,0.0,0.13,2
bbh:test:225:5f204dfbc8e9,Qwen3-8B,1.0,1.0,0.0,0.010000000000000009,2
bbh:test:454:25cc08e3ecf2,Qwen3-8B,0.0,1.0,1.0,0.06,2
bbh:test:914:394d05ce4601,Qwen3-8B,1.0,1.0,0.0,0.08000000000000002,2
bbh:test:777:5184952939e9,Qwen3-8B,1.0,1.0,0.0,0.14,2
bbh:test:1045:70abd61d1a9a,Qwen3-8B,1.0,1.0,0.0,0.19,2
bbh:test:845:cb4494b02267,Qwen3-8B,1.0,1.0,0.0,0.16999999999999998,2
bbh:test:655:a5e9572472a3,Qwen3-8B,1.0,1.0,0.0,0.22999999999999998,2
bbh:test:838:042d965683ee,Qwen3-8B,1.0,1.0,0.0,0.030000000000000027,2
bbh:test:902:bc322f36a030,Qwen3-8B,1.0,1.0,0.0,0.11999999999999997,2
bbh:test:917:6a55cad6b433,Qwen3-8B,1.0,1.0,0.0,0.16000000000000003,2
bbh:test:1062:a6ead1bc33b1,Qwen3-8B,1.0,1.0,0.0,0.22999999999999998,2
bbh:test:593:beb3140ccb0e,Qwen3-8B,1.0,1.0,0.0,0.41000000000000003,2
bbh:test:31:22f64385f4f7,Qwen3-8B,1.0,1.0,0.0,0.09000000000000002,2
bbh:test:950:be3c24c64dc6,Qwen3-8B,1.0,1.0,0.0,0.07000000000000003,2
bbh:test:33:4a196c320dda,Qwen3-8B,1.0,1.0,0.0,0.14,2
bbh:test:913:9a8f742ca68c,Qwen3-8B,1.0,1.0,0.0,0.05000000000000002,2
bbh:test:105:f6af2239a69a,Qwen3-8B,1.0,1.0,0.0,0.25,2
bbh:test:207:dc9985918491,Intern-S1-mini,1.0,1.0,0.0,0.19999999999999998,2
bbh:test:639:398542035aab,Qwen3-8B,1.0,1.0,0.0,0.16999999999999998,2
bbh:test:969:a4fa7014d7fe,Qwen3-8B,1.0,1.0,0.0,0.07999999999999999,2
bbh:test:14:b2027bc2edb9,Qwen3-8B,1.0,1.0,0.0,0.18,2
bbh:test:179:9d9c98368761,Qwen3-8B,1.0,1.0,0.0,0.30000000000000004,2
bbh:test:1041:2d0a024e2957,Qwen3-8B,1.0,1.0,0.0,0.15000000000000002,2
bbh:test:193:e63da285b7d6,Qwen3-8B,1.0,1.0,0.0,0.32999999999999996,2
bbh:test:1002:374e5f969994,Qwen3-8B,1.0,1.0,0.0,0.15000000000000002,2
bbh:test:601:eb3d6a744ab3,Qwen3-8B,1.0,1.0,0.0,0.19999999999999998,2
bbh:test:393:70d148afe698,Qwen3-8B,1.0,1.0,0.0,0.14,2
bbh:test:162:ce53521489e1,Qwen3-8B,1.0,1.0,0.0,0.37,2
bbh:test:323:4e3fc958211f,Qwen3-8B,1.0,1.0,0.0,0.07999999999999999,2
bbh:test:542:7067c63454af,Qwen3-8B,1.0,1.0,0.0,0.30999999999999994,2
bbh:test:112:144f42aff569,Qwen3-8B,1.0,1.0,0.0,0.23,2
bbh:test:120:637f453068ef,Qwen3-8B,1.0,1.0,0.0,0.30000000000000004,2
bbh:test:293:8f01b76edd89,Qwen3-8B,1.0,1.0,0.0,0.11000000000000001,2
bbh:test:751:390ff5a77710,Qwen3-8B,0.0,1.0,1.0,0.15000000000000002,2
bbh:test:277:2fbfb8d91855,Qwen3-8B,1.0,1.0,0.0,0.17,2
bbh:test:992:b696635a2e81,Qwen3-8B,0.0,1.0,1.0,0.15,2
bbh:test:701:8cf7977b32a8,Qwen3-8B,0.0,1.0,1.0,0.06,2
bbh:test:209:901be9f8da49,Intern-S1-mini,1.0,1.0,0.0,0.16999999999999998,2
bbh:test:840:89c1d1f04063,Qwen3-8B,0.0,1.0,1.0,0.07,2
bbh:test:627:2f21f20cea05,Qwen3-8B,0.0,1.0,1.0,0.25,2
bbh:test:146:8a332a19e550,Qwen3-8B,1.0,1.0,0.0,0.14,2
bbh:test:276:6e27c7142404,Qwen3-8B,1.0,1.0,0.0,0.14,2
bbh:test:395:d6448735c284,Qwen3-8B,1.0,1.0,0.0,0.11000000000000001,2
bbh:test:769:9b4a01a2e662,Qwen3-8B,1.0,1.0,0.0,0.13000000000000003,2
bbh:test:698:b96f7f0a7c73,Qwen3-8B,0.0,1.0,1.0,0.11000000000000001,2
bbh:test:650:d75bc8e3905a,Qwen3-8B,1.0,1.0,0.0,0.21,2
bbh:test:528:91615f29aac5,Qwen3-8B,1.0,1.0,0.0,0.3,2
bbh:test:638:c5de8eadea78,Qwen3-8B,1.0,1.0,0.0,0.22999999999999998,2
bbh:test:834:7a5333eea43b,DeepSeek-R1-0528-Qwen3-8B,0.0,1.0,1.0,0.04000000000000001,2
bbh:test:786:6d551162c293,Qwen3-8B,1.0,1.0,0.0,0.07999999999999999,2
bbh:test:25:d8753571aa69,Qwen3-8B,1.0,1.0,0.0,0.13,2
bbh:test:28:1832aedb5dd9,Qwen3-8B,1.0,1.0,0.0,0.2,2
bbh:test:227:eb611b0d6eb8,Intern-S1-mini,1.0,1.0,0.0,0.12,2
bbh:test:862:257511f63700,Qwen3-8B,1.0,1.0,0.0,0.19,2
bbh:test:49:9b45929f3962,Qwen3-8B,0.0,1.0,1.0,0.15000000000000002,2
bbh:test:79:9842d6d2bb92,Qwen3-8B,1.0,1.0,0.0,0.14,2
bbh:test:390:be7ee1586fdb,Qwen3-8B,1.0,1.0,0.0,0.04999999999999999,2
bbh:test:134:a141052b6f22,Qwen3-8B,0.0,1.0,1.0,0.18,2
bbh:test:843:e4ac93e7fc67,Qwen3-8B,1.0,1.0,0.0,0.18,2
bbh:test:1078:38e983b65a57,Qwen3-8B,0.0,1.0,1.0,0.25,2
bbh:test:450:1b5bba3933a6,Qwen3-8B,0.0,0.0,0.0,0.12999999999999998,2
bbh:test:800:e182e3667577,Qwen3-8B,1.0,1.0,0.0,0.1,2
bbh:test:462:2532484af013,Qwen3-8B,1.0,1.0,0.0,0.06,2
bbh:test:119:666cd85ce141,Qwen3-8B,1.0,1.0,0.0,0.17999999999999997,2
bbh:test:1047:4fd5849384c0,Qwen3-8B,1.0,1.0,0.0,0.26,2
bbh:test:953:f5cabed58e05,Qwen3-8B,1.0,1.0,0.0,0.08000000000000002,2
bbh:test:548:f06107b4b7e0,Qwen3-8B,1.0,1.0,0.0,0.22999999999999998,2
bbh:test:469:ced032365e6b,Qwen3-8B,1.0,1.0,0.0,0.09999999999999998,2
bbh:test:186:a1426e2b3fd6,Qwen3-8B,1.0,1.0,0.0,0.42000000000000004,2
bbh:test:9:b7d290fa30ab,Qwen3-8B,1.0,1.0,0.0,0.04999999999999999,2
bbh:test:578:6054adca1ac8,Qwen3-8B,1.0,1.0,0.0,0.31999999999999995,2
bbh:test:54:1407f1459802,Qwen3-8B,0.0,1.0,1.0,0.18999999999999997,2
bbh:test:943:5a3c095a8e06,Qwen3-8B,1.0,1.0,0.0,0.09999999999999998,2
bbh:test:330:fbf579391d2b,Qwen3-8B,1.0,1.0,0.0,0.04999999999999999,2
bbh:test:562:489a26757d54,Qwen3-8B,1.0,1.0,0.0,0.41000000000000003,2
bbh:test:118:1168f59af3ad,Qwen3-8B,1.0,1.0,0.0,0.17,2
bbh:test:40:3b3f39ae9c85,Qwen3-8B,1.0,1.0,0.0,0.010000000000000009,2
bbh:test:796:8f3aa024605b,Qwen3-8B,1.0,1.0,0.0,0.07999999999999999,2
bbh:test:812:99767dcc406c,Qwen3-8B,0.0,1.0,1.0,0.08999999999999997,2
bbh:test:658:50baff905d25,Qwen3-8B,1.0,1.0,0.0,0.33999999999999997,2
bbh:test:979:326d88921ab9,Qwen3-8B,1.0,1.0,0.0,0.13,2
bbh:test:167:72b8ec922f2e,Qwen3-8B,1.0,1.0,0.0,0.37,2
bbh:test:986:05277ba1ff15,Qwen3-8B,0.0,1.0,1.0,0.06,2
bbh:test:418:859d99fd0818,Qwen3-8B,1.0,1.0,0.0,0.15,2
bbh:test:202:823e1a1b01c1,Intern-S1-mini,1.0,1.0,0.0,0.23,2
bbh:test:700:4002ef50c977,Qwen3-8B,0.0,1.0,1.0,0.07,2
bbh:test:739:a25795039324,Qwen3-8B,1.0,1.0,0.0,0.09000000000000002,2
bbh:test:397:6889172225c1,Qwen3-8B,1.0,1.0,0.0,0.009999999999999953,2
bbh:test:358:d3f767364bdf,Qwen3-8B,1.0,1.0,0.0,0.03999999999999998,2
bbh:test:456:830716f93793,Qwen3-8B,1.0,1.0,0.0,0.06,2
bbh:test:798:ef9ccdb67d87,Qwen3-8B,1.0,1.0,0.0,0.12000000000000002,2
bbh:test:598:29243e3792d3,Qwen3-8B,1.0,1.0,0.0,0.31,2
bbh:test:533:bbd305c6b4b5,Qwen3-8B,1.0,1.0,0.0,0.21000000000000002,2
bbh:test:689:a217e9ace81c,Qwen3-8B,0.0,1.0,1.0,0.11000000000000001,2
bbh:test:869:6aa24564ae41,Qwen3-8B,1.0,1.0,0.0,0.18,2
bbh:test:247:2dbf751fdbad,Qwen3-8B,1.0,1.0,0.0,0.19,2
bbh:test:465:b7e94fcb6626,DeepSeek-R1-0528-Qwen3-8B,1.0,1.0,0.0,0.010000000000000009,2
bbh:test:682:95a7609ed1fa,Qwen3-8B,0.0,1.0,1.0,0.14,2
bbh:test:168:3f92f6efb299,Qwen3-8B,1.0,1.0,0.0,0.35,2
bbh:test:78:731199414a1f,Qwen3-8B,0.0,1.0,1.0,0.10999999999999999,2
emorynlp:test:67:df1932685953,Qwen3-8B,0.0,1.0,1.0,0.16,2
emorynlp:test:189:9665393bb457,Qwen3-8B,0.0,1.0,1.0,0.10999999999999999,2
emorynlp:test:550:2eeb1f857ffa,Qwen3-8B,1.0,1.0,0.0,0.16,2
emorynlp:test:96:e2c5e6f028c5,Qwen3-8B,1.0,1.0,0.0,0.12999999999999998,2
emorynlp:test:320:9997de362fbe,Qwen3-8B,0.0,0.0,0.0,0.10999999999999999,2
emorynlp:test:614:65f333986259,Qwen3-8B,1.0,1.0,0.0,0.15000000000000002,2
emorynlp:test:300:21d2071c0714,Qwen3-8B,0.0,1.0,1.0,0.15,2
emorynlp:test:491:1a64aa1d8a41,Qwen3-8B,1.0,1.0,0.0,0.16,2
emorynlp:test:313:f848b297a8e3,Qwen3-8B,0.0,1.0,1.0,0.16999999999999998,2
emorynlp:test:580:aec082a73c06,Qwen3-8B,0.0,1.0,1.0,0.1,2
emorynlp:test:185:3509c22b729c,Qwen3-8B,1.0,1.0,0.0,0.14999999999999997,2
emorynlp:test:195:f6e398178f44,Qwen3-8B,0.0,0.0,0.0,0.16999999999999998,2
emorynlp:test:677:a3ae354b0365,Qwen3-8B,0.0,1.0,1.0,0.17,2
emorynlp:test:97:2db413714802,Qwen3-8B,1.0,1.0,0.0,0.06,2
emorynlp:test:549:443ac84cf4b2,Qwen3-8B,1.0,1.0,0.0,0.12,2
emorynlp:test:447:5339f5aa7f0e,Qwen3-8B,0.0,1.0,1.0,0.10999999999999996,2
emorynlp:test:697:e931eeb46cbf,Qwen3-8B,1.0,1.0,0.0,0.13999999999999999,2
emorynlp:test:81:4f57df0b8437,Qwen3-8B,0.0,1.0,1.0,0.18999999999999997,2
emorynlp:test:69:b559c38abaf8,Qwen3-8B,1.0,1.0,0.0,0.15,2
emorynlp:test:276:563de0f21c82,Qwen3-8B,1.0,1.0,0.0,0.17999999999999997,2
emorynlp:test:525:8724ffae5931,Qwen3-8B,1.0,1.0,0.0,0.11999999999999997,2
emorynlp:test:10:ca6988f4d987,Qwen3-8B,1.0,1.0,0.0,0.10999999999999999,2
emorynlp:test:278:bfc4867c016e,Qwen3-8B,0.0,1.0,1.0,0.13,2
emorynlp:test:640:8703fe175108,Qwen3-8B,0.0,0.0,0.0,0.12000000000000002,2
emorynlp:test:254:9c901c022f00,Qwen3-8B,0.0,1.0,1.0,0.12999999999999998,2
emorynlp:test:423:483ea378b763,Qwen3-8B,1.0,1.0,0.0,0.16999999999999998,2
emorynlp:test:59:eb42886a66c4,Qwen3-8B,1.0,1.0,0.0,0.12000000000000002,2
emorynlp:test:66:64e8460f8986,Qwen3-8B,1.0,1.0,0.0,0.04000000000000001,2
emorynlp:test:456:15ff05fe19be,Qwen3-8B,0.0,0.0,0.0,0.12999999999999998,2
emorynlp:test:498:b491a9b6df37,Qwen3-8B,1.0,1.0,0.0,0.17,2
emorynlp:test:638:cb396265c89c,Qwen3-8B,1.0,1.0,0.0,0.2,2
emorynlp:test:318:524f57c0e286,Qwen3-8B,1.0,1.0,0.0,0.12,2
emorynlp:test:422:42a95cbaf84c,Qwen3-8B,0.0,1.0,1.0,0.13999999999999999,2
emorynlp:test:510:f9cb56b15f0f,Qwen3-8B,0.0,0.0,0.0,0.1,2
emorynlp:test:222:42da4c336756,Qwen3-8B,0.0,1.0,1.0,0.09,2
emorynlp:test:470:e7b7da713774,Qwen3-8B,1.0,1.0,0.0,0.16,2
emorynlp:test:130:095fbaa1664f,Qwen3-8B,0.0,1.0,1.0,0.21999999999999997,2
emorynlp:test:143:d4a9497a0c7b,Qwen3-8B,1.0,1.0,0.0,0.22,2
emorynlp:test:25:460d6dab6803,Qwen3-8B,0.0,0.0,0.0,0.15,2
emorynlp:test:34:7f03242a5eb6,Qwen3-8B,0.0,1.0,1.0,0.15,2
emorynlp:test:211:839df7afcd97,Qwen3-8B,0.0,0.0,0.0,0.2,2
emorynlp:test:645:e41d7b527d4b,Qwen3-8B,1.0,1.0,0.0,0.04999999999999999,2
emorynlp:test:324:d9658de80ffa,Qwen3-8B,0.0,1.0,1.0,0.19000000000000003,2
emorynlp:test:247:25f63435b554,Qwen3-8B,0.0,1.0,1.0,0.1,2
emorynlp:test:517:d90ec59e2dd4,Qwen3-8B,0.0,1.0,1.0,0.13,2
emorynlp:test:607:65d0ddaf547d,Qwen3-8B,1.0,1.0,0.0,0.18999999999999997,2
emorynlp:test:43:9b1451b5a3f2,Qwen3-8B,0.0,0.0,0.0,0.19999999999999998,2
emorynlp:test:133:ce6e7584790d,Qwen3-8B,0.0,1.0,1.0,0.11000000000000001,2
emorynlp:test:260:ce5030961071,Qwen3-8B,1.0,1.0,0.0,0.14,2
emorynlp:test:591:f70b3ee25760,Qwen3-8B,1.0,1.0,0.0,0.12000000000000002,2
emorynlp:test:682:9d9ed7f99446,Qwen3-8B,0.0,1.0,1.0,0.13,2
emorynlp:test:436:07f0c4c91667,Qwen3-8B,1.0,1.0,0.0,0.12999999999999998,2
emorynlp:test:585:012923de2a5d,Qwen3-8B,0.0,0.0,0.0,0.14000000000000004,2
emorynlp:test:175:f880123e0ef4,Qwen3-8B,0.0,0.0,0.0,0.18,2
emorynlp:test:135:f9ad4d3ed7cb,Qwen3-8B,1.0,1.0,0.0,0.11999999999999997,2
emorynlp:test:343:58f44c1f16c8,Qwen3-8B,0.0,0.0,0.0,0.16999999999999998,2
emorynlp:test:440:b1f6dcef3c27,Qwen3-8B,1.0,1.0,0.0,0.1,2
emorynlp:test:63:d051bcb54f12,Qwen3-8B,0.0,0.0,0.0,0.07999999999999999,2
emorynlp:test:479:fe2bd0408f57,Qwen3-8B,1.0,1.0,0.0,0.15,2
emorynlp:test:501:764a857d9c7a,Qwen3-8B,0.0,0.0,0.0,0.17,2
emorynlp:test:110:e2f2df2aeea4,Qwen3-8B,0.0,1.0,1.0,0.15,2
emorynlp:test:353:ef0836168120,Qwen3-8B,0.0,0.0,0.0,0.16,2
emorynlp:test:492:b308df89a285,Qwen3-8B,0.0,1.0,1.0,0.12999999999999998,2
emorynlp:test:53:ea817f87d77b,Qwen3-8B,0.0,0.0,0.0,0.17,2
emorynlp:test:532:425b617e746d,Qwen3-8B,0.0,1.0,1.0,0.14,2
emorynlp:test:99:329e22e68838,Qwen3-8B,0.0,1.0,1.0,0.11999999999999997,2
emorynlp:test:49:a25b5357af9f,Qwen3-8B,0.0,1.0,1.0,0.11999999999999997,2
emorynlp:test:294:d2b5d762bce3,Qwen3-8B,0.0,0.0,0.0,0.13,2
emorynlp:test:261:2804ed7a9cdb,Qwen3-8B,0.0,1.0,1.0,0.13999999999999999,2
emorynlp:test:142:9e1c0a0f3470,Qwen3-8B,0.0,1.0,1.0,0.15,2
emorynlp:test:411:824431619977,Qwen3-8B,1.0,1.0,0.0,0.18000000000000002,2
emorynlp:test:70:cfc25fa36aa6,Qwen3-8B,1.0,1.0,0.0,0.13000000000000003,2
emorynlp:test:321:ed1cb267d2c4,Qwen3-8B,1.0,1.0,0.0,0.13999999999999999,2
emorynlp:test:692:defba847b6d2,Qwen3-8B,0.0,1.0,1.0,0.21,2
emorynlp:test:605:bf2b09b4b085,Qwen3-8B,0.0,0.0,0.0,0.11000000000000001,2
emorynlp:test:388:8df4f60cef8b,Qwen3-8B,0.0,0.0,0.0,0.10999999999999999,2
emorynlp:test:271:e29b8bf57d98,Qwen3-8B,0.0,1.0,1.0,0.11000000000000001,2
emorynlp:test:242:df0ea6c9bd43,Qwen3-8B,1.0,1.0,0.0,0.13999999999999999,2
emorynlp:test:62:227195e068a4,Qwen3-8B,1.0,1.0,0.0,0.1,2
emorynlp:test:107:7172140c85e5,Qwen3-8B,0.0,0.0,0.0,0.21999999999999997,2
emorynlp:test:474:896385146af5,Qwen3-8B,0.0,0.0,0.0,0.15,2
emorynlp:test:562:00d3cb5c641f,Qwen3-8B,1.0,1.0,0.0,0.18000000000000002,2
emorynlp:test:553:fa0459a859c9,Qwen3-8B,0.0,0.0,0.0,0.17,2
emorynlp:test:216:051471b43849,Qwen3-8B,0.0,0.0,0.0,0.11000000000000001,2
emorynlp:test:621:56c852f0ddff,Qwen3-8B,0.0,1.0,1.0,0.09,2
emorynlp:test:514:5087b9919f5b,Qwen3-8B,0.0,1.0,1.0,0.16999999999999998,2
emorynlp:test:696:265287b80e62,Qwen3-8B,0.0,1.0,1.0,0.14,2
emorynlp:test:443:ac086a92c2bc,Qwen3-8B,1.0,1.0,0.0,0.14999999999999997,2
emorynlp:test:521:321afb4fc6b2,Qwen3-8B,0.0,1.0,1.0,0.16,2
emorynlp:test:218:4f0167c6d1ef,Qwen3-8B,1.0,1.0,0.0,0.17,2
emorynlp:test:219:354d849aa904,Qwen3-8B,0.0,0.0,0.0,0.13999999999999999,2
emorynlp:test:448:fd7f161d0fa6,Qwen3-8B,1.0,1.0,0.0,0.15,2
emorynlp:test:636:a47a7fe876c4,Qwen3-8B,0.0,1.0,1.0,0.09000000000000002,2
emorynlp:test:538:2f4c656874e0,Qwen3-8B,0.0,1.0,1.0,0.1,2
emorynlp:test:227:490778c043ee,Qwen3-8B,1.0,1.0,0.0,0.15,2
emorynlp:test:56:034085a93560,Qwen3-8B,0.0,0.0,0.0,0.13999999999999999,2
emorynlp:test:390:c02ff9f2417b,Qwen3-8B,1.0,1.0,0.0,0.19,2
emorynlp:test:522:6850bc3ffd7b,Qwen3-8B,0.0,1.0,1.0,0.11000000000000001,2
emorynlp:test:131:dbabdf4f4449,Qwen3-8B,0.0,0.0,0.0,0.17,2
emorynlp:test:333:f70f04bf88f6,Qwen3-8B,0.0,0.0,0.0,0.12,2
emorynlp:test:89:5c66b39d34aa,Qwen3-8B,1.0,1.0,0.0,0.10999999999999996,2
emorynlp:test:356:da8f4eaf29b9,Qwen3-8B,1.0,1.0,0.0,0.1,2
emorynlp:test:206:0d99e0229182,Qwen3-8B,1.0,1.0,0.0,0.15,2
emorynlp:test:627:4f7037795280,Qwen3-8B,0.0,1.0,1.0,0.18000000000000002,2
emorynlp:test:266:c49783ed8c23,Qwen3-8B,1.0,1.0,0.0,0.15999999999999998,2
emorynlp:test:575:7497ec427393,Qwen3-8B,0.0,1.0,1.0,0.16,2
emorynlp:test:241:6f43872ef5a2,Qwen3-8B,0.0,1.0,1.0,0.15,2
emorynlp:test:239:dad9dd309fb7,Qwen3-8B,1.0,1.0,0.0,0.11000000000000001,2
emorynlp:test:246:c4ead4a7800a,Qwen3-8B,0.0,0.0,0.0,0.09000000000000002,2
emorynlp:test:451:56614124a78d,Qwen3-8B,0.0,0.0,0.0,0.2,2
emorynlp:test:435:f3e3ddad3c27,Qwen3-8B,0.0,0.0,0.0,0.16,2
emorynlp:test:502:679a576ed0f9,Qwen3-8B,0.0,1.0,1.0,0.15,2
emorynlp:test:2:5cc9808bb219,Qwen3-8B,1.0,1.0,0.0,0.13999999999999999,2
emorynlp:test:463:c524e441bd0f,Qwen3-8B,0.0,0.0,0.0,0.18000000000000002,2
emorynlp:test:94:ab27477185ce,Qwen3-8B,0.0,1.0,1.0,0.19,2
emorynlp:test:397:7f35331b1e6c,Qwen3-8B,0.0,1.0,1.0,0.19999999999999998,2
emorynlp:test:291:356ee5956834,Qwen3-8B,0.0,0.0,0.0,0.21999999999999997,2
emorynlp:test:181:8ff74b38684a,Qwen3-8B,0.0,1.0,1.0,0.09999999999999998,2
emorynlp:test:123:1114327cc3b0,Qwen3-8B,0.0,1.0,1.0,0.19,2
emorynlp:test:176:4a06c0267164,Qwen3-8B,0.0,0.0,0.0,0.10999999999999999,2
emorynlp:test:32:7dcf9cf3bc96,Qwen3-8B,0.0,1.0,1.0,0.11999999999999997,2
emorynlp:test:481:2eec67c308c9,Qwen3-8B,0.0,1.0,1.0,0.12999999999999998,2
emorynlp:test:393:90c9682553e6,Qwen3-8B,1.0,1.0,0.0,0.12,2
emorynlp:test:412:7698a9ab9734,Qwen3-8B,0.0,1.0,1.0,0.1,2
emorynlp:test:267:ca506038e059,Qwen3-8B,0.0,1.0,1.0,0.17,2
emorynlp:test:646:ac044d1241b7,Qwen3-8B,0.0,1.0,1.0,0.13999999999999999,2
emorynlp:test:409:dc261652d13c,Qwen3-8B,0.0,0.0,0.0,0.08000000000000004,2
emorynlp:test:579:5ceda80ed1bc,Qwen3-8B,0.0,1.0,1.0,0.13,2
emorynlp:test:686:bbf719e74ee7,Qwen3-8B,1.0,1.0,0.0,0.19,2
emorynlp:test:520:cebcea19e457,Qwen3-8B,0.0,0.0,0.0,0.13999999999999999,2
emorynlp:test:102:e0b96e5204ee,Qwen3-8B,1.0,1.0,0.0,0.15,2
emorynlp:test:316:0060018282ed,Qwen3-8B,0.0,1.0,1.0,0.18000000000000002,2
emorynlp:test:611:4efec43f1b1c,Qwen3-8B,0.0,1.0,1.0,0.10999999999999999,2
emorynlp:test:471:268e87f6c190,Qwen3-8B,1.0,1.0,0.0,0.13999999999999999,2
emorynlp:test:449:8c791a616b56,Qwen3-8B,1.0,1.0,0.0,0.18,2
emorynlp:test:44:1b47f9840b16,Qwen3-8B,1.0,1.0,0.0,0.18000000000000002,2
emorynlp:test:680:3e0a671bb65a,Qwen3-8B,0.0,1.0,1.0,0.15000000000000002,2
emorynlp:test:468:68e044cac3b4,Qwen3-8B,0.0,1.0,1.0,0.11000000000000001,2
emorynlp:test:364:042c68b3a1a1,Qwen3-8B,0.0,1.0,1.0,0.16999999999999998,2
finqa:test:25:9015cfc825e3,Qwen3-8B,0.0,1.0,1.0,0.41000000000000003,2
finqa:test:1055:8987b7db80af,Qwen3-8B,1.0,1.0,0.0,0.25,2
finqa:test:1122:340e6ef13fbb,Qwen3-8B,1.0,1.0,0.0,0.22999999999999998,2
finqa:test:1136:21b5f550445b,Qwen3-8B,1.0,1.0,0.0,0.15000000000000002,2
finqa:test:1072:236404a29147,Qwen3-8B,1.0,1.0,0.0,0.22,2
finqa:test:522:0c9e07e12afe,Qwen3-8B,1.0,1.0,0.0,0.21,2
finqa:test:543:edb9f201d61a,Qwen3-8B,1.0,1.0,0.0,0.31,2
finqa:test:1120:fc9ff8a84b19,Qwen3-8B,1.0,1.0,0.0,0.27,2
finqa:test:960:4afe3501aa9d,Qwen3-8B,1.0,1.0,0.0,0.23999999999999996,2
finqa:test:912:44cdb33cc480,Qwen3-8B,0.0,0.0,0.0,0.35,2
finqa:test:669:0970e3dbbe7d,Qwen3-8B,1.0,1.0,0.0,0.13,2
finqa:test:997:44dc2c36b46d,Qwen3-8B,1.0,1.0,0.0,0.04999999999999999,2
finqa:test:767:7ea621d7026a,Qwen3-8B,1.0,1.0,0.0,0.21,2
finqa:test:282:eaa63a1e6056,Qwen3-8B,1.0,1.0,0.0,0.39,2
finqa:test:1096:7ef7bc7263c5,Qwen3-8B,1.0,1.0,0.0,0.36,2
finqa:test:530:6a6b0ff0ab85,Qwen3-8B,1.0,1.0,0.0,0.33999999999999997,2
finqa:test:540:21f82886d879,Qwen3-8B,1.0,1.0,0.0,0.42999999999999994,2
finqa:test:122:47eec202788a,Qwen3-8B,1.0,1.0,0.0,0.30999999999999994,2
finqa:test:803:41b4ca6aa51e,Qwen3-8B,1.0,1.0,0.0,0.21999999999999997,2
finqa:test:636:5b5181b63ca4,Qwen3-8B,1.0,1.0,0.0,0.30000000000000004,2
finqa:test:1045:a283829573d4,Qwen3-8B,1.0,1.0,0.0,0.29000000000000004,2
finqa:test:836:9e7eafb52c72,Qwen3-8B,1.0,1.0,0.0,0.39,2
finqa:test:330:13ea79235cf9,Qwen3-8B,1.0,1.0,0.0,0.23999999999999996,2
finqa:test:324:9a8f7a6a9742,Qwen3-8B,1.0,1.0,0.0,0.25,2
finqa:test:909:fe4ce81dec95,Qwen3-8B,0.0,1.0,1.0,0.30000000000000004,2
finqa:test:1061:be2a4ab5764d,Qwen3-8B,1.0,1.0,0.0,0.4,2
finqa:test:1024:3dd18db2c253,Qwen3-8B,1.0,1.0,0.0,0.39,2
finqa:test:497:d5c01e5f1dad,Qwen3-8B,1.0,1.0,0.0,0.19,2
finqa:test:1123:ecfcf75daced,Qwen3-8B,1.0,1.0,0.0,0.38,2
finqa:test:231:4dced5aae545,Qwen3-8B,1.0,1.0,0.0,0.18,2
finqa:test:697:66db4783a374,Qwen3-8B,1.0,1.0,0.0,0.29999999999999993,2
finqa:test:61:286b732ec366,Qwen3-8B,0.0,0.0,0.0,0.26,2
finqa:test:814:f3e99bc5ee4b,Qwen3-8B,0.0,0.0,0.0,0.31999999999999995,2
finqa:test:905:c9ac5785601a,Qwen3-8B,1.0,1.0,0.0,0.21999999999999997,2
finqa:test:847:54809dd7db12,Qwen3-8B,1.0,1.0,0.0,0.31000000000000005,2
finqa:test:518:51695f2c67c5,Qwen3-8B,0.0,1.0,1.0,0.21,2
finqa:test:51:04907c8e5169,Qwen3-8B,1.0,1.0,0.0,0.42000000000000004,2
finqa:test:476:7939a3bd23dc,Qwen3-8B,1.0,1.0,0.0,0.19999999999999998,2
finqa:test:889:98cd870ef672,Qwen3-8B,1.0,1.0,0.0,0.29000000000000004,2
finqa:test:1087:9776117900ef,Qwen3-8B,1.0,1.0,0.0,0.29000000000000004,2
finqa:test:104:5a9e960bf2d1,Qwen3-8B,0.0,0.0,0.0,0.36,2
finqa:test:914:54112c14c876,Qwen3-8B,1.0,1.0,0.0,0.41000000000000003,2
finqa:test:1080:9f8ecb4a5393,Qwen3-8B,1.0,1.0,0.0,0.24,2
finqa:test:193:c30b8fdf0c02,Qwen3-8B,1.0,1.0,0.0,0.12000000000000002,2
finqa:test:204:f5a6f2d4f863,Qwen3-8B,0.0,1.0,1.0,0.24000000000000002,2
finqa:test:870:7e671607576d,Qwen3-8B,0.0,1.0,1.0,0.29000000000000004,2
finqa:test:1036:55795792b7fb,Qwen3-8B,1.0,1.0,0.0,0.25,2
finqa:test:489:5b20482bea4d,Qwen3-8B,1.0,1.0,0.0,0.24999999999999997,2
finqa:test:872:09fecd472a9a,Qwen3-8B,1.0,1.0,0.0,0.24000000000000002,2
finqa:test:126:c82dd6739044,Qwen3-8B,0.0,1.0,1.0,0.31999999999999995,2
finqa:test:1106:7b8002c237f5,Qwen3-8B,0.0,0.0,0.0,0.32,2
finqa:test:283:d26ffabf0bc0,Qwen3-8B,1.0,1.0,0.0,0.32999999999999996,2
finqa:test:291:b2d01a12eb17,Qwen3-8B,0.0,0.0,0.0,0.38,2
finqa:test:491:25762adedadc,Qwen3-8B,1.0,1.0,0.0,0.35,2
finqa:test:381:b2695bd61e66,Qwen3-8B,1.0,1.0,0.0,0.31000000000000005,2
finqa:test:138:41c458dbf7ab,Qwen3-8B,1.0,1.0,0.0,0.33999999999999997,2
finqa:test:571:d53a8d2a2dfe,Qwen3-8B,0.0,1.0,1.0,0.24999999999999997,2
finqa:test:239:8472be4c0262,Qwen3-8B,1.0,1.0,0.0,0.4,2
finqa:test:533:82478e308c69,Qwen3-8B,1.0,1.0,0.0,0.29,2
finqa:test:457:ed40f69ebefa,Qwen3-8B,1.0,1.0,0.0,0.35,2
finqa:test:748:01d467849fd8,Qwen3-8B,1.0,1.0,0.0,0.29000000000000004,2
finqa:test:1016:c6f1326e678b,Qwen3-8B,1.0,1.0,0.0,0.09000000000000002,2
finqa:test:236:50f2fb8d484f,Qwen3-8B,1.0,1.0,0.0,0.29999999999999993,2
finqa:test:148:1318b14ca6d4,Qwen3-8B,1.0,1.0,0.0,0.18,2
finqa:test:545:6e550267fa86,Qwen3-8B,1.0,1.0,0.0,0.36,2
finqa:test:637:3051e0fe335b,Qwen3-8B,1.0,1.0,0.0,0.24999999999999997,2
finqa:test:1139:fbbd3c939a78,Qwen3-8B,0.0,0.0,0.0,0.53,2
finqa:test:359:ee5f34d34355,Qwen3-8B,1.0,1.0,0.0,0.27,2
finqa:test:320:d3e2aca37603,Qwen3-8B,0.0,1.0,1.0,0.03999999999999998,2
finqa:test:454:838e47652b60,DeepSeek-R1-0528-Qwen3-8B,1.0,1.0,0.0,0.02999999999999997,2
finqa:test:830:43d6bfae72e4,Qwen3-8B,1.0,1.0,0.0,0.35,2
finqa:test:1030:f0d81c4bff73,Qwen3-8B,1.0,1.0,0.0,0.38,2
finqa:test:560:fa6bbdf0b9ba,Qwen3-8B,1.0,1.0,0.0,0.25,2
finqa:test:234:402f7c5ae698,Qwen3-8B,0.0,1.0,1.0,0.20999999999999996,2
finqa:test:907:aa146d8d1d23,Qwen3-8B,1.0,1.0,0.0,0.33999999999999997,2
finqa:test:297:80ec366930f2,Qwen3-8B,1.0,1.0,0.0,0.18999999999999997,2
finqa:test:235:a121b8041a54,Qwen3-8B,1.0,1.0,0.0,0.24,2
finqa:test:629:b5c5541b8989,Qwen3-8B,0.0,1.0,1.0,0.32999999999999996,2
finqa:test:987:2b810129ff07,Qwen3-8B,1.0,1.0,0.0,0.30000000000000004,2
finqa:test:178:f362ad85af70,Qwen3-8B,1.0,1.0,0.0,0.15,2
finqa:test:1078:d5fa1143daba,Qwen3-8B,1.0,1.0,0.0,0.38,2
finqa:test:793:337f026f321d,Qwen3-8B,1.0,1.0,0.0,0.35,2
finqa:test:706:ac3cd69857e2,Qwen3-8B,1.0,1.0,0.0,0.35,2
finqa:test:1116:60aff2184f83,Qwen3-8B,1.0,1.0,0.0,0.24000000000000002,2
finqa:test:274:e4726db39bcf,Qwen3-8B,1.0,1.0,0.0,0.27,2
finqa:test:471:1051d6cd7758,Qwen3-8B,1.0,1.0,0.0,0.33999999999999997,2
finqa:test:56:66240f71255e,Qwen3-8B,1.0,1.0,0.0,0.19,2
finqa:test:778:baad3056ed0b,Qwen3-8B,1.0,1.0,0.0,0.24000000000000002,2
finqa:test:816:f1930bdce6c9,Qwen3-8B,0.0,0.0,0.0,0.32999999999999996,2
finqa:test:43:483f5c05799c,Qwen3-8B,0.0,1.0,1.0,0.27,2
finqa:test:743:377c4f7010ed,Qwen3-8B,1.0,1.0,0.0,0.23999999999999996,2
finqa:test:255:ed67c6c6df75,Qwen3-8B,1.0,1.0,0.0,0.30999999999999994,2
finqa:test:181:ade63ab0137c,Qwen3-8B,1.0,1.0,0.0,0.19,2
finqa:test:137:681de4fb60d3,Qwen3-8B,1.0,1.0,0.0,0.31,2
finqa:test:474:9c1378e99bb4,Qwen3-8B,1.0,1.0,0.0,0.26,2
finqa:test:860:008e9d24bbbd,Qwen3-8B,1.0,1.0,0.0,0.31,2
finqa:test:251:60f3afc5f3e2,Qwen3-8B,1.0,1.0,0.0,0.26,2
finqa:test:355:2b11ba0d1697,Qwen3-8B,1.0,1.0,0.0,0.15,2
finqa:test:317:b45d4056c425,Qwen3-8B,0.0,0.0,0.0,0.26,2
finqa:test:198:2e0d95cc634a,Qwen3-8B,1.0,1.0,0.0,0.33999999999999997,2
finqa:test:1088:6478593deafd,Qwen3-8B,1.0,1.0,0.0,0.18999999999999997,2
finqa:test:557:5697f514735f,Qwen3-8B,0.0,1.0,1.0,0.19999999999999998,2
finqa:test:389:dae86ee3f342,Qwen3-8B,1.0,1.0,0.0,0.37,2
finqa:test:938:5d49e2e5aed2,Qwen3-8B,0.0,0.0,0.0,0.31999999999999995,2
finqa:test:19:2510c819fb0c,Qwen3-8B,1.0,1.0,0.0,0.22999999999999995,2
finqa:test:424:2c81fef6d99f,Qwen3-8B,1.0,1.0,0.0,0.21000000000000002,2
finqa:test:963:d8a9a0f8a88c,Qwen3-8B,1.0,1.0,0.0,0.09999999999999998,2
finqa:test:396:955ccd2a2245,Qwen3-8B,1.0,1.0,0.0,0.24999999999999997,2
finqa:test:112:ae4eb98d0abb,Qwen3-8B,1.0,1.0,0.0,0.15999999999999998,2
finqa:test:785:487d312a5eb4,Qwen3-8B,0.0,0.0,0.0,0.23999999999999996,2
finqa:test:421:21f82886d879,Qwen3-8B,1.0,1.0,0.0,0.49,2
finqa:test:119:350d6f10775d,Qwen3-8B,0.0,0.0,0.0,0.23,2
finqa:test:416:e168fc4cfd6c,Qwen3-8B,1.0,1.0,0.0,0.28,2
finqa:test:614:67fefc815030,Qwen3-8B,1.0,1.0,0.0,0.29000000000000004,2
finqa:test:623:250a58a5f328,Qwen3-8B,1.0,1.0,0.0,0.38,2
finqa:test:136:9d4490bec60e,Qwen3-8B,1.0,1.0,0.0,0.21,2
finqa:test:464:4445554b0446,Qwen3-8B,1.0,1.0,0.0,0.25,2
finqa:test:76:68e522f340f9,Qwen3-8B,1.0,1.0,0.0,0.23999999999999996,2
finqa:test:777:667ad1c1e481,Qwen3-8B,1.0,1.0,0.0,0.31999999999999995,2
finqa:test:111:b70eda8a4377,Qwen3-8B,1.0,1.0,0.0,0.38,2
finqa:test:638:300f7a03f07e,Qwen3-8B,1.0,1.0,0.0,0.36,2
finqa:test:673:fc0ac3008ad7,Qwen3-8B,0.0,0.0,0.0,0.26,2
finqa:test:1112:7c1bee58bac4,Qwen3-8B,0.0,0.0,0.0,0.28,2
finqa:test:265:f041f8889811,Qwen3-8B,1.0,1.0,0.0,0.31999999999999995,2
finqa:test:266:f13da44ee5be,Qwen3-8B,0.0,0.0,0.0,0.16000000000000003,2
finqa:test:809:33764875dc33,Qwen3-8B,1.0,1.0,0.0,0.2,2
finqa:test:520:bb464c617787,Qwen3-8B,1.0,1.0,0.0,0.14999999999999997,2
finqa:test:1115:64ed97c38dc5,Qwen3-8B,1.0,1.0,0.0,0.27,2
finqa:test:524:5c8bfdfa9965,Qwen3-8B,1.0,1.0,0.0,0.36,2
finqa:test:479:b8338e4e620b,Qwen3-8B,1.0,1.0,0.0,0.29999999999999993,2
finqa:test:605:6d1019a37a03,Qwen3-8B,0.0,1.0,1.0,0.5,2
finqa:test:690:204e96445a45,Qwen3-8B,1.0,1.0,0.0,0.25,2
finqa:test:257:16d8fa0db5ce,Qwen3-8B,1.0,1.0,0.0,0.43999999999999995,2
finqa:test:978:5866c634a037,Qwen3-8B,1.0,1.0,0.0,0.28,2
finqa:test:391:8a1442479b01,Qwen3-8B,1.0,1.0,0.0,0.37,2
finqa:test:362:0e8b398ecc99,Qwen3-8B,0.0,0.0,0.0,0.17,2
finqa:test:141:01f6cdeaa09d,Qwen3-8B,1.0,1.0,0.0,0.42999999999999994,2
finqa:test:233:e126fbb859cb,Qwen3-8B,1.0,1.0,0.0,0.23999999999999996,2
finqa:test:1038:5bebf07addcf,Qwen3-8B,1.0,1.0,0.0,0.35,2
finqa:test:1013:0aa1a51e665f,Qwen3-8B,1.0,1.0,0.0,0.4,2
finqa:test:1029:c5c7136f73d8,Qwen3-8B,0.0,0.0,0.0,0.29000000000000004,2
finqa:test:1063:d009892b277b,Qwen3-8B,1.0,1.0,0.0,0.5,2
finqa:test:681:b68c08e4c5ce,Qwen3-8B,0.0,1.0,1.0,0.15999999999999998,2
finqa:test:1143:61f779ae34bd,Qwen3-8B,1.0,1.0,0.0,0.29999999999999993,2
finqa:test:750:20aa67e26647,Qwen3-8B,1.0,1.0,0.0,0.28,2
finqa:test:704:7f79a201952e,Qwen3-8B,0.0,1.0,1.0,0.29999999999999993,2
finqa:test:1069:3dc8e1402abe,Qwen3-8B,1.0,1.0,0.0,0.31999999999999995,2
finqa:test:650:d131c8753198,Qwen3-8B,1.0,1.0,0.0,0.29000000000000004,2
finqa:test:123:2decdb11e36e,Qwen3-8B,1.0,1.0,0.0,0.22999999999999998,2
finqa:test:1065:2d15c730f19e,Qwen3-8B,1.0,1.0,0.0,0.29000000000000004,2
finqa:test:953:f9ea15ddfa5e,Qwen3-8B,0.0,1.0,1.0,0.35,2
finqa:test:582:8fab1198031b,Qwen3-8B,1.0,1.0,0.0,0.31999999999999995,2
finqa:test:71:7442e4034272,Qwen3-8B,1.0,1.0,0.0,0.29000000000000004,2
finqa:test:1095:3b0adc47c53a,Qwen3-8B,1.0,1.0,0.0,0.19999999999999998,2
finqa:test:419:9b5a388623ec,Qwen3-8B,1.0,1.0,0.0,0.37,2
finqa:test:202:4dc62df4adc6,Qwen3-8B,1.0,1.0,0.0,0.36,2
finqa:test:435:bf51b30d42d8,Qwen3-8B,1.0,1.0,0.0,0.29,2
finqa:test:766:3bd20abe66ff,Qwen3-8B,1.0,1.0,0.0,0.26,2
finqa:test:252:507e198aa210,Qwen3-8B,1.0,1.0,0.0,0.18999999999999997,2
finqa:test:358:f960a1beccf4,Qwen3-8B,1.0,1.0,0.0,0.43999999999999995,2
finqa:test:1047:490e6a9cdeac,Qwen3-8B,1.0,1.0,0.0,0.21999999999999997,2
finqa:test:211:15435895ca8b,Qwen3-8B,0.0,1.0,1.0,0.32,2
finqa:test:1103:1480a40ab047,Qwen3-8B,1.0,1.0,0.0,0.41999999999999993,2
finqa:test:34:07bf3a72fcb2,Qwen3-8B,1.0,1.0,0.0,0.13999999999999999,2
finqa:test:526:87a1dc9f3429,Qwen3-8B,0.0,0.0,0.0,0.16999999999999998,2
finqa:test:40:a7c5ab26416d,Qwen3-8B,1.0,1.0,0.0,0.22999999999999995,2
finqa:test:695:7981d0988164,Qwen3-8B,1.0,1.0,0.0,0.37,2
finqa:test:14:b8c5805db236,Qwen3-8B,1.0,1.0,0.0,0.29000000000000004,2
finqa:test:715:664f92b20a94,Qwen3-8B,0.0,0.0,0.0,0.26,2
finqa:test:159:4e373bf9101f,Qwen3-8B,1.0,1.0,0.0,0.07999999999999999,2
finqa:test:1070:9c088150fa3d,Qwen3-8B,1.0,1.0,0.0,0.27,2
finqa:test:572:7dfe14d8a7ba,Qwen3-8B,0.0,1.0,1.0,0.31999999999999995,2
finqa:test:463:6d368066b9e1,Qwen3-8B,0.0,0.0,0.0,0.26,2
finqa:test:558:a40870ee5d19,Qwen3-8B,1.0,1.0,0.0,0.29999999999999993,2
finqa:test:216:7051ba11ad5b,Qwen3-8B,1.0,1.0,0.0,0.18000000000000002,2
finqa:test:209:36edbfb2bbd0,Qwen3-8B,1.0,1.0,0.0,0.18,2
finqa:test:873:d128f8eeaa9e,Qwen3-8B,0.0,0.0,0.0,0.31,2
finqa:test:538:e25e59d4ac05,Qwen3-8B,1.0,1.0,0.0,0.30000000000000004,2
finqa:test:83:99b5dab309fa,Qwen3-8B,1.0,1.0,0.0,0.5,2
finqa:test:127:cab91b1ed55e,Qwen3-8B,1.0,1.0,0.0,0.13,2
finqa:test:412:28c86cbc5d24,Qwen3-8B,1.0,1.0,0.0,0.41000000000000003,2
finqa:test:109:b3d52a542d10,Qwen3-8B,0.0,1.0,1.0,0.44000000000000006,2
finqa:test:425:5426d6e97296,Qwen3-8B,0.0,0.0,0.0,0.42000000000000004,2
finqa:test:585:042570dd478a,Qwen3-8B,0.0,1.0,1.0,0.32999999999999996,2
finqa:test:528:d58a20661b08,Qwen3-8B,0.0,1.0,1.0,0.30999999999999994,2
finqa:test:948:d22b386b9f83,Qwen3-8B,1.0,1.0,0.0,0.4,2
finqa:test:214:6f187823dc70,DeepSeek-R1-0528-Qwen3-8B,0.0,0.0,0.0,0.03999999999999998,2
finqa:test:259:90f0aa221493,Qwen3-8B,1.0,1.0,0.0,0.27,2
finqa:test:906:ce19b9533be2,Qwen3-8B,1.0,1.0,0.0,0.2,2
finqa:test:501:f1ca367c85fa,Qwen3-8B,0.0,0.0,0.0,0.27,2
finqa:test:639:4ecf5e637b17,Qwen3-8B,1.0,1.0,0.0,0.26,2
finqa:test:196:c0581bfaa0e2,Qwen3-8B,1.0,1.0,0.0,0.21000000000000002,2
finqa:test:248:53a0c33648bc,Qwen3-8B,1.0,1.0,0.0,0.13,2
finqa:test:67:0f18aa4b2e75,Qwen3-8B,1.0,1.0,0.0,0.14,2
finqa:test:36:b42b6cb2796b,Qwen3-8B,0.0,0.0,0.0,0.21,2
finqa:test:481:21fef42386c7,Qwen3-8B,1.0,1.0,0.0,0.32999999999999996,2
finqa:test:372:0f66e1a542ca,Qwen3-8B,1.0,1.0,0.0,0.29000000000000004,2
finqa:test:977:9a84aab3614a,Qwen3-8B,1.0,1.0,0.0,0.18999999999999997,2
finqa:test:627:224a276fc1dd,Qwen3-8B,1.0,1.0,0.0,0.26,2
finqa:test:990:37b67e30159b,Qwen3-8B,1.0,1.0,0.0,0.27,2
finqa:test:249:581f770b4837,Qwen3-8B,1.0,1.0,0.0,0.22,2
finqa:test:888:81cc89cc5dd7,Qwen3-8B,1.0,1.0,0.0,0.41000000000000003,2
finqa:test:373:8b8319d37f3a,Qwen3-8B,0.0,1.0,1.0,0.21000000000000002,2
finqa:test:811:e8918efc9d6d,Qwen3-8B,1.0,1.0,0.0,0.4,2
finqa:test:546:0b848652c6bf,Qwen3-8B,1.0,1.0,0.0,0.26,2
finqa:test:755:c2be07845750,Qwen3-8B,1.0,1.0,0.0,0.28,2
finqa:test:730:e85b937a712b,Qwen3-8B,0.0,1.0,1.0,0.44000000000000006,2
finqa:test:936:1235dc306f24,Qwen3-8B,1.0,1.0,0.0,0.43999999999999995,2
finqa:test:1146:5bb8d4fdb491,Qwen3-8B,1.0,1.0,0.0,0.22999999999999998,2
finqa:test:1121:a76cefe6d642,Qwen3-8B,1.0,1.0,0.0,0.14999999999999997,2
finqa:test:101:7ed364b91487,Qwen3-8B,1.0,1.0,0.0,0.08000000000000002,2
finqa:test:328:0cda76cf4b2d,Qwen3-8B,1.0,1.0,0.0,0.23999999999999996,2
finqa:test:431:5579109c3dae,Qwen3-8B,1.0,1.0,0.0,0.44999999999999996,2
finqa:test:1043:20f6b3c248bf,Qwen3-8B,1.0,1.0,0.0,0.16,2
finqa:test:917:c587c695e6b7,Qwen3-8B,1.0,1.0,0.0,0.18,2
finqa:test:757:5792ddc82552,Qwen3-8B,1.0,1.0,0.0,0.15000000000000002,2
finqa:test:168:864a7a4980d9,Qwen3-8B,1.0,1.0,0.0,0.36,2
finqa:test:867:b8994a95a7b4,Qwen3-8B,1.0,1.0,0.0,0.28,2
finqa:test:272:1f2050acb255,Qwen3-8B,1.0,1.0,0.0,0.33999999999999997,2
finqa:test:843:98e80be956a0,Qwen3-8B,0.0,1.0,1.0,0.22999999999999998,2
finqa:test:969:a9a33a208e7a,Qwen3-8B,1.0,1.0,0.0,0.29999999999999993,2
finqa:test:980:0d2cb8bab32d,Qwen3-8B,1.0,1.0,0.0,0.31000000000000005,2
finqa:test:599:f9ddfc78e4b9,Qwen3-8B,1.0,1.0,0.0,0.24,2
finqa:test:840:12c4170071fb,Qwen3-8B,1.0,1.0,0.0,0.29000000000000004,2
finqa:test:1091:bcd63a171ddb,Qwen3-8B,1.0,1.0,0.0,0.21,2
finqa:test:8:b571bd49b594,Qwen3-8B,1.0,1.0,0.0,0.4,2
finqa:test:686:fa92fe2502d8,Qwen3-8B,1.0,1.0,0.0,0.24999999999999997,2
finqa:test:544:bf51d000a49b,Qwen3-8B,1.0,1.0,0.0,0.21,2
finqa:test:765:84eaba028639,Qwen3-8B,1.0,1.0,0.0,0.30999999999999994,2
gpqa:test:57:299c83f78042,Qwen3-8B,1.0,1.0,0.0,0.16,2
gpqa:test:56:229ffbdb7744,Qwen3-8B,1.0,1.0,0.0,0.22999999999999998,2
gpqa:test:169:82307487fded,Qwen3-8B,1.0,1.0,0.0,0.2,2
gpqa:test:154:924a0905a1e9,Qwen3-8B,0.0,1.0,1.0,0.07999999999999996,2
gpqa:test:193:bb309e44424b,Qwen3-8B,0.0,1.0,1.0,0.25,2
gpqa:test:63:69bea4e78bb8,Qwen3-8B,1.0,1.0,0.0,0.19000000000000003,2
gpqa:test:37:58c1066ee297,Qwen3-8B,0.0,1.0,1.0,0.07999999999999996,2
gpqa:test:173:43af6d115970,Qwen3-8B,1.0,1.0,0.0,0.22999999999999998,2
gpqa:test:52:20d48d5f0a9a,Qwen3-8B,1.0,1.0,0.0,0.18000000000000002,2
gpqa:test:140:14a2ed1ddcec,Qwen3-8B,0.0,1.0,1.0,0.20999999999999996,2
gpqa:test:86:ebbe6c177254,Qwen3-8B,0.0,1.0,1.0,0.13,2
gpqa:test:163:65db6ef4b562,Qwen3-8B,0.0,0.0,0.0,0.26,2
gpqa:test:174:b09a46c2f69f,Qwen3-8B,1.0,1.0,0.0,0.31,2
gpqa:test:195:35cf9161cc3c,Qwen3-8B,1.0,1.0,0.0,0.31999999999999995,2
gpqa:test:189:d20446ccbbfc,DeepSeek-R1-0528-Qwen3-8B,0.0,1.0,1.0,0.02999999999999997,2
gpqa:test:45:7476fdb60f02,Qwen3-8B,1.0,1.0,0.0,0.4099999999999999,2
gpqa:test:62:1037e0c8b2c1,Qwen3-8B,0.0,1.0,1.0,0.12999999999999995,2
gpqa:test:172:e6fd9b7cea6c,Qwen3-8B,1.0,1.0,0.0,0.2,2
gpqa:test:93:93dc64abe172,Qwen3-8B,0.0,1.0,1.0,0.03,2
gpqa:test:20:0483d561b783,Qwen3-8B,1.0,1.0,0.0,0.07,2
gpqa:test:188:9ab5fff18dfa,Qwen3-8B,0.0,1.0,1.0,0.32999999999999996,2
gpqa:test:26:331ed7ca42cc,Qwen3-8B,0.0,1.0,1.0,0.06,2
gpqa:test:49:e2a619a0bc49,Qwen3-8B,0.0,1.0,1.0,0.03999999999999998,2
gpqa:test:192:2c08be31c31e,Qwen3-8B,1.0,1.0,0.0,0.44999999999999996,2
gpqa:test:75:1b136b051ea7,Qwen3-8B,0.0,1.0,1.0,0.010000000000000009,2
gpqa:test:71:cf500f5f0764,Qwen3-8B,1.0,1.0,0.0,0.27999999999999997,2
gpqa:test:50:bf1966fbd64a,Qwen3-8B,1.0,1.0,0.0,0.18,2
gpqa:test:67:7f9b4679645e,Qwen3-8B,1.0,1.0,0.0,0.18999999999999997,2
gpqa:test:43:4ea09b6f6020,Qwen3-8B,0.0,1.0,1.0,0.09999999999999998,2
gpqa:test:131:63014704ab15,Qwen3-8B,0.0,1.0,1.0,0.050000000000000044,2
gpqa:test:83:797be7099117,Qwen3-8B,1.0,1.0,0.0,0.25,2
gpqa:test:123:8b767f4e4dca,Qwen3-8B,1.0,1.0,0.0,0.41000000000000003,2
gpqa:test:68:f56f3f5d135d,Qwen3-8B,1.0,1.0,0.0,0.23,2
gpqa:test:110:bec48506a4fa,Qwen3-8B,1.0,1.0,0.0,0.16000000000000003,2
gpqa:test:94:836be405f3d0,Qwen3-8B,1.0,1.0,0.0,0.04999999999999999,2
gpqa:test:181:9519cc2c91ea,Qwen3-8B,0.0,1.0,1.0,0.15,2
gpqa:test:59:618551bfaaf7,Qwen3-8B,1.0,1.0,0.0,0.24,2
gpqa:test:84:045347c35e29,Qwen3-8B,1.0,1.0,0.0,0.24000000000000002,2
gpqa:test:48:665a08800fc0,Qwen3-8B,1.0,1.0,0.0,0.03999999999999998,2
gpqa:test:89:ade4d20d7daf,Qwen3-8B,0.0,1.0,1.0,0.06999999999999995,2
humaneval:test:111:4f15f1a46ef3,Qwen3-8B,1.0,1.0,0.0,0.45,2
humaneval:test:62:673e992d9182,Qwen3-8B,1.0,1.0,0.0,0.24,2
humaneval:test:21:49a21dc7312e,Qwen3-8B,0.0,1.0,1.0,0.41,2
humaneval:test:28:46c7aa6397ad,Qwen3-8B,1.0,1.0,0.0,0.35,2
humaneval:test:76:e5bfe304fe60,Qwen3-8B,0.0,1.0,1.0,0.44999999999999996,2
humaneval:test:20:e61ddd9fbdb1,Qwen3-8B,0.0,1.0,1.0,0.5599999999999999,2
humaneval:test:70:bdf6223714b1,Qwen3-8B,1.0,1.0,0.0,0.44,2
humaneval:test:105:e0e91741c350,Qwen3-8B,1.0,1.0,0.0,0.28,2
humaneval:test:13:732116797c2d,Qwen3-8B,1.0,1.0,0.0,0.37,2
humaneval:test:98:d198cb12ecda,Qwen3-8B,1.0,1.0,0.0,0.49,2
humaneval:test:33:d4ac933075a1,Qwen3-8B,0.0,1.0,1.0,0.54,2
humaneval:test:83:b6d6a7b1c9b5,Qwen3-8B,1.0,1.0,0.0,0.5,2
humaneval:test:125:eeceb1377b75,Qwen3-8B,0.0,1.0,1.0,0.33000000000000007,2
humaneval:test:107:32415af43dd4,Qwen3-8B,0.0,1.0,1.0,0.45,2
humaneval:test:128:334267fa6954,Qwen3-8B,0.0,1.0,1.0,0.53,2
humaneval:test:101:afbe85446949,Qwen3-8B,1.0,1.0,0.0,0.43,2
humaneval:test:156:8da57f7dcd5e,Qwen3-8B,0.0,1.0,1.0,0.39999999999999997,2
humaneval:test:153:397aea823d7b,Qwen3-8B,1.0,1.0,0.0,0.5,2
humaneval:test:158:ab47cd0184ce,Qwen3-8B,1.0,1.0,0.0,0.45999999999999996,2
humaneval:test:130:67e71e441cd9,Qwen3-8B,0.0,0.0,0.0,0.58,2
humaneval:test:149:91a5ae4d01bc,Qwen3-8B,1.0,1.0,0.0,0.22999999999999998,2
humaneval:test:49:67b1355a189e,Qwen3-8B,1.0,1.0,0.0,0.36,2
humaneval:test:145:dd64e983f232,Qwen3-8B,1.0,1.0,0.0,0.47,2
humaneval:test:45:c511492f6777,Qwen3-8B,0.0,1.0,1.0,0.41,2
humaneval:test:75:dce99ed1165d,Qwen3-8B,1.0,1.0,0.0,0.27,2
humaneval:test:151:3c229fa3145c,Qwen3-8B,1.0,1.0,0.0,0.5,2
humaneval:test:51:c61647d691ce,Qwen3-8B,0.0,1.0,1.0,0.36,2
humaneval:test:55:9ca62afb6890,Qwen3-8B,0.0,1.0,1.0,0.28,2
humaneval:test:103:38f49c0a4d51,Qwen3-8B,0.0,1.0,1.0,0.49,2
humaneval:test:1:a1a6f08c19cf,Qwen3-8B,1.0,1.0,0.0,0.38,2
humaneval:test:78:ce83e65fab56,Qwen3-8B,0.0,1.0,1.0,0.48,2
humaneval:test:66:4728b381ee8c,Qwen3-8B,1.0,1.0,0.0,0.35,2
humaneval:test:134:8846fa5573c4,Qwen3-8B,1.0,1.0,0.0,0.52,2
kandk:test:314:93dae72bdd90,Qwen3-8B,1.0,1.0,0.0,0.17,2
kandk:test:250:38cf127580e7,Qwen3-8B,1.0,1.0,0.0,0.08000000000000002,2
kandk:test:504:ae438423d7ed,Qwen3-8B,1.0,1.0,0.0,0.04999999999999999,2
kandk:test:621:a7ffe38839ed,Qwen3-8B,1.0,1.0,0.0,0.20000000000000004,2
kandk:test:442:7a154e3cea2f,Qwen3-8B,1.0,1.0,0.0,0.16,2
kandk:test:649:ccb9a2ec1a88,Qwen3-8B,0.0,1.0,1.0,0.09999999999999998,2
kandk:test:559:0c70d26d3457,Qwen3-8B,1.0,1.0,0.0,0.04999999999999999,2
kandk:test:424:e3e5cae15541,Qwen3-8B,1.0,1.0,0.0,0.13999999999999999,2
kandk:test:47:eb0c491f7c24,Qwen3-8B,1.0,1.0,0.0,0.030000000000000027,2
kandk:test:356:5ecc27fe4a07,Qwen3-8B,1.0,1.0,0.0,0.04999999999999999,2
kandk:test:136:0926c5abda29,Qwen3-8B,1.0,1.0,0.0,0.010000000000000009,2
kandk:test:668:e5d368eeb3e2,Qwen3-8B,0.0,1.0,1.0,0.13,2
kandk:test:81:e3d691253ce5,Intern-S1-mini,1.0,1.0,0.0,0.020000000000000018,2
kandk:test:239:4cd3139a393d,Qwen3-8B,1.0,1.0,0.0,0.03999999999999998,2
kandk:test:221:8004fc217abc,Qwen3-8B,1.0,1.0,0.0,0.020000000000000018,2
kandk:test:444:a83646d663f9,Qwen3-8B,1.0,1.0,0.0,0.12999999999999998,2
kandk:test:140:dc5c24e83aab,Intern-S1-mini,0.0,1.0,1.0,0.010000000000000009,2
kandk:test:696:acee53493b2a,Qwen3-8B,1.0,1.0,0.0,0.16,2
kandk:test:64:c2eb2f7bfcfa,Qwen3-8B,0.0,1.0,1.0,0.07,2
kandk:test:172:2bb691687a75,Qwen3-8B,0.0,1.0,1.0,0.030000000000000027,2
kandk:test:330:87e4cea7aa4c,Qwen3-8B,0.0,1.0,1.0,0.12000000000000002,2
kandk:test:6:70d25eda6f22,Qwen3-8B,0.0,1.0,1.0,0.040000000000000036,2
kandk:test:320:52b4f0aebf8c,Intern-S1-mini,1.0,1.0,0.0,0.010000000000000009,2
kandk:test:220:cdb65e12d020,Qwen3-8B,1.0,1.0,0.0,0.06,2
kandk:test:434:3c12bc2f2b40,Qwen3-8B,1.0,1.0,0.0,0.07999999999999996,2
kandk:test:461:4eacfacda17e,Qwen3-8B,0.0,1.0,1.0,0.040000000000000036,2
kandk:test:267:d58c66a8d674,Qwen3-8B,1.0,1.0,0.0,0.07,2
kandk:test:319:e451f490e03f,Qwen3-8B,1.0,1.0,0.0,0.03999999999999998,2
kandk:test:211:d2f2f912ce3d,Qwen3-8B,1.0,1.0,0.0,0.09000000000000002,2
kandk:test:604:9be57df04ea7,Qwen3-8B,1.0,1.0,0.0,0.10000000000000003,2
kandk:test:312:16176f8701ab,Qwen3-8B,1.0,1.0,0.0,0.020000000000000018,2
kandk:test:432:c7f88107853e,Qwen3-8B,0.0,1.0,1.0,0.06,2
kandk:test:389:b67c607e192f,Qwen3-8B,1.0,1.0,0.0,0.12,2
kandk:test:94:232704b601b7,Qwen3-8B,1.0,1.0,0.0,0.019999999999999962,2
kandk:test:544:037c33bb5265,Qwen3-8B,0.0,1.0,1.0,0.15,2
kandk:test:170:f53f87d05b5a,Intern-S1-mini,1.0,1.0,0.0,0.050000000000000044,2
kandk:test:602:4068fd98b443,Qwen3-8B,0.0,1.0,1.0,0.17,2
kandk:test:12:50a8a9c47ab3,Intern-S1-mini,0.0,1.0,1.0,0.010000000000000009,2
kandk:test:96:10fdb8e04883,Intern-S1-mini,1.0,1.0,0.0,0.010000000000000009,2
kandk:test:228:d64fd14f9006,Qwen3-8B,1.0,1.0,0.0,0.09000000000000002,2
kandk:test:370:185adc44d745,Qwen3-8B,1.0,1.0,0.0,0.08000000000000002,2
kandk:test:530:8135a2e82aac,Qwen3-8B,1.0,1.0,0.0,0.16,2
kandk:test:51:7ed797224022,Intern-S1-mini,1.0,1.0,0.0,0.020000000000000018,2
kandk:test:260:86a87a749273,Qwen3-8B,1.0,1.0,0.0,0.010000000000000009,2
kandk:test:36:7f7a8e7c97fd,Intern-S1-mini,1.0,1.0,0.0,0.030000000000000027,2
kandk:test:349:0a392665b8e0,Qwen3-8B,1.0,1.0,0.0,0.08999999999999997,2
kandk:test:645:ef0b956b1aff,Qwen3-8B,0.0,1.0,1.0,0.020000000000000018,2
kandk:test:272:2bd9fe9c6229,Qwen3-8B,0.0,1.0,1.0,0.11000000000000004,2
kandk:test:357:02acf6dd2299,Qwen3-8B,1.0,1.0,0.0,0.08000000000000002,2
kandk:test:386:7d481043f907,Qwen3-8B,1.0,1.0,0.0,0.040000000000000036,2
kandk:test:176:46a40a64fa01,Intern-S1-mini,0.0,1.0,1.0,0.040000000000000036,2
kandk:test:458:18723fb044ad,Qwen3-8B,1.0,1.0,0.0,0.07,2
kandk:test:400:1883d5fee201,Intern-S1-mini,1.0,1.0,0.0,0.010000000000000009,2
kandk:test:675:2af6e699583e,Qwen3-8B,1.0,1.0,0.0,0.19,2
kandk:test:616:bfec2eb7afb9,Qwen3-8B,1.0,1.0,0.0,0.04999999999999999,2
kandk:test:476:a495d99ce5fa,Qwen3-8B,1.0,1.0,0.0,0.17,2
kandk:test:536:c363d6cbbf9a,Qwen3-8B,1.0,1.0,0.0,0.18000000000000002,2
kandk:test:324:beced30fa0e4,Qwen3-8B,0.0,1.0,1.0,0.09000000000000002,2
kandk:test:593:ce2378047d0a,Qwen3-8B,1.0,1.0,0.0,0.12999999999999998,2
kandk:test:492:b244a6ca4ec6,Qwen3-8B,1.0,1.0,0.0,0.08000000000000002,2
kandk:test:144:a9b58840aceb,Qwen3-8B,1.0,1.0,0.0,0.04999999999999999,2
kandk:test:195:a6efc6b0418f,Qwen3-8B,1.0,1.0,0.0,0.10999999999999999,2
kandk:test:643:17fdf4a56e87,Qwen3-8B,1.0,1.0,0.0,0.1,2
kandk:test:655:f3069f7d53f1,Qwen3-8B,0.0,1.0,1.0,0.12999999999999998,2
kandk:test:590:6dde8b30e469,Qwen3-8B,0.0,1.0,1.0,0.10999999999999999,2
kandk:test:273:95f4d15c987a,Qwen3-8B,0.0,1.0,1.0,0.030000000000000027,2
kandk:test:658:2e05458cef5a,Qwen3-8B,1.0,1.0,0.0,0.13999999999999999,2
kandk:test:406:eb0be7ab28d3,Qwen3-8B,1.0,1.0,0.0,0.17,2
kandk:test:212:53f952d19474,Qwen3-8B,1.0,1.0,0.0,0.04999999999999999,2
kandk:test:1:07bfbd12f64f,Intern-S1-mini,1.0,1.0,0.0,0.020000000000000018,2
kandk:test:666:ad5ace5ce585,Qwen3-8B,1.0,1.0,0.0,0.13999999999999999,2
kandk:test:196:a34f968ea6c7,Qwen3-8B,1.0,1.0,0.0,0.04999999999999999,2
kandk:test:175:b0585255c48c,Qwen3-8B,1.0,1.0,0.0,0.06999999999999995,2
kandk:test:160:ffc121b73fad,Qwen3-8B,1.0,1.0,0.0,0.020000000000000018,2
kandk:test:574:088969f4b803,Qwen3-8B,1.0,1.0,0.0,0.06,2
kandk:test:110:8b1cde90366a,Qwen3-8B,1.0,1.0,0.0,0.020000000000000018,2
kandk:test:648:176d6bf65e4f,Qwen3-8B,1.0,1.0,0.0,0.11000000000000004,2
kandk:test:119:894f1bc001fc,Intern-S1-mini,1.0,1.0,0.0,0.010000000000000009,2
kandk:test:684:c1383bbb9d8b,Qwen3-8B,1.0,1.0,0.0,0.19999999999999998,2
kandk:test:540:532622e2d06d,Intern-S1-mini,1.0,1.0,0.0,0.010000000000000009,2
kandk:test:103:965beb2643e0,Intern-S1-mini,0.0,1.0,1.0,0.020000000000000018,2
kandk:test:498:5b01806089b0,Qwen3-8B,1.0,1.0,0.0,0.17,2
kandk:test:165:32fb73302a9c,Intern-S1-mini,1.0,1.0,0.0,0.050000000000000044,2
kandk:test:55:429b008204ee,Intern-S1-mini,1.0,1.0,0.0,0.010000000000000009,2
kandk:test:198:a52e597e515d,Intern-S1-mini,1.0,1.0,0.0,0.04999999999999999,2
kandk:test:368:12b27f2b96f4,Qwen3-8B,0.0,1.0,1.0,0.09999999999999998,2
kandk:test:618:df6f49b64cc4,Qwen3-8B,1.0,1.0,0.0,0.19000000000000003,2
kandk:test:286:e390b7100b09,Qwen3-8B,1.0,1.0,0.0,0.0,2
kandk:test:587:4c06161d5486,Qwen3-8B,1.0,1.0,0.0,0.17,2
kandk:test:182:aa4aac791562,Intern-S1-mini,0.0,0.0,0.0,0.0,2
kandk:test:467:c6577e8d5d15,Qwen3-8B,1.0,1.0,0.0,0.08000000000000002,2
kandk:test:697:0bdfb7fe687e,Qwen3-8B,1.0,1.0,0.0,0.12,2
kandk:test:395:53a770b5b60e,Qwen3-8B,1.0,1.0,0.0,0.07999999999999996,2
kandk:test:107:8d5693d49f48,Intern-S1-mini,1.0,1.0,0.0,0.06000000000000005,2
kandk:test:583:1ab4c3a3160c,Qwen3-8B,1.0,1.0,0.0,0.15,2
kandk:test:399:b04d3f090005,Qwen3-8B,1.0,1.0,0.0,0.040000000000000036,2
kandk:test:317:061d3b90caaf,Qwen3-8B,1.0,1.0,0.0,0.03999999999999998,2
kandk:test:690:4ce0051796c2,Qwen3-8B,1.0,1.0,0.0,0.16,2
kandk:test:570:6c4229978544,Qwen3-8B,1.0,1.0,0.0,0.12999999999999998,2
kandk:test:393:caaa034b7270,Qwen3-8B,1.0,1.0,0.0,0.010000000000000009,2
kandk:test:326:87ae0117fb16,Qwen3-8B,1.0,1.0,0.0,0.16,2
kandk:test:302:432de32e2af8,Qwen3-8B,1.0,1.0,0.0,0.06,2
kandk:test:611:ee07de7e2242,Qwen3-8B,1.0,1.0,0.0,0.12,2
kandk:test:26:84312e029e81,Intern-S1-mini,1.0,1.0,0.0,0.040000000000000036,2
kandk:test:125:5fb467c9a0d1,Intern-S1-mini,1.0,1.0,0.0,0.07999999999999996,2
kandk:test:193:0078482b655a,Qwen3-8B,1.0,1.0,0.0,0.04999999999999999,2
kandk:test:86:e4abad33a7f5,Qwen3-8B,0.0,1.0,1.0,0.020000000000000018,2
kandk:test:293:ff5ce7970663,Qwen3-8B,0.0,1.0,1.0,0.020000000000000018,2
kandk:test:381:9d58ffd63567,Qwen3-8B,1.0,1.0,0.0,0.07,2
kandk:test:385:f5b5e4a2e4c7,Qwen3-8B,1.0,1.0,0.0,0.07,2
kandk:test:388:c92ad0d8df73,Qwen3-8B,1.0,1.0,0.0,0.07,2
kandk:test:60:13df0035cb7f,Qwen3-8B,1.0,1.0,0.0,0.04999999999999999,2
kandk:test:669:8b99bc1b0831,Qwen3-8B,1.0,1.0,0.0,0.16,2
kandk:test:303:799c06736bef,Qwen3-8B,1.0,1.0,0.0,0.10999999999999999,2
kandk:test:491:fd1100088945,Qwen3-8B,1.0,1.0,0.0,0.09000000000000002,2
kandk:test:10:51d421e70edd,Qwen3-8B,0.0,1.0,1.0,0.06,2
kandk:test:203:a2ebcbc20d4d,Qwen3-8B,1.0,1.0,0.0,0.06000000000000005,2
kandk:test:450:70aefb223936,Qwen3-8B,1.0,1.0,0.0,0.09000000000000002,2
kandk:test:438:98d57673f04e,Qwen3-8B,0.0,1.0,1.0,0.09999999999999998,2
kandk:test:375:6fcd373fdfa2,Qwen3-8B,1.0,1.0,0.0,0.07,2
kandk:test:217:55873b085bd1,Qwen3-8B,0.0,1.0,1.0,0.07,2
kandk:test:470:a89968b9a656,Qwen3-8B,1.0,1.0,0.0,0.17,2
kandk:test:336:d47ac5818cfb,Qwen3-8B,1.0,1.0,0.0,0.07,2
kandk:test:601:b192e4b82ee3,Qwen3-8B,1.0,1.0,0.0,0.12,2
kandk:test:490:c152ea821240,Qwen3-8B,0.0,1.0,1.0,0.07,2
kandk:test:126:0eab67a5c42f,Qwen3-8B,1.0,1.0,0.0,0.09000000000000002,2
kandk:test:285:e8794fe6cc81,Intern-S1-mini,1.0,1.0,0.0,0.020000000000000018,2
kandk:test:548:5298417998a9,Qwen3-8B,1.0,1.0,0.0,0.010000000000000009,2
kandk:test:523:b1e20755bb63,Qwen3-8B,1.0,1.0,0.0,0.11000000000000001,2
kandk:test:262:71e80e201462,Qwen3-8B,1.0,1.0,0.0,0.020000000000000018,2
kandk:test:664:ff5064b0a80a,Qwen3-8B,0.0,1.0,1.0,0.13999999999999999,2
kandk:test:560:a49b7a78aa68,Qwen3-8B,1.0,1.0,0.0,0.07999999999999996,2
kandk:test:567:2ac6c3d6bda6,Qwen3-8B,1.0,1.0,0.0,0.16,2
kandk:test:31:f13e3c212d71,Qwen3-8B,1.0,1.0,0.0,0.040000000000000036,2
kandk:test:550:bbff3f6fe915,Qwen3-8B,1.0,1.0,0.0,0.06,2
kandk:test:88:8067e6ba9d7a,Intern-S1-mini,1.0,1.0,0.0,0.020000000000000018,2
kandk:test:674:ac4e6e3902de,Qwen3-8B,1.0,1.0,0.0,0.11000000000000001,2
kandk:test:480:f2ecc6c91ccd,Qwen3-8B,1.0,1.0,0.0,0.10000000000000003,2
kandk:test:235:393cf7cc74e7,Qwen3-8B,1.0,1.0,0.0,0.010000000000000009,2
kandk:test:73:650f467556ba,Intern-S1-mini,1.0,1.0,0.0,0.020000000000000018,2
korbench:test:776:b1bce6266087,Qwen3-8B,1.0,1.0,0.0,0.07999999999999996,2
korbench:test:1100:8b9ceeda51f6,Qwen3-8B,0.0,1.0,1.0,0.06,2
korbench:test:1224:61fd4128f76f,Qwen3-8B,1.0,1.0,0.0,0.12,2
korbench:test:541:74c925799512,Qwen3-8B,1.0,1.0,0.0,0.48,2
korbench:test:582:cd9400496284,Qwen3-8B,0.0,1.0,1.0,0.65,2
korbench:test:914:27804a8da148,Qwen3-8B,0.0,0.0,0.0,0.0,2
korbench:test:1174:62d1bcf92869,Intern-S1-mini,1.0,1.0,0.0,0.030000000000000027,2
korbench:test:703:6f6329ec233d,Qwen3-8B,0.0,0.0,0.0,0.37,2
korbench:test:995:566abcd38eeb,Qwen3-8B,1.0,1.0,0.0,0.3,2
korbench:test:1032:90fe67253e39,Qwen3-8B,0.0,1.0,1.0,0.18999999999999997,2
korbench:test:103:134fea737563,Qwen3-8B,0.0,1.0,1.0,0.3,2
korbench:test:329:99e23ec8dc45,Qwen3-8B,1.0,1.0,0.0,0.66,2
korbench:test:972:b88a9f81901a,Qwen3-8B,1.0,1.0,0.0,0.06999999999999998,2
korbench:test:725:4d3e45d93227,Qwen3-8B,0.0,0.0,0.0,0.32999999999999996,2
korbench:test:645:0151012b5962,Qwen3-8B,0.0,0.0,0.0,0.44999999999999996,2
korbench:test:635:b35203c56859,Qwen3-8B,0.0,0.0,0.0,0.44999999999999996,2
korbench:test:1050:7d35a69e8bbe,Qwen3-8B,0.0,1.0,1.0,0.11999999999999997,2
korbench:test:1049:92772a83df2d,Qwen3-8B,0.0,0.0,0.0,0.17,2
korbench:test:61:1c222ae955e7,Qwen3-8B,1.0,1.0,0.0,0.37,2
korbench:test:287:c06f36796dd6,Qwen3-8B,1.0,1.0,0.0,0.53,2
korbench:test:932:170fac8dde3d,Qwen3-8B,1.0,1.0,0.0,0.25,2
korbench:test:179:425cff5d2c6b,Qwen3-8B,0.0,0.0,0.0,0.33999999999999997,2
korbench:test:1103:d33296d30249,Intern-S1-mini,0.0,1.0,1.0,0.02999999999999997,2
korbench:test:1011:fc0d85a20303,Intern-S1-mini,0.0,0.0,0.0,0.020000000000000018,2
korbench:test:466:5d5ce9e9b09e,Qwen3-8B,1.0,1.0,0.0,0.61,2
korbench:test:1231:64c4671626c2,Qwen3-8B,1.0,1.0,0.0,0.05000000000000002,2
korbench:test:1125:6b34040af281,Intern-S1-mini,0.0,1.0,1.0,0.2,2
korbench:test:335:c3c555fbad97,Qwen3-8B,1.0,1.0,0.0,0.48,2
korbench:test:375:a7679df06b49,Qwen3-8B,0.0,0.0,0.0,0.52,2
korbench:test:1055:8485a3906c85,Qwen3-8B,0.0,0.0,0.0,0.019999999999999962,2
korbench:test:783:99674fa9b90a,Qwen3-8B,1.0,1.0,0.0,0.25,2
korbench:test:727:c9e0c8fb166f,Qwen3-8B,0.0,0.0,0.0,0.37,2
korbench:test:203:86f626725471,Qwen3-8B,1.0,1.0,0.0,0.33,2
korbench:test:1099:2c804b5d9a78,Intern-S1-mini,1.0,1.0,0.0,0.04999999999999999,2
korbench:test:358:a92a85af0cb4,Qwen3-8B,1.0,1.0,0.0,0.51,2
korbench:test:529:baa278035690,Qwen3-8B,0.0,0.0,0.0,0.22,2
korbench:test:1159:1c7430bd432f,Qwen3-8B,0.0,0.0,0.0,0.04999999999999999,2
korbench:test:312:251733e6a535,Qwen3-8B,1.0,1.0,0.0,0.44999999999999996,2
korbench:test:62:7410384617e6,Qwen3-8B,1.0,1.0,0.0,0.29,2
korbench:test:619:68185055bac9,Qwen3-8B,0.0,0.0,0.0,0.45999999999999996,2
korbench:test:1102:a42f750c6be2,Intern-S1-mini,0.0,0.0,0.0,0.04999999999999999,2
korbench:test:1027:931adfc83d00,Qwen3-8B,0.0,0.0,0.0,0.09,2
korbench:test:504:734b9cae1445,Qwen3-8B,1.0,1.0,0.0,0.07999999999999999,2
korbench:test:509:6b8d287ba8d6,Qwen3-8B,0.0,0.0,0.0,0.15999999999999998,2
korbench:test:834:d1acbb15fb38,Qwen3-8B,1.0,1.0,0.0,0.18,2
korbench:test:1142:13f8237b784e,Intern-S1-mini,1.0,1.0,0.0,0.04999999999999999,2
korbench:test:11:0bb8847c2a2a,Qwen3-8B,1.0,1.0,0.0,0.39,2
korbench:test:931:6ae9d257b382,Qwen3-8B,1.0,1.0,0.0,0.24999999999999997,2
korbench:test:136:2a275425a40e,Qwen3-8B,1.0,1.0,0.0,0.43000000000000005,2
korbench:test:917:3e691a04b1f3,Qwen3-8B,0.0,1.0,1.0,0.12,2
korbench:test:553:ec9c94e99156,Qwen3-8B,0.0,1.0,1.0,0.12000000000000002,2
korbench:test:1087:5179a5d2ca1d,Qwen3-8B,0.0,1.0,1.0,0.11999999999999997,2
korbench:test:897:c199a5cbb06c,Qwen3-8B,1.0,1.0,0.0,0.06,2
korbench:test:40:b124a297dfed,Qwen3-8B,0.0,1.0,1.0,0.33999999999999997,2
korbench:test:537:6a175928353d,Qwen3-8B,0.0,1.0,1.0,0.28,2
korbench:test:1046:1aee3a26d67f,Intern-S1-mini,1.0,1.0,0.0,0.010000000000000009,2
korbench:test:38:cd37c6b86dac,Qwen3-8B,1.0,1.0,0.0,0.27999999999999997,2
korbench:test:363:01cf52e10c64,Qwen3-8B,0.0,1.0,1.0,0.49,2
korbench:test:808:251e411aaf25,Qwen3-8B,1.0,1.0,0.0,0.1,2
korbench:test:879:285aaa8068e7,Qwen3-8B,0.0,1.0,1.0,0.15000000000000002,2
korbench:test:63:1860b5fe601c,Qwen3-8B,0.0,1.0,1.0,0.32,2
korbench:test:988:ab751eb87144,Qwen3-8B,1.0,1.0,0.0,0.09000000000000002,2
korbench:test:601:dcb2cb1af657,Qwen3-8B,0.0,0.0,0.0,0.43999999999999995,2
korbench:test:260:d5cc70c00a32,Qwen3-8B,1.0,1.0,0.0,0.39,2
korbench:test:100:0658d826a887,Qwen3-8B,1.0,1.0,0.0,0.25,2
korbench:test:550:316751eafbf9,Qwen3-8B,0.0,1.0,1.0,0.4,2
korbench:test:796:570bde9d7454,Qwen3-8B,1.0,1.0,0.0,0.08999999999999997,2
korbench:test:1015:1695ad36f499,Qwen3-8B,1.0,1.0,0.0,0.020000000000000018,2
korbench:test:195:66264e5a48f4,Qwen3-8B,1.0,1.0,0.0,0.31,2
korbench:test:948:8a4bae78a663,Qwen3-8B,1.0,1.0,0.0,0.07999999999999999,2
korbench:test:369:c9bc23f000b1,Qwen3-8B,1.0,1.0,0.0,0.49,2
korbench:test:1033:4c505a6997c1,Qwen3-8B,1.0,1.0,0.0,0.13999999999999999,2
korbench:test:139:a8c42f36d999,Qwen3-8B,0.0,1.0,1.0,0.29000000000000004,2
korbench:test:124:a640ce4708c4,Qwen3-8B,0.0,1.0,1.0,0.25,2
korbench:test:320:9a0b017726e0,Qwen3-8B,0.0,1.0,1.0,0.51,2
korbench:test:308:ffdbee7e3ca7,Qwen3-8B,1.0,1.0,0.0,0.38,2
korbench:test:1228:7f5d3b069fc1,Qwen3-8B,1.0,1.0,0.0,0.09999999999999998,2
korbench:test:1115:0bef7547aae1,Qwen3-8B,1.0,1.0,0.0,0.010000000000000009,2
korbench:test:487:38a73e30bc07,Qwen3-8B,1.0,1.0,0.0,0.59,2
korbench:test:551:3897d2504351,Qwen3-8B,0.0,1.0,1.0,0.12999999999999998,2
korbench:test:692:393fbdf2c58e,Qwen3-8B,0.0,0.0,0.0,0.39,2
korbench:test:518:9a7c0fccc74c,Qwen3-8B,1.0,1.0,0.0,0.05999999999999997,2
korbench:test:1000:d92bc12ab421,Qwen3-8B,1.0,1.0,0.0,0.14,2
korbench:test:590:f3b9e702b7c3,Qwen3-8B,0.0,1.0,1.0,0.53,2
korbench:test:1230:44a3ba5ca6b2,Qwen3-8B,0.0,1.0,1.0,0.08000000000000004,2
korbench:test:4:f80ce99e0b3d,Qwen3-8B,1.0,1.0,0.0,0.35,2
korbench:test:417:8605489571d8,Qwen3-8B,1.0,1.0,0.0,0.61,2
korbench:test:300:6d7e0f95cfd8,Qwen3-8B,1.0,1.0,0.0,0.48,2
korbench:test:1116:b7c5ef4d4768,Intern-S1-mini,1.0,1.0,0.0,0.030000000000000027,2
korbench:test:1226:6e0ffdce6ab0,Qwen3-8B,1.0,1.0,0.0,0.01999999999999999,2
korbench:test:817:82e596f73518,Qwen3-8B,1.0,1.0,0.0,0.15000000000000002,2
korbench:test:591:e34d953c0f6b,Qwen3-8B,0.0,1.0,1.0,0.44999999999999996,2
korbench:test:982:e04c9f0d519c,Qwen3-8B,0.0,1.0,1.0,0.04999999999999999,2
korbench:test:23:dce5d1307c38,Qwen3-8B,1.0,1.0,0.0,0.33,2
korbench:test:1204:a32657b6b4c6,Qwen3-8B,1.0,1.0,0.0,0.04999999999999999,2
korbench:test:539:fe8d4103470e,Qwen3-8B,0.0,1.0,1.0,0.22999999999999998,2
korbench:test:546:efd8e99bc1fd,Qwen3-8B,0.0,0.0,0.0,0.32,2
korbench:test:969:54fb60e377cd,DeepSeek-R1-0528-Qwen3-8B,1.0,1.0,0.0,0.0,2
korbench:test:1069:94c9594a3793,Qwen3-8B,0.0,0.0,0.0,0.25,2
korbench:test:297:15d6b12b0dfb,Qwen3-8B,1.0,1.0,0.0,0.5,2
korbench:test:1218:3d3772eedcd5,Qwen3-8B,1.0,1.0,0.0,0.019999999999999962,2
korbench:test:845:be689b3a2212,Qwen3-8B,1.0,1.0,0.0,0.26,2
korbench:test:274:169e5b22e398,Qwen3-8B,1.0,1.0,0.0,0.52,2
korbench:test:563:3eb6de91172a,Qwen3-8B,0.0,0.0,0.0,0.13,2
korbench:test:1126:e9b9a6bff4d3,Qwen3-8B,1.0,1.0,0.0,0.07,2
korbench:test:569:6bbfe080a82a,Qwen3-8B,0.0,0.0,0.0,0.21,2
korbench:test:129:51bc74a87554,Qwen3-8B,0.0,1.0,1.0,0.35,2
korbench:test:559:064da8746558,Qwen3-8B,0.0,0.0,0.0,0.17999999999999997,2
korbench:test:1246:14818a2da6fc,Qwen3-8B,1.0,1.0,0.0,0.12,2
korbench:test:492:fdbd1a863f1f,Qwen3-8B,1.0,1.0,0.0,0.55,2
korbench:test:545:bd1c1e95f38e,Qwen3-8B,1.0,1.0,0.0,0.42000000000000004,2
korbench:test:581:f6fa671113a4,Qwen3-8B,0.0,1.0,1.0,0.61,2
korbench:test:238:6ae6b98db99b,Qwen3-8B,1.0,1.0,0.0,0.30000000000000004,2
korbench:test:465:50fd752fb6fe,Qwen3-8B,0.0,0.0,0.0,0.65,2
korbench:test:633:ddd0d93ecc16,Qwen3-8B,0.0,0.0,0.0,0.48,2
korbench:test:450:a2ba15438c5e,Qwen3-8B,1.0,1.0,0.0,0.42999999999999994,2
korbench:test:148:dcd18a1d8d47,Qwen3-8B,1.0,1.0,0.0,0.24,2
korbench:test:150:bc3be807dc7e,Qwen3-8B,0.0,1.0,1.0,0.27,2
korbench:test:813:c5d676349504,Qwen3-8B,1.0,1.0,0.0,0.11000000000000001,2
korbench:test:1203:23f93b578260,Qwen3-8B,1.0,1.0,0.0,0.09000000000000002,2
korbench:test:670:024f70ad5b34,Qwen3-8B,0.0,0.0,0.0,0.4,2
korbench:test:1151:b6ccc2a512c9,Qwen3-8B,1.0,1.0,0.0,0.03999999999999998,2
korbench:test:854:a2af595cfb7b,Qwen3-8B,1.0,1.0,0.0,0.3,2
korbench:test:609:acdf11e3d985,Qwen3-8B,0.0,1.0,1.0,0.42000000000000004,2
korbench:test:14:0fd688c8df95,Qwen3-8B,1.0,1.0,0.0,0.38,2
korbench:test:289:53b2381c7bb1,Qwen3-8B,0.0,1.0,1.0,0.39,2
korbench:test:468:6c88037f54e4,Qwen3-8B,0.0,0.0,0.0,0.51,2
korbench:test:820:2d40319a6493,Qwen3-8B,1.0,1.0,0.0,0.2,2
korbench:test:519:ab0cec81c660,Qwen3-8B,0.0,1.0,1.0,0.04000000000000001,2
korbench:test:739:8a044c008d7b,Qwen3-8B,1.0,1.0,0.0,0.26,2
korbench:test:921:4154ca6d934f,Qwen3-8B,1.0,1.0,0.0,0.18999999999999997,2
korbench:test:974:b49795fab6bc,Qwen3-8B,1.0,1.0,0.0,0.07999999999999999,2
korbench:test:814:3796e242a6d1,Qwen3-8B,1.0,1.0,0.0,0.09,2
korbench:test:1160:f7e2b3e17153,Qwen3-8B,0.0,0.0,0.0,0.020000000000000018,2
korbench:test:805:f4285dfa6748,Qwen3-8B,1.0,1.0,0.0,0.040000000000000036,2
korbench:test:434:88e1d37dc8ff,Qwen3-8B,1.0,1.0,0.0,0.55,2
korbench:test:402:d9dbd65506b6,Qwen3-8B,0.0,0.0,0.0,0.64,2
korbench:test:949:a73357eb24c8,Qwen3-8B,1.0,1.0,0.0,0.15,2
korbench:test:1076:348eef63098c,Qwen3-8B,1.0,1.0,0.0,0.04999999999999999,2
korbench:test:48:8e8bd4f5cadc,Qwen3-8B,1.0,1.0,0.0,0.3,2
korbench:test:617:f867cc780c31,Qwen3-8B,0.0,1.0,1.0,0.42999999999999994,2
korbench:test:495:845e121f94eb,Qwen3-8B,1.0,1.0,0.0,0.49,2
korbench:test:126:a910d4667279,Qwen3-8B,0.0,1.0,1.0,0.22,2
korbench:test:398:8c7d217ecdb6,Qwen3-8B,0.0,1.0,1.0,0.5800000000000001,2
korbench:test:277:6fa1cbfa777f,Qwen3-8B,1.0,1.0,0.0,0.52,2
korbench:test:1171:946ed5b4f161,Intern-S1-mini,1.0,1.0,0.0,0.009999999999999953,2
korbench:test:849:96a0fb17cfc0,Qwen3-8B,1.0,1.0,0.0,0.09999999999999998,2
korbench:test:282:8ece5205f4e2,Qwen3-8B,0.0,1.0,1.0,0.53,2
korbench:test:890:940309a8cbf8,Qwen3-8B,1.0,1.0,0.0,0.03,2
korbench:test:781:c303211d4126,Qwen3-8B,1.0,1.0,0.0,0.16999999999999998,2
korbench:test:993:7a8ebc59b443,Qwen3-8B,1.0,1.0,0.0,0.11999999999999997,2
korbench:test:1205:90440e3840c3,Qwen3-8B,1.0,1.0,0.0,0.08000000000000002,2
korbench:test:1145:b5581c4ca2d3,Intern-S1-mini,1.0,1.0,0.0,0.13999999999999996,2
korbench:test:641:8c59d474cecb,Qwen3-8B,0.0,0.0,0.0,0.48,2
korbench:test:860:d244483d0a0e,Qwen3-8B,1.0,1.0,0.0,0.009999999999999953,2
korbench:test:339:64c39751181b,Qwen3-8B,1.0,1.0,0.0,0.58,2
korbench:test:1232:48a4b97c73e9,Qwen3-8B,1.0,1.0,0.0,0.08000000000000002,2
korbench:test:955:6e7183159594,Qwen3-8B,1.0,1.0,0.0,0.020000000000000018,2
korbench:test:538:1c3674119469,Qwen3-8B,0.0,0.0,0.0,0.21999999999999997,2
korbench:test:1184:79e34118ebc7,Qwen3-8B,0.0,1.0,1.0,0.15,2
korbench:test:887:806c43aedd07,Qwen3-8B,1.0,1.0,0.0,0.08000000000000002,2
korbench:test:1131:f9bccf764104,Qwen3-8B,1.0,1.0,0.0,0.22999999999999998,2
korbench:test:281:d565003f52ec,Qwen3-8B,0.0,1.0,1.0,0.52,2
korbench:test:744:78974509bafb,Qwen3-8B,0.0,1.0,1.0,0.36,2
korbench:test:683:6a017b1c61a3,Qwen3-8B,0.0,0.0,0.0,0.31000000000000005,2
korbench:test:222:d75bf32e6c78,Qwen3-8B,1.0,1.0,0.0,0.36,2
korbench:test:286:ce113640894c,Qwen3-8B,1.0,1.0,0.0,0.38,2
korbench:test:164:3e622873c9dc,Qwen3-8B,0.0,1.0,1.0,0.26,2
korbench:test:812:25444d7f9526,Qwen3-8B,1.0,1.0,0.0,0.21999999999999997,2
korbench:test:1072:3afea0405e07,Qwen3-8B,1.0,1.0,0.0,0.19999999999999998,2
korbench:test:453:fccd40a43128,Qwen3-8B,1.0,1.0,0.0,0.65,2
korbench:test:290:6d1f95e6c3f4,Qwen3-8B,1.0,1.0,0.0,0.5,2
korbench:test:1217:9ef72ea6040c,Qwen3-8B,1.0,1.0,0.0,0.12000000000000002,2
korbench:test:68:f240d32295bb,Qwen3-8B,0.0,1.0,1.0,0.24000000000000002,2
korbench:test:270:5db4252bc142,Qwen3-8B,1.0,1.0,0.0,0.52,2
korbench:test:749:b130e580eda2,Qwen3-8B,0.0,0.0,0.0,0.43000000000000005,2
korbench:test:464:3942a7fdae62,Qwen3-8B,0.0,0.0,0.0,0.61,2
korbench:test:216:4a9af847f3d1,Qwen3-8B,0.0,1.0,1.0,0.35,2
korbench:test:800:2843b8d044f7,Qwen3-8B,1.0,1.0,0.0,0.11000000000000001,2
korbench:test:1019:8ef5c3a3cb2f,Qwen3-8B,1.0,1.0,0.0,0.17,2
korbench:test:660:60cf162b304d,Qwen3-8B,0.0,0.0,0.0,0.5,2
korbench:test:1212:3ed2bcf8a922,Intern-S1-mini,1.0,1.0,0.0,0.0,2
korbench:test:1101:4f095c69f550,Intern-S1-mini,0.0,0.0,0.0,0.03999999999999998,2
korbench:test:613:d8f8570150e4,Qwen3-8B,0.0,1.0,1.0,0.42999999999999994,2
korbench:test:958:631187da33a7,Qwen3-8B,1.0,1.0,0.0,0.06000000000000005,2
korbench:test:70:55d3f779f6cd,Qwen3-8B,1.0,1.0,0.0,0.30000000000000004,2
korbench:test:693:4966782e19db,Qwen3-8B,0.0,0.0,0.0,0.37,2
korbench:test:928:5547aa25516f,Qwen3-8B,1.0,1.0,0.0,0.10999999999999999,2
korbench:test:242:0afbe3e24272,Qwen3-8B,1.0,1.0,0.0,0.32999999999999996,2
korbench:test:907:37ef993b2a67,Qwen3-8B,1.0,1.0,0.0,0.07999999999999996,2
korbench:test:1234:bfca6ad5cd80,Qwen3-8B,1.0,1.0,0.0,0.17,2
korbench:test:973:20bad1953940,Qwen3-8B,1.0,1.0,0.0,0.15,2
korbench:test:435:af9c8d36c9f2,Qwen3-8B,1.0,1.0,0.0,0.45999999999999996,2
korbench:test:88:3fa44007a5d5,Qwen3-8B,1.0,1.0,0.0,0.22,2
korbench:test:1220:426d39c843da,Qwen3-8B,1.0,1.0,0.0,0.04999999999999999,2
korbench:test:743:031c5df226b7,Qwen3-8B,0.0,1.0,1.0,0.39,2
korbench:test:1188:d16f3e776154,Qwen3-8B,0.0,1.0,1.0,0.08999999999999997,2
korbench:test:1001:86bc7a5d3cc7,Qwen3-8B,0.0,1.0,1.0,0.07,2
korbench:test:400:341efdeff356,Qwen3-8B,1.0,1.0,0.0,0.5,2
korbench:test:1016:e0e944ddaaaf,Qwen3-8B,0.0,1.0,1.0,0.11999999999999997,2
korbench:test:193:8706b00172df,Qwen3-8B,0.0,1.0,1.0,0.26,2
korbench:test:1064:3d2693bce77e,Qwen3-8B,0.0,0.0,0.0,0.25,2
korbench:test:938:644885547ddf,Qwen3-8B,1.0,1.0,0.0,0.19,2
korbench:test:1242:53e4d1d52540,Intern-S1-mini,1.0,1.0,0.0,0.04999999999999999,2
korbench:test:1041:6ae7ae58c8f8,Qwen3-8B,0.0,1.0,1.0,0.21,2
korbench:test:80:6ed72b2ff8b6,Qwen3-8B,0.0,1.0,1.0,0.24999999999999997,2
korbench:test:630:60d47bf4fba3,Qwen3-8B,0.0,0.0,0.0,0.44999999999999996,2
korbench:test:760:4b8c9846c406,Qwen3-8B,1.0,1.0,0.0,0.09000000000000002,2
korbench:test:829:3d5e801a1353,Qwen3-8B,1.0,1.0,0.0,0.22999999999999998,2
korbench:test:661:39cb790b09aa,Qwen3-8B,1.0,1.0,0.0,0.33999999999999997,2
korbench:test:561:605fa707876e,Qwen3-8B,0.0,0.0,0.0,0.19999999999999998,2
korbench:test:631:bc71862f9d65,Qwen3-8B,0.0,0.0,0.0,0.43000000000000005,2
korbench:test:828:ae758615f4a9,Qwen3-8B,1.0,1.0,0.0,0.15000000000000002,2
korbench:test:252:c937676ed7e1,Qwen3-8B,0.0,1.0,1.0,0.54,2
korbench:test:502:c586fc6a1817,Qwen3-8B,1.0,1.0,0.0,0.09,2
korbench:test:93:0bb8847c2a2a,Qwen3-8B,1.0,1.0,0.0,0.39,2
korbench:test:1192:5cba02c1a8f0,Qwen3-8B,1.0,1.0,0.0,0.04000000000000001,2
korbench:test:871:81f1cd13ba87,Qwen3-8B,1.0,1.0,0.0,0.10999999999999999,2
korbench:test:1223:add778e180ab,Qwen3-8B,0.0,1.0,1.0,0.19999999999999998,2
korbench:test:566:f75710f7709e,Qwen3-8B,0.0,0.0,0.0,0.09,2
korbench:test:1238:3ae48c8de546,Qwen3-8B,0.0,1.0,1.0,0.10999999999999999,2
korbench:test:778:6340b55b77fa,Qwen3-8B,1.0,1.0,0.0,0.10999999999999999,2
korbench:test:442:be118f4b7eeb,Qwen3-8B,1.0,1.0,0.0,0.5,2
korbench:test:1244:ea78b0bdeb81,Intern-S1-mini,0.0,1.0,1.0,0.03999999999999998,2
korbench:test:586:ea65674d3b3a,Qwen3-8B,1.0,1.0,0.0,0.64,2
korbench:test:49:cfddd23b1a7b,Qwen3-8B,0.0,1.0,1.0,0.36,2
korbench:test:288:e9ec9a761410,Qwen3-8B,0.0,1.0,1.0,0.43000000000000005,2
korbench:test:892:182b717ff9dc,Qwen3-8B,1.0,1.0,0.0,0.14,2
korbench:test:1063:f74f9791725c,Qwen3-8B,0.0,1.0,1.0,0.25,2
korbench:test:231:1860b5fe601c,Qwen3-8B,1.0,1.0,0.0,0.36000000000000004,2
korbench:test:298:eb3cf320d831,Qwen3-8B,1.0,1.0,0.0,0.4,2
korbench:test:57:28204c984779,Qwen3-8B,0.0,0.0,0.0,0.3,2
korbench:test:336:b2a71b984b5a,Qwen3-8B,1.0,1.0,0.0,0.52,2
korbench:test:156:a5907bbcaea7,Qwen3-8B,1.0,1.0,0.0,0.3,2
korbench:test:1164:8ce0760d0a66,Qwen3-8B,1.0,1.0,0.0,0.03999999999999998,2
korbench:test:1035:901c6f3b4542,Qwen3-8B,0.0,0.0,0.0,0.11000000000000001,2
korbench:test:682:a2384722944f,Qwen3-8B,0.0,0.0,0.0,0.32999999999999996,2
korbench:test:99:a40a257ab9c0,Qwen3-8B,0.0,1.0,1.0,0.35,2
korbench:test:374:c49cc1d4bbfb,Qwen3-8B,0.0,1.0,1.0,0.62,2
korbench:test:446:e323ec929e00,Qwen3-8B,1.0,1.0,0.0,0.52,2
korbench:test:705:aa3373defdd7,Qwen3-8B,0.0,0.0,0.0,0.4,2
korbench:test:425:4f89daf19491,Qwen3-8B,1.0,1.0,0.0,0.51,2
korbench:test:754:2073a19b1d10,Qwen3-8B,1.0,1.0,0.0,0.24,2
korbench:test:1156:2d577b5886f4,Qwen3-8B,0.0,1.0,1.0,0.03999999999999998,2
korbench:test:1068:98a13a12de53,Qwen3-8B,0.0,1.0,1.0,0.31999999999999995,2
korbench:test:192:b0309d87b5c2,Qwen3-8B,1.0,1.0,0.0,0.26,2
korbench:test:338:6fa0d0b2d66b,Qwen3-8B,1.0,1.0,0.0,0.61,2
korbench:test:1233:51ba41747a5b,Qwen3-8B,1.0,1.0,0.0,0.11000000000000001,2
korbench:test:309:a87c4cd3fb30,Qwen3-8B,1.0,1.0,0.0,0.41000000000000003,2
korbench:test:397:1af0ff3765f8,Qwen3-8B,0.0,0.0,0.0,0.66,2
livecodebench:test:836:4aec363e90a6,Qwen3-8B,0.0,1.0,1.0,0.63,2
livecodebench:test:97:10ef91e33a53,Qwen3-8B,1.0,1.0,0.0,0.51,2
livecodebench:test:522:81470a55c011,Qwen3-8B,1.0,1.0,0.0,0.59,2
livecodebench:test:1031:f18e545ccb60,Qwen3-8B,0.0,0.0,0.0,0.5700000000000001,2
livecodebench:test:88:3b4b0688fc9f,Qwen3-8B,1.0,1.0,0.0,0.44999999999999996,2
livecodebench:test:440:d7253000e6b7,Qwen3-8B,1.0,1.0,0.0,0.63,2
livecodebench:test:1011:b417023aacb2,Qwen3-8B,1.0,1.0,0.0,0.3400000000000001,2
livecodebench:test:465:03abf6d6b751,Qwen3-8B,0.0,0.0,0.0,0.53,2
livecodebench:test:393:0bc8b6d20a07,Qwen3-8B,1.0,1.0,0.0,0.32999999999999996,2
livecodebench:test:1051:7fbe4e3e40ba,Qwen3-8B,1.0,1.0,0.0,0.55,2
livecodebench:test:958:6fce71b4aaaf,Qwen3-8B,1.0,1.0,0.0,0.57,2
livecodebench:test:617:f0f98a5b5933,Qwen3-8B,1.0,1.0,0.0,0.53,2
livecodebench:test:96:b00618510e23,Qwen3-8B,1.0,1.0,0.0,0.61,2
livecodebench:test:595:f48ea8065db3,Qwen3-8B,0.0,0.0,0.0,0.56,2
livecodebench:test:11:2781a94f28bf,Qwen3-8B,1.0,1.0,0.0,0.6,2
livecodebench:test:269:b35bf4fb6ba6,Qwen3-8B,0.0,0.0,0.0,0.39,2
livecodebench:test:609:f05fe644f329,Qwen3-8B,1.0,1.0,0.0,0.5800000000000001,2
livecodebench:test:857:624d7620fb45,Qwen3-8B,1.0,1.0,0.0,0.59,2
livecodebench:test:25:c529354cfb88,Qwen3-8B,1.0,1.0,0.0,0.56,2
livecodebench:test:799:2eff7a625022,Qwen3-8B,0.0,0.0,0.0,0.51,2
livecodebench:test:458:5be8a4946adc,Qwen3-8B,1.0,1.0,0.0,0.59,2
livecodebench:test:819:72e42953a37d,Qwen3-8B,1.0,1.0,0.0,0.58,2
livecodebench:test:871:494b1c2bdf86,Qwen3-8B,1.0,1.0,0.0,0.55,2
livecodebench:test:504:0d3b4783e889,Qwen3-8B,1.0,1.0,0.0,0.62,2
livecodebench:test:118:3aad6e9879db,Qwen3-8B,1.0,1.0,0.0,0.37,2
livecodebench:test:912:977b0eca371f,Qwen3-8B,0.0,0.0,0.0,0.5700000000000001,2
livecodebench:test:369:cb39bb008c1b,Qwen3-8B,0.0,0.0,0.0,0.53,2
livecodebench:test:248:b6c8c82d3752,Qwen3-8B,1.0,1.0,0.0,0.41999999999999993,2
livecodebench:test:104:3c261258cdf6,Qwen3-8B,1.0,1.0,0.0,0.45999999999999996,2
livecodebench:test:874:52c7c60e6a55,Qwen3-8B,1.0,1.0,0.0,0.5700000000000001,2
livecodebench:test:616:5d07b33cd672,Qwen3-8B,1.0,1.0,0.0,0.63,2
livecodebench:test:559:31203becc9cc,Qwen3-8B,0.0,1.0,1.0,0.41000000000000003,2
livecodebench:test:200:4c909ba86014,Qwen3-8B,1.0,1.0,0.0,0.55,2
livecodebench:test:395:7a47b929ce3d,Qwen3-8B,0.0,1.0,1.0,0.63,2
livecodebench:test:643:d2588dc88059,Qwen3-8B,0.0,0.0,0.0,0.52,2
livecodebench:test:41:c5d6d6798198,Qwen3-8B,1.0,1.0,0.0,0.63,2
livecodebench:test:953:77a4f51c6527,Qwen3-8B,0.0,0.0,0.0,0.42999999999999994,2
livecodebench:test:691:843247458b36,Qwen3-8B,1.0,1.0,0.0,0.51,2
livecodebench:test:182:1fa3e8c8ce30,Qwen3-8B,1.0,1.0,0.0,0.42,2
livecodebench:test:239:f4ac599c994e,Qwen3-8B,1.0,1.0,0.0,0.53,2
livecodebench:test:177:903deec55dac,Qwen3-8B,1.0,1.0,0.0,0.57,2
livecodebench:test:289:dcdfe5fba7b5,Qwen3-8B,0.0,1.0,1.0,0.6,2
livecodebench:test:618:6bad6f7624dd,Qwen3-8B,1.0,1.0,0.0,0.47000000000000003,2
livecodebench:test:557:a5aa9bad1e98,Qwen3-8B,1.0,1.0,0.0,0.62,2
livecodebench:test:142:bc270c0cd208,Qwen3-8B,1.0,1.0,0.0,0.49,2
livecodebench:test:808:f840e96cfffa,Qwen3-8B,0.0,0.0,0.0,0.49,2
livecodebench:test:218:2ae33e49dbe9,Qwen3-8B,1.0,1.0,0.0,0.27,2
livecodebench:test:944:7c9148efe508,Qwen3-8B,0.0,0.0,0.0,0.54,2
livecodebench:test:572:00c9d927f5c2,Qwen3-8B,1.0,1.0,0.0,0.59,2
livecodebench:test:960:bd2d148c89ff,Qwen3-8B,1.0,1.0,0.0,0.61,2
livecodebench:test:1016:e08a94538634,Qwen3-8B,1.0,1.0,0.0,0.6900000000000001,2
livecodebench:test:718:dad4d71aacae,Qwen3-8B,0.0,0.0,0.0,0.31999999999999995,2
livecodebench:test:583:d960199ce10e,Qwen3-8B,1.0,1.0,0.0,0.48,2
livecodebench:test:869:a897b6777125,Qwen3-8B,1.0,1.0,0.0,0.65,2
livecodebench:test:704:e67c6174f235,Qwen3-8B,1.0,1.0,0.0,0.65,2
livecodebench:test:464:a0c9aa92dbc2,Qwen3-8B,1.0,1.0,0.0,0.48,2
livecodebench:test:747:f4a97d63e2ea,Qwen3-8B,1.0,1.0,0.0,0.63,2
livecodebench:test:52:0ba56b19614c,Qwen3-8B,1.0,1.0,0.0,0.5700000000000001,2
livecodebench:test:1032:131e548393f6,Qwen3-8B,0.0,1.0,1.0,0.67,2
livecodebench:test:139:d8f22f0930d0,Qwen3-8B,1.0,1.0,0.0,0.42,2
livecodebench:test:647:3c5fc7617e91,Qwen3-8B,1.0,1.0,0.0,0.37999999999999995,2
livecodebench:test:652:786a17c27522,Qwen3-8B,1.0,1.0,0.0,0.61,2
livecodebench:test:287:0d454d02b53e,Qwen3-8B,1.0,1.0,0.0,0.62,2
livecodebench:test:481:42f8e5d8a201,Qwen3-8B,1.0,1.0,0.0,0.64,2
livecodebench:test:267:2557e1fdb387,Qwen3-8B,1.0,1.0,0.0,0.6,2
livecodebench:test:260:cd048919a717,Qwen3-8B,1.0,1.0,0.0,0.41,2
livecodebench:test:317:38fd85eec026,Qwen3-8B,1.0,1.0,0.0,0.36,2
livecodebench:test:380:efdd4e042dde,Qwen3-8B,1.0,1.0,0.0,0.42,2
livecodebench:test:295:730226fca0ce,Qwen3-8B,1.0,1.0,0.0,0.28,2
livecodebench:test:181:2888c8f3198b,Qwen3-8B,0.0,1.0,1.0,0.42,2
livecodebench:test:525:958a2948a25a,Qwen3-8B,0.0,1.0,1.0,0.48,2
livecodebench:test:193:cc8ebf170e18,Qwen3-8B,0.0,1.0,1.0,0.44999999999999996,2
livecodebench:test:328:2f3d3c059dff,Qwen3-8B,1.0,1.0,0.0,0.45999999999999996,2
livecodebench:test:679:fbb3563a52ea,Qwen3-8B,1.0,1.0,0.0,0.5,2
livecodebench:test:660:fa4c6d5ceaf0,Qwen3-8B,1.0,1.0,0.0,0.22999999999999998,2
livecodebench:test:683:523e3119a5c2,Qwen3-8B,1.0,1.0,0.0,0.52,2
livecodebench:test:24:68444c2b6128,Qwen3-8B,1.0,1.0,0.0,0.37999999999999995,2
livecodebench:test:558:35531d480689,Qwen3-8B,1.0,1.0,0.0,0.55,2
livecodebench:test:997:cb05ca8735bb,Qwen3-8B,1.0,1.0,0.0,0.57,2
livecodebench:test:373:d8be6c57f6ab,Qwen3-8B,1.0,1.0,0.0,0.56,2
livecodebench:test:539:9cdf8dbcd4bd,Qwen3-8B,1.0,1.0,0.0,0.48000000000000004,2
livecodebench:test:678:a127e5f5207c,Qwen3-8B,1.0,1.0,0.0,0.64,2
livecodebench:test:852:5a1042b5caa2,Qwen3-8B,0.0,1.0,1.0,0.53,2
livecodebench:test:672:b80bfefefd9d,Qwen3-8B,0.0,0.0,0.0,0.54,2
livecodebench:test:548:98c25003cc7c,Qwen3-8B,1.0,1.0,0.0,0.42000000000000004,2
livecodebench:test:882:41613d7b73aa,Qwen3-8B,0.0,0.0,0.0,0.63,2
livecodebench:test:585:b0ad8895b953,Qwen3-8B,0.0,1.0,1.0,0.6,2
livecodebench:test:216:d4ecf40c6fb5,Qwen3-8B,1.0,1.0,0.0,0.5700000000000001,2
livecodebench:test:715:de30297441ad,Qwen3-8B,1.0,1.0,0.0,0.54,2
livecodebench:test:526:72bec8fdb36c,Qwen3-8B,1.0,1.0,0.0,0.36000000000000004,2
livecodebench:test:771:11d6cd520249,Qwen3-8B,1.0,1.0,0.0,0.5800000000000001,2
livecodebench:test:444:07d73f226ef1,Qwen3-8B,1.0,1.0,0.0,0.52,2
livecodebench:test:1018:5460c1637be6,Qwen3-8B,0.0,1.0,1.0,0.47,2
livecodebench:test:1050:91a2b8a714f2,Qwen3-8B,0.0,1.0,1.0,0.54,2
livecodebench:test:1037:1f806367d6fa,Qwen3-8B,0.0,0.0,0.0,0.61,2
livecodebench:test:192:8420413d3b6c,Qwen3-8B,1.0,1.0,0.0,0.41,2
livecodebench:test:268:0227d3661e5f,Qwen3-8B,0.0,0.0,0.0,0.47,2
livecodebench:test:870:3645be25dca7,Qwen3-8B,1.0,1.0,0.0,0.49,2
livecodebench:test:147:8ac78e92e03b,Qwen3-8B,1.0,1.0,0.0,0.62,2
livecodebench:test:605:da7317187f8b,Qwen3-8B,0.0,0.0,0.0,0.61,2
livecodebench:test:122:b546044cc5b3,Qwen3-8B,1.0,1.0,0.0,0.54,2
livecodebench:test:789:2bc615ee7ead,Qwen3-8B,0.0,1.0,1.0,0.48,2
livecodebench:test:666:07d0df9947b3,Qwen3-8B,0.0,0.0,0.0,0.58,2
livecodebench:test:630:cb85ae80f0fb,Qwen3-8B,0.0,1.0,1.0,0.53,2
livecodebench:test:965:ddbfcf632c67,Qwen3-8B,0.0,0.0,0.0,0.5700000000000001,2
livecodebench:test:549:e47c8ed19b90,Qwen3-8B,0.0,0.0,0.0,0.49,2
livecodebench:test:172:6aeb22a02f02,Qwen3-8B,1.0,1.0,0.0,0.49,2
livecodebench:test:867:ccd00255ac7e,Qwen3-8B,0.0,1.0,1.0,0.48,2
livecodebench:test:77:5ea5a39e6098,Qwen3-8B,1.0,1.0,0.0,0.66,2
livecodebench:test:141:f31479186ea6,Qwen3-8B,1.0,1.0,0.0,0.65,2
livecodebench:test:844:4efec7eda351,Qwen3-8B,1.0,1.0,0.0,0.59,2
livecodebench:test:959:062fcc32f6e8,Qwen3-8B,1.0,1.0,0.0,0.37000000000000005,2
livecodebench:test:413:6ebd2f34e69b,Qwen3-8B,0.0,1.0,1.0,0.5800000000000001,2
livecodebench:test:709:e95e3bb6e965,Qwen3-8B,1.0,1.0,0.0,0.66,2
livecodebench:test:500:a5e0025426c2,Qwen3-8B,1.0,1.0,0.0,0.48,2
livecodebench:test:792:ef7440e8ba1a,Qwen3-8B,1.0,1.0,0.0,0.62,2
livecodebench:test:442:1c0592a0fa4e,Qwen3-8B,1.0,1.0,0.0,0.55,2
livecodebench:test:178:4d9b2905e4d8,Qwen3-8B,1.0,1.0,0.0,0.49,2
livecodebench:test:933:426f0bd82eb1,Qwen3-8B,1.0,1.0,0.0,0.53,2
livecodebench:test:1022:e2cfbe2cc436,Qwen3-8B,0.0,1.0,1.0,0.65,2
livecodebench:test:1028:e37cdb1aebe8,Qwen3-8B,0.0,0.0,0.0,0.6,2
livecodebench:test:87:db99e06a3ffb,Qwen3-8B,1.0,1.0,0.0,0.67,2
livecodebench:test:491:ad3ac10ecd2b,Qwen3-8B,1.0,1.0,0.0,0.61,2
livecodebench:test:8:3a813eb210c8,Qwen3-8B,1.0,1.0,0.0,0.61,2
livecodebench:test:745:f42d6938c61b,Qwen3-8B,0.0,1.0,1.0,0.47,2
livecodebench:test:275:e8d4b403d9d5,Qwen3-8B,1.0,1.0,0.0,0.5700000000000001,2
livecodebench:test:676:ebbe850e6354,Qwen3-8B,0.0,0.0,0.0,0.5800000000000001,2
livecodebench:test:964:e63aa3e420de,Qwen3-8B,1.0,1.0,0.0,0.65,2
livecodebench:test:20:9f95043fa9b8,Qwen3-8B,1.0,1.0,0.0,0.43999999999999995,2
livecodebench:test:85:368e10ace955,Qwen3-8B,1.0,1.0,0.0,0.26,2
livecodebench:test:806:026e8d256db2,Qwen3-8B,0.0,0.0,0.0,0.61,2
livecodebench:test:644:613eb44b932b,Qwen3-8B,1.0,1.0,0.0,0.64,2
livecodebench:test:628:71b5f3347a51,Qwen3-8B,1.0,1.0,0.0,0.38999999999999996,2
livecodebench:test:257:1277ea276875,Qwen3-8B,1.0,1.0,0.0,0.44999999999999996,2
livecodebench:test:897:66eff706d6e1,Qwen3-8B,0.0,1.0,1.0,0.6,2
livecodebench:test:154:a1fdcdca0c08,Qwen3-8B,1.0,1.0,0.0,0.55,2
livecodebench:test:100:9db733bfce64,Qwen3-8B,1.0,1.0,0.0,0.33000000000000007,2
livecodebench:test:109:da23ed3de2c1,Qwen3-8B,1.0,1.0,0.0,0.61,2
livecodebench:test:915:e7f6ee376261,Qwen3-8B,0.0,0.0,0.0,0.48,2
livecodebench:test:694:5e33c1de30d2,Qwen3-8B,1.0,1.0,0.0,0.54,2
livecodebench:test:596:5c37e86cd272,Qwen3-8B,1.0,1.0,0.0,0.4,2
livecodebench:test:641:8d90e8049fbb,Qwen3-8B,0.0,0.0,0.0,0.6,2
livecodebench:test:697:8953ece015bb,Qwen3-8B,1.0,1.0,0.0,0.36,2
livecodebench:test:610:c2e8a843e695,Qwen3-8B,1.0,1.0,0.0,0.52,2
livecodebench:test:74:680047c97ac0,Qwen3-8B,1.0,1.0,0.0,0.53,2
livecodebench:test:447:85fe56b8e286,Qwen3-8B,1.0,1.0,0.0,0.59,2
livecodebench:test:908:fc867e35b243,Qwen3-8B,0.0,1.0,1.0,0.5700000000000001,2
livecodebench:test:361:6898f6ef231c,Qwen3-8B,1.0,1.0,0.0,0.20999999999999996,2
livecodebench:test:815:5a13596337f4,Qwen3-8B,0.0,0.0,0.0,0.58,2
livecodebench:test:50:18de09d31a5f,Qwen3-8B,1.0,1.0,0.0,0.52,2
livecodebench:test:999:039fddd85e31,Qwen3-8B,1.0,1.0,0.0,0.5700000000000001,2
livecodebench:test:646:c3619c854244,Qwen3-8B,0.0,0.0,0.0,0.62,2
livecodebench:test:106:0d8f7763b12b,Qwen3-8B,0.0,0.0,0.0,0.59,2
livecodebench:test:849:af03e83ce1f6,Qwen3-8B,0.0,0.0,0.0,0.64,2
livecodebench:test:166:aed06ef69ef9,Qwen3-8B,1.0,1.0,0.0,0.47,2
livecodebench:test:82:613d5a45b601,Qwen3-8B,1.0,1.0,0.0,0.54,2
livecodebench:test:222:c62e7eac3c76,Qwen3-8B,0.0,0.0,0.0,0.58,2
livecodebench:test:127:8d5dbcba51c9,Qwen3-8B,1.0,1.0,0.0,0.51,2
livecodebench:test:360:ea4e46230a54,Qwen3-8B,1.0,1.0,0.0,0.45999999999999996,2
livecodebench:test:396:ce8c577b3486,Qwen3-8B,0.0,0.0,0.0,0.48,2
livecodebench:test:601:22f950a38d50,Qwen3-8B,1.0,1.0,0.0,0.5700000000000001,2
livecodebench:test:492:5f4f5f1ff2c8,Qwen3-8B,1.0,1.0,0.0,0.62,2
livecodebench:test:305:e5c81ba2b58f,Qwen3-8B,0.0,0.0,0.0,0.58,2
livecodebench:test:894:90730cf88e6f,Qwen3-8B,1.0,1.0,0.0,0.56,2
livecodebench:test:379:f5515172eb2b,Qwen3-8B,0.0,0.0,0.0,0.42999999999999994,2
livecodebench:test:425:d213b48a55ed,Qwen3-8B,0.0,1.0,1.0,0.51,2
livecodebench:test:240:175e282e4f9b,Qwen3-8B,1.0,1.0,0.0,0.42999999999999994,2
livecodebench:test:459:133d1e5519c0,Qwen3-8B,1.0,1.0,0.0,0.67,2
livecodebench:test:229:7849fb9b8f60,Qwen3-8B,1.0,1.0,0.0,0.45999999999999996,2
livecodebench:test:651:d277f39890a6,Qwen3-8B,1.0,1.0,0.0,0.53,2
livecodebench:test:829:2527a2dea5b3,Qwen3-8B,1.0,1.0,0.0,0.52,2
livecodebench:test:899:469f1ff30506,Qwen3-8B,0.0,0.0,0.0,0.64,2
livecodebench:test:607:689a5bfd4053,Qwen3-8B,1.0,1.0,0.0,0.41999999999999993,2
livecodebench:test:330:5daf75d46842,Qwen3-8B,1.0,1.0,0.0,0.42,2
livecodebench:test:850:aaf8dadb340a,Qwen3-8B,0.0,0.0,0.0,0.55,2
livecodebench:test:1008:307815751c21,Qwen3-8B,1.0,1.0,0.0,0.5,2
livecodebench:test:484:b514bb6ce8eb,Qwen3-8B,1.0,1.0,0.0,0.5,2
livecodebench:test:230:3d6cb1a31c52,Qwen3-8B,1.0,1.0,0.0,0.44,2
livecodebench:test:499:cdb93bd8c35c,Qwen3-8B,0.0,1.0,1.0,0.59,2
livecodebench:test:677:52b1a78c1a76,Qwen3-8B,0.0,0.0,0.0,0.53,2
livecodebench:test:14:5b06e168c7f9,Qwen3-8B,1.0,1.0,0.0,0.43,2
livecodebench:test:388:af5f7a857734,Qwen3-8B,1.0,1.0,0.0,0.67,2
livecodebench:test:987:33bdbc9eec78,Qwen3-8B,0.0,0.0,0.0,0.62,2
livecodebench:test:1015:cd2717706812,Qwen3-8B,1.0,1.0,0.0,0.6,2
livecodebench:test:31:c1c1948f48d2,Qwen3-8B,1.0,1.0,0.0,0.56,2
livecodebench:test:842:cf0b43b2cc76,Qwen3-8B,1.0,1.0,0.0,0.5800000000000001,2
livecodebench:test:996:9e4d798c7fcb,Qwen3-8B,0.0,0.0,0.0,0.5800000000000001,2
livecodebench:test:450:05cff0b2b333,Qwen3-8B,1.0,1.0,0.0,0.47,2
livecodebench:test:103:499a9f4d965a,Qwen3-8B,1.0,1.0,0.0,0.51,2
livecodebench:test:102:c16d0610bd24,Qwen3-8B,0.0,0.0,0.0,0.59,2
livecodebench:test:315:52d90f2861cb,Qwen3-8B,0.0,0.0,0.0,0.48,2
livecodebench:test:536:711157255875,Qwen3-8B,0.0,1.0,1.0,0.56,2
livecodebench:test:429:5bb2b2187db6,Qwen3-8B,1.0,1.0,0.0,0.54,2
livecodebench:test:1007:3e55c6353408,Qwen3-8B,1.0,1.0,0.0,0.43,2
livecodebench:test:761:62440fc2b5d0,Qwen3-8B,0.0,0.0,0.0,0.64,2
livecodebench:test:1000:5768cb91ce72,Qwen3-8B,0.0,1.0,1.0,0.54,2
livecodebench:test:923:cffe2e182cd1,Qwen3-8B,1.0,1.0,0.0,0.28,2
livecodebench:test:861:6eaca3a6fa6f,Qwen3-8B,0.0,0.0,0.0,0.53,2
livecodebench:test:146:e298b6db8137,Qwen3-8B,1.0,1.0,0.0,0.51,2
livecodebench:test:927:dc69c84fe018,Qwen3-8B,0.0,1.0,1.0,0.39999999999999997,2
livecodebench:test:238:9c972dcc9148,Qwen3-8B,0.0,1.0,1.0,0.45999999999999996,2
livecodebench:test:226:3faed36c2cbd,Qwen3-8B,0.0,1.0,1.0,0.37999999999999995,2
livecodebench:test:471:d414cafeaa5b,Qwen3-8B,1.0,1.0,0.0,0.6,2
livecodebench:test:58:28166501e289,Qwen3-8B,1.0,1.0,0.0,0.63,2
livecodebench:test:816:c9ac3629413d,Qwen3-8B,0.0,0.0,0.0,0.55,2
livecodebench:test:427:a7e9c13ae664,Qwen3-8B,1.0,1.0,0.0,0.41000000000000003,2
livecodebench:test:441:d477dff32f4a,Qwen3-8B,1.0,1.0,0.0,0.33000000000000007,2
livecodebench:test:877:53827bfbf3a5,Qwen3-8B,0.0,0.0,0.0,0.5800000000000001,2
livecodebench:test:259:1110ed342f82,Qwen3-8B,1.0,1.0,0.0,0.52,2
livecodebench:test:752:720984d0081d,Qwen3-8B,0.0,1.0,1.0,0.5800000000000001,2
livecodebench:test:516:730ed73275c4,Qwen3-8B,1.0,1.0,0.0,0.38999999999999996,2
math500:test:188:b4bdce0b7c99,Qwen3-8B,1.0,1.0,0.0,0.56,2
math500:test:471:4539e8f79c08,Qwen3-8B,1.0,1.0,0.0,0.5800000000000001,2
math500:test:126:4bf09b4453a8,Qwen3-8B,1.0,1.0,0.0,0.5,2
math500:test:370:553cee3cc4f1,Qwen3-8B,1.0,1.0,0.0,0.48,2
math500:test:242:f2c81f01ec95,Qwen3-8B,1.0,1.0,0.0,0.49,2
math500:test:19:4d3f648ff73c,Qwen3-8B,1.0,1.0,0.0,0.32999999999999996,2
math500:test:453:f7d45d9e11fc,Qwen3-8B,1.0,1.0,0.0,0.56,2
math500:test:70:4aec4eb79c20,Qwen3-8B,1.0,1.0,0.0,0.54,2
math500:test:415:2c3d89ca5aca,Qwen3-8B,1.0,1.0,0.0,0.47,2
math500:test:52:5d4e128b6533,Qwen3-8B,1.0,1.0,0.0,0.5700000000000001,2
math500:test:489:f6faf09783c4,Qwen3-8B,1.0,1.0,0.0,0.52,2
math500:test:7:1866ff06f6f0,Qwen3-8B,1.0,1.0,0.0,0.33999999999999997,2
math500:test:281:7402b093e77a,Qwen3-8B,1.0,1.0,0.0,0.41000000000000003,2
math500:test:433:4e48831b718f,Qwen3-8B,1.0,1.0,0.0,0.4,2
math500:test:3:dd48d65e3266,Qwen3-8B,1.0,1.0,0.0,0.5800000000000001,2
math500:test:145:85bf82715fb1,Qwen3-8B,1.0,1.0,0.0,0.47,2
math500:test:194:f3816a019c5c,Qwen3-8B,1.0,1.0,0.0,0.25,2
math500:test:461:c9035b635a91,Qwen3-8B,1.0,1.0,0.0,0.33999999999999997,2
math500:test:497:594ea12e92ff,Qwen3-8B,1.0,1.0,0.0,0.56,2
math500:test:493:3d4b6f28e17a,Qwen3-8B,1.0,1.0,0.0,0.39,2
math500:test:204:a862cde66761,Qwen3-8B,1.0,1.0,0.0,0.52,2
math500:test:143:4928f50ac88f,Qwen3-8B,1.0,1.0,0.0,0.41000000000000003,2
math500:test:252:69fc365bc2fe,Qwen3-8B,1.0,1.0,0.0,0.41000000000000003,2
math500:test:202:5932169135a7,Qwen3-8B,1.0,1.0,0.0,0.33999999999999997,2
math500:test:448:ec7aef671dc0,Qwen3-8B,1.0,1.0,0.0,0.49,2
math500:test:295:cb95bc64c75c,Qwen3-8B,1.0,1.0,0.0,0.53,2
math500:test:335:4dc2dc42c806,Qwen3-8B,1.0,1.0,0.0,0.59,2
math500:test:479:3cd65d338d7f,Qwen3-8B,0.0,1.0,1.0,0.4,2
math500:test:480:1bddb019d167,Qwen3-8B,1.0,1.0,0.0,0.4099999999999999,2
math500:test:76:09bee343ecbd,Qwen3-8B,1.0,1.0,0.0,0.62,2
math500:test:322:02480d2c0415,Qwen3-8B,1.0,1.0,0.0,0.54,2
math500:test:447:e1530f57dea8,Qwen3-8B,1.0,1.0,0.0,0.52,2
math500:test:227:1274ec922132,Qwen3-8B,1.0,1.0,0.0,0.41000000000000003,2
math500:test:201:ee7c7225248f,Qwen3-8B,1.0,1.0,0.0,0.47,2
math500:test:186:58aab2274e9e,Qwen3-8B,1.0,1.0,0.0,0.41000000000000003,2
math500:test:180:dbc9f46d79f3,Qwen3-8B,1.0,1.0,0.0,0.56,2
math500:test:472:63fb0c19be9b,Qwen3-8B,1.0,1.0,0.0,0.35,2
math500:test:393:de0a9f551aff,Qwen3-8B,1.0,1.0,0.0,0.41000000000000003,2
math500:test:171:b0e97322dd5c,Qwen3-8B,1.0,1.0,0.0,0.39,2
math500:test:439:f23b30541989,Qwen3-8B,1.0,1.0,0.0,0.54,2
math500:test:241:630b81af5acb,Qwen3-8B,0.0,1.0,1.0,0.29000000000000004,2
math500:test:380:83233254b974,Qwen3-8B,0.0,1.0,1.0,0.10999999999999999,2
math500:test:377:e86aeb48607d,Qwen3-8B,1.0,1.0,0.0,0.5800000000000001,2
math500:test:416:ef20b746da9b,Qwen3-8B,1.0,1.0,0.0,0.59,2
math500:test:35:9b85603bc31a,Qwen3-8B,1.0,1.0,0.0,0.43999999999999995,2
math500:test:56:c6f83b0877a2,Qwen3-8B,1.0,1.0,0.0,0.32,2
math500:test:292:dedb35fff0a0,Qwen3-8B,1.0,1.0,0.0,0.33999999999999997,2
math500:test:443:9855ca472cb2,Qwen3-8B,1.0,1.0,0.0,0.49,2
math500:test:132:7ab99f8cb547,Qwen3-8B,1.0,1.0,0.0,0.45999999999999996,2
math500:test:17:2751b7253592,Qwen3-8B,1.0,1.0,0.0,0.55,2
math500:test:352:b498a7ba21bc,Qwen3-8B,1.0,1.0,0.0,0.49,2
math500:test:327:9c621effde8b,Qwen3-8B,1.0,1.0,0.0,0.51,2
math500:test:473:fc0b0712fe15,Qwen3-8B,1.0,1.0,0.0,0.5900000000000001,2
math500:test:222:b5dc33c4111f,Qwen3-8B,1.0,1.0,0.0,0.51,2
math500:test:212:693ebe9d1ed7,Qwen3-8B,1.0,1.0,0.0,0.52,2
math500:test:286:1ea3d389e049,Qwen3-8B,1.0,1.0,0.0,0.41000000000000003,2
math500:test:66:0f8bfc43c716,Qwen3-8B,1.0,1.0,0.0,0.55,2
math500:test:61:81b70497c672,Qwen3-8B,1.0,1.0,0.0,0.55,2
math500:test:9:c0364fc64487,Qwen3-8B,1.0,1.0,0.0,0.55,2
math500:test:361:3dd318b44a98,Qwen3-8B,1.0,1.0,0.0,0.25,2
math500:test:91:9b46e3d6c1d6,Qwen3-8B,1.0,1.0,0.0,0.5900000000000001,2
math500:test:466:e670b2f65bcd,Qwen3-8B,1.0,1.0,0.0,0.49,2
math500:test:101:60898239786b,Qwen3-8B,1.0,1.0,0.0,0.5,2
math500:test:219:a0be6631f332,Qwen3-8B,1.0,1.0,0.0,0.5700000000000001,2
math500:test:421:4eb54cd64aed,Qwen3-8B,0.0,1.0,1.0,0.43999999999999995,2
math500:test:199:3808c227b8b9,Qwen3-8B,1.0,1.0,0.0,0.5800000000000001,2
math500:test:424:a224416f5ecf,Qwen3-8B,1.0,1.0,0.0,0.5700000000000001,2
math500:test:340:87a738fd2c06,Qwen3-8B,1.0,1.0,0.0,0.31,2
math500:test:162:4e199d07c47d,Qwen3-8B,1.0,1.0,0.0,0.48,2
math500:test:137:3141b266e79a,Qwen3-8B,1.0,1.0,0.0,0.38,2
math500:test:499:b102f75a4648,Qwen3-8B,1.0,1.0,0.0,0.47,2
math500:test:149:782deeefb596,Qwen3-8B,1.0,1.0,0.0,0.67,2
math500:test:45:32b099c0f5ae,Qwen3-8B,1.0,1.0,0.0,0.56,2
math500:test:228:adb03f37bc61,Qwen3-8B,1.0,1.0,0.0,0.31,2
math500:test:62:a84932033f60,Qwen3-8B,1.0,1.0,0.0,0.42999999999999994,2
math500:test:247:d8224979f71d,Qwen3-8B,1.0,1.0,0.0,0.36,2
math500:test:27:74aae40cecc0,Qwen3-8B,1.0,1.0,0.0,0.52,2
math500:test:88:214693f14132,Qwen3-8B,1.0,1.0,0.0,0.62,2
math500:test:297:57971ca6c2f0,Qwen3-8B,1.0,1.0,0.0,0.28,2
math500:test:172:7317c41e6c58,Qwen3-8B,1.0,1.0,0.0,0.5,2
math500:test:230:3e3197b5f708,Qwen3-8B,1.0,1.0,0.0,0.51,2
math500:test:92:eb3187c38ab2,Qwen3-8B,1.0,1.0,0.0,0.32999999999999996,2
math500:test:8:7d0252905263,Qwen3-8B,1.0,1.0,0.0,0.42999999999999994,2
math500:test:117:44174d8b3df5,Qwen3-8B,1.0,1.0,0.0,0.51,2
math500:test:206:b3d768736d64,Qwen3-8B,1.0,1.0,0.0,0.5800000000000001,2
math500:test:75:f75c04ea2e98,Qwen3-8B,1.0,1.0,0.0,0.49,2
math500:test:398:fdd18857dfc2,Qwen3-8B,1.0,1.0,0.0,0.5599999999999999,2
math500:test:53:cb1c77331e55,Qwen3-8B,1.0,1.0,0.0,0.49,2
math500:test:169:3b7c38f5c301,Qwen3-8B,1.0,1.0,0.0,0.43999999999999995,2
math500:test:299:6e8cc3deb020,Qwen3-8B,1.0,1.0,0.0,0.5700000000000001,2
math500:test:255:6fe518888bc7,Qwen3-8B,1.0,1.0,0.0,0.51,2
math500:test:434:d43b5b59260a,Qwen3-8B,1.0,1.0,0.0,0.61,2
math500:test:275:b52eb6397f3d,Qwen3-8B,1.0,1.0,0.0,0.41000000000000003,2
math500:test:320:9546fca3a130,Qwen3-8B,1.0,1.0,0.0,0.48,2
math500:test:396:9659416657d1,Qwen3-8B,1.0,1.0,0.0,0.5800000000000001,2
math500:test:236:b85cd3a0d61d,Qwen3-8B,1.0,1.0,0.0,0.47,2
math500:test:112:73440cb70194,Qwen3-8B,1.0,1.0,0.0,0.61,2
math500:test:371:a4363ea671d3,Qwen3-8B,1.0,1.0,0.0,0.62,2
math500:test:486:883f43c19b12,Qwen3-8B,1.0,1.0,0.0,0.32000000000000006,2
math500:test:407:d1c9cde93251,Qwen3-8B,1.0,1.0,0.0,0.65,2
mathbench:test:28:d75070e9be48,Qwen3-8B,1.0,1.0,0.0,0.44999999999999996,2
mathbench:test:26:36ecca0a6aba,Qwen3-8B,1.0,1.0,0.0,0.49,2
mathbench:test:24:da63f6e49c3c,Qwen3-8B,1.0,1.0,0.0,0.56,2
mathbench:test:132:a87751809da8,Qwen3-8B,1.0,1.0,0.0,0.52,2
mathbench:test:134:146a2a154a9e,Qwen3-8B,1.0,1.0,0.0,0.66,2
mathbench:test:139:06d531039c0b,Qwen3-8B,1.0,1.0,0.0,0.37,2
mathbench:test:68:a64a7426afa7,Qwen3-8B,1.0,1.0,0.0,0.42000000000000004,2
mathbench:test:29:f23b7f5e2cbf,Qwen3-8B,1.0,1.0,0.0,0.45999999999999996,2
mathbench:test:88:fed83074c85b,Qwen3-8B,1.0,1.0,0.0,0.61,2
mathbench:test:75:8e7a5372e8bf,Qwen3-8B,1.0,1.0,0.0,0.57,2
mathbench:test:83:b92be4b36f8e,Qwen3-8B,1.0,1.0,0.0,0.26,2
mathbench:test:74:f70bdd0af680,Qwen3-8B,0.0,1.0,1.0,0.5900000000000001,2
mathbench:test:45:89f2a51d4244,Qwen3-8B,1.0,1.0,0.0,0.53,2
mathbench:test:57:36d61d3951da,Qwen3-8B,1.0,1.0,0.0,0.51,2
mathbench:test:1:93a11924129b,Qwen3-8B,0.0,1.0,1.0,0.6,2
mathbench:test:124:ec29e0e7f9c6,Qwen3-8B,1.0,1.0,0.0,0.22,2
mathbench:test:84:9ea6b216c7d9,Qwen3-8B,1.0,1.0,0.0,0.3,2
mathbench:test:94:a291102bb3ec,Qwen3-8B,1.0,1.0,0.0,0.39,2
mathbench:test:89:55bcd003884b,Qwen3-8B,1.0,1.0,0.0,0.35000000000000003,2
mathbench:test:46:eca446fff001,Qwen3-8B,1.0,1.0,0.0,0.39,2
mathbench:test:16:1b74b8d2a1c0,Qwen3-8B,1.0,1.0,0.0,0.49,2
mathbench:test:108:73f70102e65c,Qwen3-8B,1.0,1.0,0.0,0.33,2
mathbench:test:64:79754b3e973e,Qwen3-8B,1.0,1.0,0.0,0.5,2
mathbench:test:95:c556a83ec976,Qwen3-8B,1.0,1.0,0.0,0.17,2
mathbench:test:118:203cfbebdaa6,Qwen3-8B,1.0,1.0,0.0,0.61,2
mathbench:test:98:f39ea0b635c0,Qwen3-8B,1.0,1.0,0.0,0.36,2
mathbench:test:59:59913b94b951,Qwen3-8B,1.0,1.0,0.0,0.4,2
mathbench:test:115:ebd77511fbd1,Qwen3-8B,1.0,1.0,0.0,0.47,2
mathbench:test:71:7ab6a2df3a72,Qwen3-8B,1.0,1.0,0.0,0.53,2
mathbench:test:62:e9445df4acc5,Qwen3-8B,1.0,1.0,0.0,0.42999999999999994,2
mbpp:test:148:ae271d01970e,Qwen3-8B,1.0,1.0,0.0,0.32000000000000006,2
mbpp:test:171:453363b50e9c,Qwen3-8B,0.0,1.0,1.0,0.57,2
mbpp:test:72:36413db2a2f4,Qwen3-8B,1.0,1.0,0.0,0.30000000000000004,2
mbpp:test:276:ecbba58548bf,Qwen3-8B,0.0,1.0,1.0,0.32999999999999996,2
mbpp:test:341:80fc6e5e9969,Qwen3-8B,1.0,1.0,0.0,0.38,2
mbpp:test:821:0ed8d53a1127,Qwen3-8B,0.0,1.0,1.0,0.5199999999999999,2
mbpp:test:888:8408e795ffbb,Qwen3-8B,1.0,1.0,0.0,0.24000000000000005,2
mbpp:test:39:3c7df9ca5819,Qwen3-8B,1.0,1.0,0.0,0.37000000000000005,2
mbpp:test:841:c2c8d099f719,Qwen3-8B,1.0,1.0,0.0,0.47,2
mbpp:test:867:c90f6e14c3cb,Qwen3-8B,0.0,1.0,1.0,0.53,2
mbpp:test:250:6b60e6b50b25,Qwen3-8B,0.0,1.0,1.0,0.34,2
mbpp:test:342:1853955a05d1,Qwen3-8B,1.0,1.0,0.0,0.32000000000000006,2
mbpp:test:282:8faedfacf331,Qwen3-8B,1.0,1.0,0.0,0.37,2
mbpp:test:456:a39a5e83cb94,Qwen3-8B,0.0,1.0,1.0,0.33000000000000007,2
mbpp:test:403:ef1e6e638272,Qwen3-8B,0.0,1.0,1.0,0.42,2
mbpp:test:852:761e92da7fdd,Qwen3-8B,0.0,1.0,1.0,0.45999999999999996,2
mbpp:test:6:0ecf1a7a158c,Qwen3-8B,1.0,1.0,0.0,0.36000000000000004,2
mbpp:test:319:b3d7bbcea404,Qwen3-8B,1.0,1.0,0.0,0.26,2
mbpp:test:573:eff2b6aff25f,Qwen3-8B,0.0,0.0,0.0,0.43999999999999995,2
mbpp:test:43:0a12b8343d3b,Qwen3-8B,1.0,1.0,0.0,0.33000000000000007,2
mbpp:test:541:7b05a8371ef9,Qwen3-8B,0.0,1.0,1.0,0.35000000000000003,2
mbpp:test:534:6683c4d77e64,Qwen3-8B,0.0,1.0,1.0,0.31000000000000005,2
mbpp:test:504:499211ed6ffb,Qwen3-8B,1.0,1.0,0.0,0.26,2
mbpp:test:634:8efc3b4c8ea5,Qwen3-8B,1.0,1.0,0.0,0.45,2
mbpp:test:824:297c99bc30ec,Qwen3-8B,1.0,1.0,0.0,0.33999999999999997,2
mbpp:test:287:3aad0113ea57,Qwen3-8B,1.0,1.0,0.0,0.39,2
mbpp:test:186:1c32db73859e,Qwen3-8B,0.0,1.0,1.0,0.25,2
mbpp:test:797:f09faf35f9d7,Qwen3-8B,0.0,1.0,1.0,0.47000000000000003,2
mbpp:test:962:02ac32eefce4,Qwen3-8B,0.0,1.0,1.0,0.5900000000000001,2
mbpp:test:613:e70167110851,Qwen3-8B,1.0,1.0,0.0,0.22999999999999998,2
mbpp:test:961:345050889e5e,Qwen3-8B,0.0,1.0,1.0,0.27,2
mbpp:test:527:97a859f2610c,Qwen3-8B,1.0,1.0,0.0,0.25,2
mbpp:test:450:8a40c1372e00,Qwen3-8B,0.0,1.0,1.0,0.52,2
mbpp:test:255:2638a9e4c106,Qwen3-8B,1.0,1.0,0.0,0.63,2
mbpp:test:27:1981c28f0801,Qwen3-8B,1.0,1.0,0.0,0.43,2
mbpp:test:969:38892d33bc43,Qwen3-8B,0.0,1.0,1.0,0.41,2
mbpp:test:858:1ef7f073a2f9,Qwen3-8B,1.0,1.0,0.0,0.21000000000000002,2
mbpp:test:628:63736e07cc52,Qwen3-8B,0.0,1.0,1.0,0.31999999999999995,2
mbpp:test:869:168725fa02c2,Qwen3-8B,1.0,1.0,0.0,0.61,2
mbpp:test:302:691d3c3b450d,Qwen3-8B,1.0,1.0,0.0,0.3500000000000001,2
mbpp:test:98:7b3ba5e739d4,Qwen3-8B,0.0,1.0,1.0,0.22000000000000003,2
mbpp:test:435:5e9326c7e005,Qwen3-8B,1.0,1.0,0.0,0.39,2
mbpp:test:176:6470bc77ba9a,Qwen3-8B,0.0,1.0,1.0,0.41,2
mbpp:test:406:898fec95f995,Qwen3-8B,1.0,1.0,0.0,0.3400000000000001,2
mbpp:test:372:1240fc649201,Qwen3-8B,0.0,1.0,1.0,0.31,2
mbpp:test:441:84229e82f80c,Qwen3-8B,1.0,1.0,0.0,0.30000000000000004,2
mbpp:test:251:e8c25336eb0a,Qwen3-8B,1.0,1.0,0.0,0.39999999999999997,2
mbpp:test:672:979841cfb4c6,Qwen3-8B,0.0,1.0,1.0,0.25,2
mbpp:test:79:01713a09f458,Qwen3-8B,1.0,1.0,0.0,0.22999999999999998,2
mbpp:test:630:a6703e08a240,Qwen3-8B,0.0,0.0,0.0,0.27,2
mbpp:test:638:bb42e44f41e3,Qwen3-8B,0.0,1.0,1.0,0.54,2
mbpp:test:4:1ece3b8109b2,Qwen3-8B,1.0,1.0,0.0,0.45,2
mbpp:test:876:57f8ea0c7fdc,Qwen3-8B,1.0,1.0,0.0,0.29000000000000004,2
mbpp:test:356:3772853cc8b1,Qwen3-8B,0.0,0.0,0.0,0.64,2
mbpp:test:894:7d3429e23867,Qwen3-8B,1.0,1.0,0.0,0.43,2
mbpp:test:432:56f58be124d0,Qwen3-8B,0.0,1.0,1.0,0.55,2
mbpp:test:402:068e0d0a31c2,Qwen3-8B,1.0,1.0,0.0,0.47,2
mbpp:test:941:7ecefce83cc0,Qwen3-8B,1.0,1.0,0.0,0.51,2
mbpp:test:374:63df33a51043,Qwen3-8B,1.0,1.0,0.0,0.5399999999999999,2
mbpp:test:229:7588551bf4f8,Qwen3-8B,1.0,1.0,0.0,0.33000000000000007,2
mbpp:test:35:84f00f151541,Qwen3-8B,1.0,1.0,0.0,0.57,2
mbpp:test:390:9478d8fb9e61,Qwen3-8B,0.0,1.0,1.0,0.38999999999999996,2
mbpp:test:843:8341bac7e157,Qwen3-8B,1.0,1.0,0.0,0.3400000000000001,2
mbpp:test:920:87a2c9186c8b,Qwen3-8B,1.0,1.0,0.0,0.31000000000000005,2
mbpp:test:775:35ee785430a6,Qwen3-8B,1.0,1.0,0.0,0.48,2
mbpp:test:848:fdd6cd6ea15b,Qwen3-8B,0.0,1.0,1.0,0.24,2
mbpp:test:34:1eafc6bd23d3,Qwen3-8B,1.0,1.0,0.0,0.5,2
mbpp:test:238:73cc7dafbd46,Qwen3-8B,1.0,1.0,0.0,0.30000000000000004,2
mbpp:test:793:b3b32b9292a6,Qwen3-8B,0.0,1.0,1.0,0.45999999999999996,2
mbpp:test:709:cec807931ee4,Qwen3-8B,1.0,1.0,0.0,0.29000000000000004,2
mbpp:test:553:6396446db89a,Qwen3-8B,0.0,1.0,1.0,0.21999999999999997,2
mbpp:test:49:f856b0391570,Qwen3-8B,0.0,1.0,1.0,0.19999999999999996,2
mbpp:test:489:0e0ca95f0c3e,Qwen3-8B,1.0,1.0,0.0,0.28,2
mbpp:test:415:bd03a12741e8,Qwen3-8B,0.0,1.0,1.0,0.3500000000000001,2
mbpp:test:233:15d6c6210dc5,Qwen3-8B,1.0,1.0,0.0,0.2899999999999999,2
mbpp:test:354:c9d696eb4d2a,Qwen3-8B,0.0,1.0,1.0,0.31000000000000005,2
mbpp:test:681:76e9384473fc,Qwen3-8B,1.0,1.0,0.0,0.35,2
mbpp:test:751:f83524ea12cc,Qwen3-8B,0.0,1.0,1.0,0.21000000000000002,2
mbpp:test:204:aca5263fd799,Qwen3-8B,1.0,1.0,0.0,0.57,2
mbpp:test:335:ae9254f1e953,Qwen3-8B,0.0,1.0,1.0,0.51,2
mbpp:test:110:79bfeb8de818,Qwen3-8B,0.0,1.0,1.0,0.21000000000000002,2
mbpp:test:895:010e8c23db13,Qwen3-8B,0.0,1.0,1.0,0.59,2
mbpp:test:60:fc3b2a2e5481,Qwen3-8B,0.0,0.0,0.0,0.49,2
mbpp:test:700:87a2c9186c8b,Qwen3-8B,1.0,1.0,0.0,0.28,2
mbpp:test:564:5260640389ac,Qwen3-8B,1.0,1.0,0.0,0.33000000000000007,2
mbpp:test:668:20f06af5d8db,Qwen3-8B,0.0,1.0,1.0,0.58,2
mbpp:test:756:e1e36bf831ec,Qwen3-8B,1.0,1.0,0.0,0.57,2
mbpp:test:289:469b8957236e,Qwen3-8B,0.0,1.0,1.0,0.30000000000000004,2
mbpp:test:618:e18bfb885ea1,Qwen3-8B,0.0,1.0,1.0,0.27,2
mbpp:test:41:8cbfc0195e51,Qwen3-8B,0.0,1.0,1.0,0.47000000000000003,2
mbpp:test:695:0ab2c01e84bd,Qwen3-8B,1.0,1.0,0.0,0.29000000000000004,2
mbpp:test:818:46408e7f7f5b,Qwen3-8B,0.0,1.0,1.0,0.62,2
mbpp:test:565:ad0ff39ad0ac,Qwen3-8B,0.0,1.0,1.0,0.28,2
mbpp:test:939:39b209d296c6,Qwen3-8B,1.0,1.0,0.0,0.63,2
mbpp:test:781:17432bdcfc96,Qwen3-8B,1.0,1.0,0.0,0.35,2
mbpp:test:271:81fda6d0c941,Qwen3-8B,1.0,1.0,0.0,0.37000000000000005,2
mbpp:test:244:8f6d77e56208,Qwen3-8B,1.0,1.0,0.0,0.26000000000000006,2
mbpp:test:606:09d896c0dab7,Qwen3-8B,1.0,1.0,0.0,0.39,2
mbpp:test:932:f3be0f12b1fa,Qwen3-8B,1.0,1.0,0.0,0.31000000000000005,2
mbpp:test:19:1091b63b6414,Qwen3-8B,0.0,1.0,1.0,0.56,2
mbpp:test:877:17bba517abba,Qwen3-8B,1.0,1.0,0.0,0.24000000000000005,2
mbpp:test:578:20f3c5f2bff4,Qwen3-8B,1.0,1.0,0.0,0.30000000000000004,2
mbpp:test:405:4fd2b70889b0,Qwen3-8B,1.0,1.0,0.0,0.41,2
mbpp:test:428:db81f06db4c8,Qwen3-8B,0.0,1.0,1.0,0.43,2
mbpp:test:769:809b6bd57bc9,Qwen3-8B,0.0,1.0,1.0,0.63,2
mbpp:test:616:0b6d05be81a7,Qwen3-8B,1.0,1.0,0.0,0.24,2
mbpp:test:724:29496b94a956,Qwen3-8B,1.0,1.0,0.0,0.39,2
mbpp:test:293:6b786dc80adb,Qwen3-8B,0.0,1.0,1.0,0.4,2
mbpp:test:146:945a35f4abb7,Qwen3-8B,0.0,1.0,1.0,0.41000000000000003,2
mbpp:test:814:2c04f6e305ae,Qwen3-8B,1.0,1.0,0.0,0.5399999999999999,2
mbpp:test:478:c840cbb4900c,Qwen3-8B,1.0,1.0,0.0,0.30000000000000004,2
mbpp:test:506:60fb5a03a4b5,Qwen3-8B,0.0,0.0,0.0,0.44999999999999996,2
mbpp:test:777:5fec2aa6764c,Qwen3-8B,0.0,1.0,1.0,0.3400000000000001,2
mbpp:test:487:da7126d4b94c,Qwen3-8B,0.0,1.0,1.0,0.3500000000000001,2
mbpp:test:853:bfe68f93fdec,Qwen3-8B,1.0,1.0,0.0,0.20999999999999996,2
mbpp:test:246:a602cd7f2751,Qwen3-8B,1.0,1.0,0.0,0.25,2
mbpp:test:789:e3b4d3d6fc72,Qwen3-8B,0.0,1.0,1.0,0.26,2
mbpp:test:78:c1a3436ffadc,Qwen3-8B,1.0,1.0,0.0,0.51,2
mbpp:test:899:250f59dd9bb8,Qwen3-8B,0.0,1.0,1.0,0.39999999999999997,2
mbpp:test:194:bf489a201010,Qwen3-8B,0.0,1.0,1.0,0.18,2
mbpp:test:680:af8c718dc9a4,Qwen3-8B,0.0,1.0,1.0,0.55,2
mbpp:test:791:c8f91a016ffb,Qwen3-8B,1.0,1.0,0.0,0.30000000000000004,2
mbpp:test:468:2d510deb9d05,Qwen3-8B,0.0,1.0,1.0,0.46,2
mbpp:test:66:7fc43a44d1d6,Qwen3-8B,0.0,1.0,1.0,0.36,2
mbpp:test:443:afc8aa8c2b0e,Qwen3-8B,0.0,1.0,1.0,0.24,2
mbpp:test:890:34b9a58c5781,Qwen3-8B,0.0,0.0,0.0,0.66,2
mbpp:test:798:a906b2430f79,Qwen3-8B,1.0,1.0,0.0,0.30000000000000004,2
mbpp:test:88:855e373e328b,Qwen3-8B,0.0,1.0,1.0,0.64,2
mbpp:test:185:fe873ded6177,Qwen3-8B,1.0,1.0,0.0,0.27,2
mbpp:test:408:d58e09764573,Qwen3-8B,1.0,1.0,0.0,0.36,2
mbpp:test:938:f3eb8d101b43,Qwen3-8B,0.0,1.0,1.0,0.41000000000000003,2
mbpp:test:907:b9e9806a5415,Qwen3-8B,1.0,1.0,0.0,0.6,2
mbpp:test:58:f1cfadf83b30,Qwen3-8B,1.0,1.0,0.0,0.38999999999999996,2
mbpp:test:11:13c3ba9846e5,Qwen3-8B,1.0,1.0,0.0,0.37,2
mbpp:test:109:2e12d7f2a080,Qwen3-8B,1.0,1.0,0.0,0.38,2
mbpp:test:886:dc739eee205d,Qwen3-8B,1.0,1.0,0.0,0.30999999999999994,2
mbpp:test:761:583b68eceb84,Qwen3-8B,0.0,1.0,1.0,0.52,2
mbpp:test:296:ea8a305fcb35,Qwen3-8B,0.0,1.0,1.0,0.5800000000000001,2
mbpp:test:913:55576b39676d,Qwen3-8B,1.0,1.0,0.0,0.44999999999999996,2
mbpp:test:190:7255907526bd,Qwen3-8B,1.0,1.0,0.0,0.30999999999999994,2
mbpp:test:151:87dff3059693,Qwen3-8B,0.0,1.0,1.0,0.25000000000000006,2
mbpp:test:826:d19ca6854708,Qwen3-8B,1.0,1.0,0.0,0.47,2
mbpp:test:655:c6b660c936b6,Qwen3-8B,1.0,1.0,0.0,0.36,2
mbpp:test:230:621d656c5ec1,Qwen3-8B,0.0,1.0,1.0,0.33000000000000007,2
mbpp:test:675:ea57ce13f381,Qwen3-8B,0.0,1.0,1.0,0.38,2
mbpp:test:847:c18b14baef02,Qwen3-8B,0.0,1.0,1.0,0.38,2
mbpp:test:206:1d9fb6285a73,Qwen3-8B,1.0,1.0,0.0,0.26,2
mbpp:test:21:11114931c10e,Qwen3-8B,1.0,1.0,0.0,0.66,2
mbpp:test:453:fbc252b892eb,Qwen3-8B,0.0,1.0,1.0,0.59,2
mbpp:test:508:1c2be2bb0ccb,Qwen3-8B,1.0,1.0,0.0,0.36000000000000004,2
mbpp:test:805:0f461fd1a62f,Qwen3-8B,1.0,1.0,0.0,0.38999999999999996,2
mbpp:test:414:20c680659415,Qwen3-8B,0.0,1.0,1.0,0.26,2
mbpp:test:601:a43a9c75aab7,Qwen3-8B,1.0,1.0,0.0,0.42,2
mbpp:test:348:4b49752cdb9d,Qwen3-8B,1.0,1.0,0.0,0.52,2
mbpp:test:430:b01a4287c0ae,Qwen3-8B,0.0,1.0,1.0,0.42999999999999994,2
mbpp:test:718:ad6ffb5c1e92,Qwen3-8B,1.0,1.0,0.0,0.24000000000000005,2
mbpp:test:422:1ae11ea40f19,Qwen3-8B,0.0,1.0,1.0,0.28,2
mbpp:test:165:a5bd3ec55b8d,Qwen3-8B,1.0,1.0,0.0,0.25,2
mbpp:test:600:a8f58c6d415d,Qwen3-8B,1.0,1.0,0.0,0.30000000000000004,2
mbpp:test:823:5f7bb4a36613,Qwen3-8B,0.0,1.0,1.0,0.24,2
mbpp:test:365:50b970e0b40a,Qwen3-8B,0.0,1.0,1.0,0.19,2
mbpp:test:384:0bdae9466605,Qwen3-8B,1.0,1.0,0.0,0.2,2
mbpp:test:845:8e2737cccee7,Qwen3-8B,1.0,1.0,0.0,0.39999999999999997,2
mbpp:test:923:d48b2e244cd0,Qwen3-8B,1.0,1.0,0.0,0.44999999999999996,2
mbpp:test:931:c1971c263bca,Qwen3-8B,0.0,1.0,1.0,0.51,2
mbpp:test:380:9b50b90ce72a,Qwen3-8B,1.0,1.0,0.0,0.21000000000000002,2
mbpp:test:479:a73a1be4ebc4,Qwen3-8B,0.0,1.0,1.0,0.31000000000000005,2
mbpp:test:12:72488b460e82,Qwen3-8B,1.0,1.0,0.0,0.27,2
mbpp:test:263:55904c4df082,Qwen3-8B,1.0,1.0,0.0,0.31000000000000005,2
mbpp:test:726:8221d3070679,Qwen3-8B,0.0,1.0,1.0,0.31000000000000005,2
mbpp:test:285:b47013142999,Qwen3-8B,0.0,1.0,1.0,0.51,2
mbpp:test:511:24870955cadd,Qwen3-8B,1.0,1.0,0.0,0.34,2
mbpp:test:502:fc0d252c6cad,Qwen3-8B,0.0,0.0,0.0,0.32000000000000006,2
mbpp:test:505:7fd9a308cf85,Qwen3-8B,0.0,1.0,1.0,0.65,2
mbpp:test:267:7f353d8aa7af,Qwen3-8B,0.0,0.0,0.0,0.51,2
mbpp:test:832:6590d4492d61,Qwen3-8B,0.0,1.0,1.0,0.45999999999999996,2
mbpp:test:914:b9f053523db9,Qwen3-8B,1.0,1.0,0.0,0.24000000000000005,2
mbpp:test:803:ccbc7b0dbf3c,Qwen3-8B,1.0,1.0,0.0,0.33999999999999997,2
mbpp:test:729:0aaad29176de,Qwen3-8B,1.0,1.0,0.0,0.46,2
mbpp:test:607:0db60084194d,Qwen3-8B,1.0,1.0,0.0,0.30000000000000004,2
mbpp:test:738:b3fbfa3bf23b,Qwen3-8B,1.0,1.0,0.0,0.32999999999999996,2
mbpp:test:74:4928038a65d4,Qwen3-8B,0.0,1.0,1.0,0.41999999999999993,2
mbpp:test:524:c128ad463842,Qwen3-8B,1.0,1.0,0.0,0.25,2
mbpp:test:258:c4b90e1c7028,Qwen3-8B,0.0,1.0,1.0,0.30000000000000004,2
mbpp:test:562:c6131bacf3cf,Qwen3-8B,0.0,1.0,1.0,0.4,2
mbpp:test:136:95168ba66efc,Qwen3-8B,1.0,1.0,0.0,0.24,2
mbpp:test:42:180bd56f182a,Qwen3-8B,1.0,1.0,0.0,0.27999999999999997,2
mbpp:test:644:caa154207588,Qwen3-8B,0.0,1.0,1.0,0.13,2
mbpp:test:440:5f0f1a2a116d,Qwen3-8B,0.0,1.0,1.0,0.24,2
mbpp:test:584:707de982fbc8,Qwen3-8B,1.0,1.0,0.0,0.37,2
mbpp:test:89:8dc671a9bba4,Qwen3-8B,0.0,1.0,1.0,0.48000000000000004,2
mbpp:test:291:0f4bda9b0f37,Qwen3-8B,0.0,1.0,1.0,0.51,2
mbpp:test:97:7b9c0ab853ea,Qwen3-8B,1.0,1.0,0.0,0.53,2
mbpp:test:61:bd50a5368571,Qwen3-8B,1.0,1.0,0.0,0.19,2
mbpp:test:8:506839e72074,Qwen3-8B,1.0,1.0,0.0,0.59,2
medqa:test:986:31d4f1664abb,Qwen3-8B,1.0,1.0,0.0,0.010000000000000009,2
medqa:test:380:43aabf347896,Qwen3-8B,1.0,1.0,0.0,0.07,2
medqa:test:1122:77581b96f167,DeepSeek-R1-0528-Qwen3-8B,1.0,1.0,0.0,0.08999999999999997,2
medqa:test:69:11544b47baee,DeepSeek-R1-0528-Qwen3-8B,1.0,1.0,0.0,0.040000000000000036,2
medqa:test:1182:fda413dfe5c4,Qwen3-8B,1.0,1.0,0.0,0.030000000000000027,2
medqa:test:1174:f22fdb3273db,DeepSeek-R1-0528-Qwen3-8B,1.0,1.0,0.0,0.04999999999999999,2
medqa:test:1167:24da642a9ef9,DeepSeek-R1-0528-Qwen3-8B,1.0,1.0,0.0,0.020000000000000018,2
medqa:test:574:6952b6fee519,Qwen3-8B,1.0,1.0,0.0,0.020000000000000018,2
medqa:test:410:16e40dd00daf,Qwen3-8B,1.0,1.0,0.0,0.030000000000000027,2
medqa:test:727:6f1e5f5abdcc,DeepSeek-R1-0528-Qwen3-8B,1.0,1.0,0.0,0.020000000000000018,2
medqa:test:570:37695786e573,Qwen3-8B,1.0,1.0,0.0,0.09999999999999998,2
medqa:test:872:3fbc0c3a1075,Qwen3-8B,1.0,1.0,0.0,0.06,2
medqa:test:483:6e2e84a2afc3,DeepSeek-R1-0528-Qwen3-8B,1.0,1.0,0.0,0.030000000000000027,2
medqa:test:1247:87895c81eba2,Qwen3-8B,1.0,1.0,0.0,0.010000000000000009,2
medqa:test:193:5c72dc1f0af3,Qwen3-8B,1.0,1.0,0.0,0.010000000000000009,2
medqa:test:277:5c00ec3f52df,DeepSeek-R1-0528-Qwen3-8B,1.0,1.0,0.0,0.0,2
medqa:test:597:aec539421e34,Qwen3-8B,1.0,1.0,0.0,0.0,2
medqa:test:348:22e27c8ea88f,DeepSeek-R1-0528-Qwen3-8B,1.0,1.0,0.0,0.09000000000000002,2
medqa:test:991:52771d5c3b94,DeepSeek-R1-0528-Qwen3-8B,1.0,1.0,0.0,0.07999999999999996,2
medqa:test:667:f6b882eb4f5e,Qwen3-8B,1.0,1.0,0.0,0.010000000000000009,2
medqa:test:282:1fa6124092c3,DeepSeek-R1-0528-Qwen3-8B,1.0,1.0,0.0,0.06,2
medqa:test:1246:f010e0b8e553,DeepSeek-R1-0528-Qwen3-8B,1.0,1.0,0.0,0.04999999999999999,2
medqa:test:660:9fa37121a79a,Qwen3-8B,0.0,1.0,1.0,0.019999999999999962,2
medqa:test:1208:f6ff2aa60702,DeepSeek-R1-0528-Qwen3-8B,1.0,1.0,0.0,0.040000000000000036,2
medqa:test:126:174944366abd,Qwen3-8B,1.0,1.0,0.0,0.04999999999999999,2
medqa:test:123:a97c0b8a7fd7,DeepSeek-R1-0528-Qwen3-8B,1.0,1.0,0.0,0.030000000000000027,2
medqa:test:275:9c958854b7ce,DeepSeek-R1-0528-Qwen3-8B,1.0,1.0,0.0,0.040000000000000036,2
medqa:test:440:0f3f14a1fd12,DeepSeek-R1-0528-Qwen3-8B,1.0,1.0,0.0,0.06,2
medqa:test:754:6b900b09d1e9,DeepSeek-R1-0528-Qwen3-8B,1.0,1.0,0.0,0.040000000000000036,2
medqa:test:940:45f039652f2e,DeepSeek-R1-0528-Qwen3-8B,1.0,1.0,0.0,0.009999999999999953,2
medqa:test:1:c80bd39487a5,Qwen3-8B,0.0,1.0,1.0,0.020000000000000018,2
medqa:test:1264:21721bec7a0d,Qwen3-8B,1.0,1.0,0.0,0.010000000000000009,2
medqa:test:938:0c6ca34df47c,DeepSeek-R1-0528-Qwen3-8B,1.0,1.0,0.0,0.040000000000000036,2
medqa:test:44:a6301bc791cd,DeepSeek-R1-0528-Qwen3-8B,1.0,1.0,0.0,0.12000000000000002,2
medqa:test:464:b467c1b162f0,Qwen3-8B,1.0,1.0,0.0,0.06,2
medqa:test:262:61d39538b482,Qwen3-8B,1.0,1.0,0.0,0.040000000000000036,2
medqa:test:92:7cd2b7cc0790,Qwen3-8B,1.0,1.0,0.0,0.03999999999999998,2
medqa:test:1190:ed562c7039da,Qwen3-8B,1.0,1.0,0.0,0.03999999999999998,2
medqa:test:362:a0666a82a2f9,DeepSeek-R1-0528-Qwen3-8B,1.0,1.0,0.0,0.020000000000000018,2
medqa:test:725:3d01a51d3869,Qwen3-8B,0.0,1.0,1.0,0.03999999999999998,2
medqa:test:22:345d474cafde,Qwen3-8B,1.0,1.0,0.0,0.030000000000000027,2
medqa:test:708:6a09ae2f0acd,DeepSeek-R1-0528-Qwen3-8B,1.0,1.0,0.0,0.04999999999999999,2
medqa:test:954:455059894743,DeepSeek-R1-0528-Qwen3-8B,1.0,1.0,0.0,0.07,2
medqa:test:599:fb7d265e2931,DeepSeek-R1-0528-Qwen3-8B,1.0,1.0,0.0,0.010000000000000009,2
medqa:test:239:602dc8814e18,Qwen3-8B,0.0,1.0,1.0,0.02999999999999997,2
medqa:test:398:16f205d24336,Qwen3-8B,0.0,1.0,1.0,5.551115123125783e-17,2
medqa:test:228:4a3477ecad81,DeepSeek-R1-0528-Qwen3-8B,1.0,1.0,0.0,0.0,2
medqa:test:152:f0641eb64ebb,DeepSeek-R1-0528-Qwen3-8B,1.0,1.0,0.0,0.02999999999999997,2
medqa:test:662:e75a48a55451,DeepSeek-R1-0528-Qwen3-8B,1.0,1.0,0.0,0.020000000000000018,2
medqa:test:139:0089757c1b9c,Qwen3-8B,1.0,1.0,0.0,0.03999999999999998,2
medqa:test:1001:21c657440ab0,DeepSeek-R1-0528-Qwen3-8B,1.0,1.0,0.0,0.010000000000000009,2
medqa:test:335:ebd8cd069387,DeepSeek-R1-0528-Qwen3-8B,1.0,1.0,0.0,0.030000000000000027,2
medqa:test:17:feadbc0e7157,DeepSeek-R1-0528-Qwen3-8B,1.0,1.0,0.0,0.0,2
medqa:test:1100:dd7e8d350150,DeepSeek-R1-0528-Qwen3-8B,1.0,1.0,0.0,0.020000000000000018,2
medqa:test:387:471677c69e59,DeepSeek-R1-0528-Qwen3-8B,0.0,1.0,1.0,0.030000000000000027,2
medqa:test:809:b87d595cf0ac,DeepSeek-R1-0528-Qwen3-8B,1.0,1.0,0.0,0.0,2
medqa:test:408:67844fe21542,DeepSeek-R1-0528-Qwen3-8B,1.0,1.0,0.0,0.03999999999999998,2
medqa:test:1127:43e28d7d8221,Qwen3-8B,0.0,1.0,1.0,0.04999999999999999,2
medqa:test:581:7e84d14eac8b,Qwen3-8B,1.0,1.0,0.0,0.020000000000000018,2
medqa:test:655:1d55f562b175,DeepSeek-R1-0528-Qwen3-8B,0.0,1.0,1.0,0.020000000000000018,2
medqa:test:1218:143684d796ab,DeepSeek-R1-0528-Qwen3-8B,1.0,1.0,0.0,0.04999999999999999,2
medqa:test:294:3199b2c3bb41,Qwen3-8B,1.0,1.0,0.0,0.08999999999999997,2
medqa:test:1008:df750f279142,Qwen3-8B,1.0,1.0,0.0,0.17,2
medqa:test:261:448c6faeff9a,Qwen3-8B,1.0,1.0,0.0,0.13999999999999999,2
medqa:test:1091:ffbce19bf22e,Qwen3-8B,1.0,1.0,0.0,0.09999999999999998,2
medqa:test:25:6e896141211a,Qwen3-8B,1.0,1.0,0.0,0.06,2
medqa:test:280:ce3273b41ccf,Qwen3-8B,0.0,1.0,1.0,0.02999999999999997,2
medqa:test:244:34f441c6d434,DeepSeek-R1-0528-Qwen3-8B,0.0,1.0,1.0,0.010000000000000009,2
medqa:test:880:e88cd7d6a75c,Qwen3-8B,1.0,1.0,0.0,0.07,2
medqa:test:1188:636f8cc599bb,Qwen3-8B,1.0,1.0,0.0,0.08999999999999997,2
medqa:test:13:75e3a6472919,DeepSeek-R1-0528-Qwen3-8B,1.0,1.0,0.0,0.09000000000000002,2
medqa:test:1149:dd5651cc5c60,DeepSeek-R1-0528-Qwen3-8B,1.0,1.0,0.0,0.10999999999999999,2
medqa:test:55:0781daaae559,Qwen3-8B,1.0,1.0,0.0,0.010000000000000009,2
medqa:test:53:1d625f019398,DeepSeek-R1-0528-Qwen3-8B,1.0,1.0,0.0,0.04999999999999999,2
medqa:test:964:22108ebe079f,Qwen3-8B,1.0,1.0,0.0,0.09999999999999998,2
medqa:test:685:2b8f3d68c0bc,DeepSeek-R1-0528-Qwen3-8B,1.0,1.0,0.0,0.0,2
medqa:test:395:8022ddc43083,DeepSeek-R1-0528-Qwen3-8B,1.0,1.0,0.0,0.010000000000000009,2
medqa:test:1107:e4625159a200,Qwen3-8B,0.0,1.0,1.0,0.07,2
medqa:test:586:261a8b6d8d12,Qwen3-8B,1.0,1.0,0.0,0.09000000000000002,2
medqa:test:23:88c2c30652ce,DeepSeek-R1-0528-Qwen3-8B,1.0,1.0,0.0,0.030000000000000027,2
medqa:test:257:bf332b275844,DeepSeek-R1-0528-Qwen3-8B,1.0,1.0,0.0,0.019999999999999962,2
medqa:test:1124:235c1039d065,DeepSeek-R1-0528-Qwen3-8B,1.0,1.0,0.0,0.020000000000000018,2
medqa:test:72:f6707abcf210,DeepSeek-R1-0528-Qwen3-8B,1.0,1.0,0.0,0.020000000000000018,2
medqa:test:445:08c51aa23ed3,Qwen3-8B,1.0,1.0,0.0,0.21,2
medqa:test:401:2045b29659ab,DeepSeek-R1-0528-Qwen3-8B,1.0,1.0,0.0,0.07,2
medqa:test:51:b2cdf04dca94,Qwen3-8B,1.0,1.0,0.0,0.019999999999999962,2
medqa:test:1154:3eac42473fff,DeepSeek-R1-0528-Qwen3-8B,1.0,1.0,0.0,0.06,2
medqa:test:688:7d48bc76bc7d,DeepSeek-R1-0528-Qwen3-8B,1.0,1.0,0.0,0.010000000000000009,2
medqa:test:391:66e9a9eb0a73,DeepSeek-R1-0528-Qwen3-8B,1.0,1.0,0.0,0.040000000000000036,2
medqa:test:885:be42a8b2956e,DeepSeek-R1-0528-Qwen3-8B,1.0,1.0,0.0,0.08999999999999997,2
medqa:test:1164:700373d2a006,DeepSeek-R1-0528-Qwen3-8B,1.0,1.0,0.0,0.09999999999999998,2
medqa:test:901:33173b4bafbf,DeepSeek-R1-0528-Qwen3-8B,1.0,1.0,0.0,0.010000000000000009,2
medqa:test:412:7c9eeabf26ae,DeepSeek-R1-0528-Qwen3-8B,1.0,1.0,0.0,0.14,2
medqa:test:1099:c54615b9105c,DeepSeek-R1-0528-Qwen3-8B,1.0,1.0,0.0,0.010000000000000009,2
medqa:test:573:d457439c373a,Qwen3-8B,1.0,1.0,0.0,0.06,2
medqa:test:293:6dba165f8f48,Qwen3-8B,1.0,1.0,0.0,0.0,2
medqa:test:45:79789178b992,DeepSeek-R1-0528-Qwen3-8B,0.0,1.0,1.0,0.020000000000000018,2
medqa:test:833:4c9360259601,Qwen3-8B,1.0,1.0,0.0,0.06,2
medqa:test:966:057dc0a5e123,Qwen3-8B,1.0,1.0,0.0,0.030000000000000027,2
medqa:test:93:3478c5c4f43a,Qwen3-8B,1.0,1.0,0.0,0.020000000000000018,2
medqa:test:675:9ffe583a3447,Qwen3-8B,1.0,1.0,0.0,0.010000000000000009,2
medqa:test:383:dd7d93b148ec,Qwen3-8B,1.0,1.0,0.0,0.020000000000000018,2
medqa:test:565:4f48fad770dd,Qwen3-8B,0.0,1.0,1.0,0.030000000000000027,2
medqa:test:1037:b70d3a178f0c,DeepSeek-R1-0528-Qwen3-8B,1.0,1.0,0.0,0.0,2
medqa:test:965:1625a38f6951,Qwen3-8B,1.0,1.0,0.0,0.030000000000000027,2
medqa:test:1006:822e0f9092e7,DeepSeek-R1-0528-Qwen3-8B,1.0,1.0,0.0,0.050000000000000044,2
medqa:test:449:ceca7e690f4c,Qwen3-8B,0.0,1.0,1.0,0.09999999999999998,2
medqa:test:617:71349f239552,DeepSeek-R1-0528-Qwen3-8B,0.0,1.0,1.0,0.04999999999999999,2
medqa:test:967:c0bb43d77eb3,DeepSeek-R1-0528-Qwen3-8B,0.0,1.0,1.0,0.0,2
medqa:test:1192:179f224269f7,DeepSeek-R1-0528-Qwen3-8B,1.0,1.0,0.0,0.06999999999999995,2
medqa:test:265:e6fe7fdc9e0c,Qwen3-8B,0.0,1.0,1.0,0.030000000000000027,2
medqa:test:1239:6bd6204ba130,Qwen3-8B,1.0,1.0,0.0,0.040000000000000036,2
medqa:test:756:3766c7d79f1f,DeepSeek-R1-0528-Qwen3-8B,1.0,1.0,0.0,0.010000000000000009,2
medqa:test:1054:967fb80005f2,DeepSeek-R1-0528-Qwen3-8B,1.0,1.0,0.0,0.009999999999999953,2
medqa:test:136:1c160590b972,DeepSeek-R1-0528-Qwen3-8B,1.0,1.0,0.0,0.030000000000000027,2
medqa:test:425:6bd447f0ec3a,DeepSeek-R1-0528-Qwen3-8B,1.0,1.0,0.0,0.010000000000000009,2
medqa:test:933:fb7964fbc902,DeepSeek-R1-0528-Qwen3-8B,1.0,1.0,0.0,0.02999999999999997,2
medqa:test:188:e59a2bcd681d,Qwen3-8B,1.0,1.0,0.0,0.02999999999999997,2
medqa:test:652:e3caec7857bc,DeepSeek-R1-0528-Qwen3-8B,0.0,1.0,1.0,0.07,2
medqa:test:908:146b619c754c,Qwen3-8B,1.0,1.0,0.0,0.06,2
medqa:test:634:d4becede8036,DeepSeek-R1-0528-Qwen3-8B,0.0,1.0,1.0,0.020000000000000018,2
medqa:test:418:508c69d5dba6,Qwen3-8B,1.0,1.0,0.0,0.030000000000000027,2
medqa:test:807:0802844a8653,DeepSeek-R1-0528-Qwen3-8B,1.0,1.0,0.0,0.030000000000000027,2
medqa:test:780:0e22ccf78ed7,Qwen3-8B,1.0,1.0,0.0,0.04999999999999999,2
medqa:test:726:7c4ec73823ef,DeepSeek-R1-0528-Qwen3-8B,1.0,1.0,0.0,0.040000000000000036,2
medqa:test:514:86e11c699981,Qwen3-8B,1.0,1.0,0.0,0.03999999999999998,2
medqa:test:608:16ec44a3ceaf,DeepSeek-R1-0528-Qwen3-8B,1.0,1.0,0.0,0.030000000000000027,2
medqa:test:782:b8d0a2c0dbb5,DeepSeek-R1-0528-Qwen3-8B,1.0,1.0,0.0,0.03999999999999998,2
medqa:test:686:6731ae0a75d9,DeepSeek-R1-0528-Qwen3-8B,1.0,1.0,0.0,0.0,2
medqa:test:287:4a4294389901,Qwen3-8B,1.0,1.0,0.0,0.009999999999999953,2
medqa:test:488:36172bb75bac,Qwen3-8B,1.0,1.0,0.0,0.020000000000000018,2
medqa:test:1049:99f3f7352527,DeepSeek-R1-0528-Qwen3-8B,0.0,1.0,1.0,0.009999999999999953,2
medqa:test:717:61ec895e8c3a,Qwen3-8B,0.0,1.0,1.0,0.030000000000000027,2
medqa:test:834:c67e61100f6f,DeepSeek-R1-0528-Qwen3-8B,1.0,1.0,0.0,0.03999999999999998,2
medqa:test:480:5af5bafedfa5,Qwen3-8B,1.0,1.0,0.0,0.04999999999999999,2
medqa:test:980:aa3405df1997,DeepSeek-R1-0528-Qwen3-8B,1.0,1.0,0.0,0.010000000000000009,2
medqa:test:497:e34c4ed8cd08,DeepSeek-R1-0528-Qwen3-8B,1.0,1.0,0.0,0.04999999999999999,2
medqa:test:649:55d8a17a97fd,DeepSeek-R1-0528-Qwen3-8B,1.0,1.0,0.0,0.19,2
medqa:test:1055:7bac10738958,DeepSeek-R1-0528-Qwen3-8B,1.0,1.0,0.0,0.010000000000000009,2
medqa:test:838:4058709dc91c,Qwen3-8B,1.0,1.0,0.0,0.030000000000000027,2
medqa:test:337:de0c6413e100,DeepSeek-R1-0528-Qwen3-8B,0.0,1.0,1.0,0.050000000000000044,2
medqa:test:1146:287443b40cbd,DeepSeek-R1-0528-Qwen3-8B,1.0,1.0,0.0,0.06,2
medqa:test:647:006382b37f7a,DeepSeek-R1-0528-Qwen3-8B,1.0,1.0,0.0,0.019999999999999962,2
medqa:test:1138:3c3f5082e7c7,Qwen3-8B,1.0,1.0,0.0,0.03999999999999998,2
medqa:test:216:b9b5177c388b,Qwen3-8B,0.0,1.0,1.0,0.04999999999999999,2
medqa:test:676:76fbd594d576,DeepSeek-R1-0528-Qwen3-8B,1.0,1.0,0.0,0.0,2
medqa:test:1111:8cb4cc04779b,DeepSeek-R1-0528-Qwen3-8B,1.0,1.0,0.0,0.040000000000000036,2
medqa:test:1193:444c82660076,Qwen3-8B,1.0,1.0,0.0,0.04999999999999999,2
medqa:test:1016:d9f5baaeaffa,DeepSeek-R1-0528-Qwen3-8B,1.0,1.0,0.0,0.009999999999999953,2
medqa:test:603:dc0a9ce91129,Qwen3-8B,0.0,1.0,1.0,0.010000000000000009,2
medqa:test:576:1db62c63b701,DeepSeek-R1-0528-Qwen3-8B,1.0,1.0,0.0,0.010000000000000009,2
medqa:test:1168:43d14efacf13,Qwen3-8B,1.0,1.0,0.0,0.02999999999999997,2
medqa:test:804:3945cb221aaa,Qwen3-8B,0.0,1.0,1.0,0.06,2
medqa:test:546:1f14cca41c24,Qwen3-8B,1.0,1.0,0.0,0.010000000000000009,2
medqa:test:417:9ee6745e4102,DeepSeek-R1-0528-Qwen3-8B,0.0,1.0,1.0,0.09999999999999998,2
medqa:test:700:d474ccb2824f,DeepSeek-R1-0528-Qwen3-8B,1.0,1.0,0.0,0.020000000000000018,2
medqa:test:177:58ba6912379c,Qwen3-8B,1.0,1.0,0.0,0.10999999999999999,2
medqa:test:1097:9873e5f1ffd6,DeepSeek-R1-0528-Qwen3-8B,1.0,1.0,0.0,0.020000000000000018,2
medqa:test:85:89156ac297cc,Qwen3-8B,1.0,1.0,0.0,0.009999999999999953,2
medqa:test:698:320574ebc8ec,Qwen3-8B,1.0,1.0,0.0,0.03999999999999998,2
medqa:test:218:c893ff11bcc5,Qwen3-8B,1.0,1.0,0.0,0.08000000000000002,2
medqa:test:996:ba3366fac54a,Qwen3-8B,1.0,1.0,0.0,0.04999999999999999,2
medqa:test:935:11ca46933ecb,Qwen3-8B,1.0,1.0,0.0,0.009999999999999953,2
medqa:test:1018:622a9d424ce2,DeepSeek-R1-0528-Qwen3-8B,1.0,1.0,0.0,0.07,2
medqa:test:1057:582f57969a9d,Qwen3-8B,1.0,1.0,0.0,0.010000000000000009,2
medqa:test:84:b9a8c3feece2,DeepSeek-R1-0528-Qwen3-8B,1.0,1.0,0.0,0.06,2
medqa:test:104:c228fdb625b3,DeepSeek-R1-0528-Qwen3-8B,1.0,1.0,0.0,0.030000000000000027,2
medqa:test:1114:d61682c8bd3c,Qwen3-8B,1.0,1.0,0.0,0.040000000000000036,2
medqa:test:389:b0371d8c6521,Qwen3-8B,1.0,1.0,0.0,0.08000000000000002,2
medqa:test:852:40615f772f27,DeepSeek-R1-0528-Qwen3-8B,1.0,1.0,0.0,0.08999999999999997,2
medqa:test:214:ef850ce65faa,DeepSeek-R1-0528-Qwen3-8B,1.0,1.0,0.0,0.02999999999999997,2
medqa:test:943:ca195595c111,DeepSeek-R1-0528-Qwen3-8B,1.0,1.0,0.0,0.04999999999999999,2
medqa:test:583:987d11131a65,DeepSeek-R1-0528-Qwen3-8B,1.0,1.0,0.0,0.02999999999999997,2
medqa:test:183:d97cf08134c8,DeepSeek-R1-0528-Qwen3-8B,1.0,1.0,0.0,0.020000000000000018,2
medqa:test:363:3233b8cbbf9e,DeepSeek-R1-0528-Qwen3-8B,0.0,1.0,1.0,0.040000000000000036,2
medqa:test:290:36333b6d98a4,DeepSeek-R1-0528-Qwen3-8B,1.0,1.0,0.0,0.08999999999999997,2
medqa:test:868:d4ce90473866,Qwen3-8B,0.0,1.0,1.0,0.03999999999999998,2
medqa:test:24:5ea73d1cfb60,Qwen3-8B,0.0,1.0,1.0,0.020000000000000018,2
medqa:test:890:fcee512a4936,Qwen3-8B,1.0,1.0,0.0,0.040000000000000036,2
medqa:test:1250:1a1f918dfc11,DeepSeek-R1-0528-Qwen3-8B,1.0,1.0,0.0,0.03999999999999998,2
medqa:test:184:391e0791dad4,Qwen3-8B,1.0,1.0,0.0,0.010000000000000009,2
medqa:test:312:067c50d5a131,DeepSeek-R1-0528-Qwen3-8B,1.0,1.0,0.0,0.020000000000000018,2
medqa:test:738:4197de17dc3a,DeepSeek-R1-0528-Qwen3-8B,1.0,1.0,0.0,0.0,2
medqa:test:1144:b9aa96c70f2d,DeepSeek-R1-0528-Qwen3-8B,0.0,1.0,1.0,0.02999999999999997,2
medqa:test:993:25a267c226fe,Qwen3-8B,1.0,1.0,0.0,0.1,2
medqa:test:999:c3214d663ca0,Qwen3-8B,1.0,1.0,0.0,0.10999999999999999,2
medqa:test:1212:468df8eebe2a,DeepSeek-R1-0528-Qwen3-8B,1.0,1.0,0.0,0.13999999999999996,2
medqa:test:988:194d7717e150,Qwen3-8B,1.0,1.0,0.0,0.06,2
medqa:test:30:5f44ff28e379,Qwen3-8B,0.0,1.0,1.0,0.08000000000000002,2
medqa:test:281:5779703f649a,Qwen3-8B,1.0,1.0,0.0,0.08999999999999997,2
medqa:test:324:7b60ad558466,DeepSeek-R1-0528-Qwen3-8B,1.0,1.0,0.0,0.010000000000000009,2
medqa:test:849:d61fd7a7cc63,Qwen3-8B,1.0,1.0,0.0,0.02999999999999997,2
medqa:test:766:cb715e34ac87,DeepSeek-R1-0528-Qwen3-8B,1.0,1.0,0.0,0.010000000000000009,2
medqa:test:486:6650ccde242e,DeepSeek-R1-0528-Qwen3-8B,0.0,1.0,1.0,0.02999999999999997,2
medqa:test:972:52e921b166c8,Qwen3-8B,1.0,1.0,0.0,0.009999999999999953,2
medqa:test:913:1ead84a1fced,DeepSeek-R1-0528-Qwen3-8B,1.0,1.0,0.0,0.030000000000000027,2
medqa:test:859:4fdc2051d8c4,DeepSeek-R1-0528-Qwen3-8B,1.0,1.0,0.0,0.020000000000000018,2
medqa:test:693:881ab9a7d83b,DeepSeek-R1-0528-Qwen3-8B,1.0,1.0,0.0,0.040000000000000036,2
medqa:test:776:879dd1dbe6e3,DeepSeek-R1-0528-Qwen3-8B,1.0,1.0,0.0,0.07,2
medqa:test:200:46d44598e99b,DeepSeek-R1-0528-Qwen3-8B,1.0,1.0,0.0,0.09999999999999998,2
medqa:test:28:c342be05bc95,Qwen3-8B,1.0,1.0,0.0,0.020000000000000018,2
medqa:test:365:6d4982a0d905,Qwen3-8B,0.0,1.0,1.0,0.0,2
medqa:test:1051:cf99e08e32da,Qwen3-8B,1.0,1.0,0.0,0.030000000000000027,2
medqa:test:373:a7c2582b5494,Qwen3-8B,0.0,1.0,1.0,0.04999999999999999,2
medqa:test:1197:24c298a2918c,Qwen3-8B,1.0,1.0,0.0,0.020000000000000018,2
medqa:test:414:5ea0a53dae85,Qwen3-8B,0.0,1.0,1.0,0.09000000000000002,2
medqa:test:620:d15dcf8fb938,Qwen3-8B,1.0,1.0,0.0,0.050000000000000044,2
medqa:test:532:da1df82afe30,Qwen3-8B,0.0,0.0,0.0,0.030000000000000027,2
medqa:test:630:a1f9da4e63be,DeepSeek-R1-0528-Qwen3-8B,1.0,1.0,0.0,0.010000000000000009,2
medqa:test:353:53687f9d03b5,Qwen3-8B,0.0,1.0,1.0,0.06,2
medqa:test:811:d21948ff33e6,Qwen3-8B,0.0,1.0,1.0,0.019999999999999962,2
medqa:test:974:6f87be941256,Qwen3-8B,1.0,1.0,0.0,0.010000000000000009,2
medqa:test:1159:4541aed44983,Qwen3-8B,1.0,1.0,0.0,0.10000000000000003,2
medqa:test:10:c51ee9a89381,DeepSeek-R1-0528-Qwen3-8B,1.0,1.0,0.0,0.04999999999999999,2
medqa:test:517:6bceeae81b8a,DeepSeek-R1-0528-Qwen3-8B,1.0,1.0,0.0,0.050000000000000044,2
medqa:test:549:8aa5a7dc4d1c,Qwen3-8B,1.0,1.0,0.0,0.010000000000000009,2
medqa:test:155:9dadacac07d9,DeepSeek-R1-0528-Qwen3-8B,1.0,1.0,0.0,0.010000000000000009,2
medqa:test:751:e03c4d7e2174,DeepSeek-R1-0528-Qwen3-8B,1.0,1.0,0.0,0.07999999999999996,2
medqa:test:851:5809d44da57f,Qwen3-8B,1.0,1.0,0.0,0.06,2
medqa:test:220:2affe84f11a7,Qwen3-8B,1.0,1.0,0.0,0.03999999999999998,2
medqa:test:125:670b0251ec2f,DeepSeek-R1-0528-Qwen3-8B,1.0,1.0,0.0,0.06,2
medqa:test:637:349dc59c3ab3,Qwen3-8B,1.0,1.0,0.0,0.030000000000000027,2
medqa:test:334:9f50fb612502,Qwen3-8B,0.0,1.0,1.0,0.21999999999999997,2
medqa:test:19:5c28b6a3b592,Qwen3-8B,1.0,1.0,0.0,0.02999999999999997,2
medqa:test:156:3cf7497feb35,Qwen3-8B,0.0,1.0,1.0,0.08999999999999997,2
medqa:test:1158:223920909566,DeepSeek-R1-0528-Qwen3-8B,1.0,1.0,0.0,0.0,2
medqa:test:21:f198daceccdc,DeepSeek-R1-0528-Qwen3-8B,1.0,1.0,0.0,0.010000000000000009,2
medqa:test:141:6b56b620b817,Qwen3-8B,1.0,1.0,0.0,0.030000000000000027,2
medqa:test:1023:9578b994c63f,Qwen3-8B,1.0,1.0,0.0,0.06,2
medqa:test:357:0bf9db5e3dc5,Qwen3-8B,1.0,1.0,0.0,0.03999999999999998,2
medqa:test:650:4455078f8911,Qwen3-8B,1.0,1.0,0.0,0.020000000000000018,2
medqa:test:784:ff0ceb5227da,DeepSeek-R1-0528-Qwen3-8B,1.0,1.0,0.0,0.010000000000000009,2
medqa:test:636:6d34861ec43b,Qwen3-8B,1.0,1.0,0.0,0.13,2
medqa:test:1166:3c38342f0b65,DeepSeek-R1-0528-Qwen3-8B,1.0,1.0,0.0,0.010000000000000009,2
medqa:test:245:a0ac43ba40f2,DeepSeek-R1-0528-Qwen3-8B,0.0,1.0,1.0,0.040000000000000036,2
medqa:test:1257:f4a38ba404fb,Qwen3-8B,1.0,1.0,0.0,0.07999999999999996,2
medqa:test:559:d617c12c6c14,Qwen3-8B,1.0,1.0,0.0,0.07999999999999996,2
medqa:test:628:92c22b27c5a4,Qwen3-8B,0.0,1.0,1.0,0.09000000000000002,2
medqa:test:504:99cbdc945742,Qwen3-8B,1.0,1.0,0.0,0.020000000000000018,2
medqa:test:274:46cd09116a6a,Qwen3-8B,0.0,1.0,1.0,0.09000000000000002,2
medqa:test:977:11781039d819,Qwen3-8B,1.0,1.0,0.0,0.040000000000000036,2
medqa:test:248:8cec76ef9197,Qwen3-8B,1.0,1.0,0.0,0.03999999999999998,2
medqa:test:1140:3d525cb3e58a,Qwen3-8B,1.0,1.0,0.0,0.03999999999999998,2
medqa:test:998:5a3689d1fc91,Qwen3-8B,1.0,1.0,0.0,0.030000000000000027,2
medqa:test:1227:dbacc00bbed2,Qwen3-8B,1.0,1.0,0.0,0.010000000000000009,2
medqa:test:468:357c14757839,DeepSeek-R1-0528-Qwen3-8B,1.0,1.0,0.0,0.07,2
medqa:test:1139:e92dcbd02542,Qwen3-8B,1.0,1.0,0.0,0.06000000000000005,2
medqa:test:832:062f19339c56,DeepSeek-R1-0528-Qwen3-8B,1.0,1.0,0.0,0.030000000000000027,2
medqa:test:319:e1dc4406620f,Qwen3-8B,1.0,1.0,0.0,0.050000000000000044,2
medqa:test:1056:34bff6008ff8,DeepSeek-R1-0528-Qwen3-8B,1.0,1.0,0.0,0.040000000000000036,2
medqa:test:951:8a638f10cdef,DeepSeek-R1-0528-Qwen3-8B,1.0,1.0,0.0,0.020000000000000018,2
medqa:test:148:5dfee593a638,Qwen3-8B,1.0,1.0,0.0,0.030000000000000027,2
medqa:test:596:b49018cd9d8d,Qwen3-8B,1.0,1.0,0.0,0.03999999999999998,2
medqa:test:119:74936a6ac64b,DeepSeek-R1-0528-Qwen3-8B,1.0,1.0,0.0,0.07,2
medqa:test:291:a24a4dedfe66,Qwen3-8B,0.0,1.0,1.0,0.020000000000000018,2
meld:test:982:c3b4cd2611ec,Qwen3-8B,1.0,1.0,0.0,0.12000000000000002,2
meld:test:1029:06c540f55f6d,Qwen3-8B,0.0,0.0,0.0,0.11999999999999997,2
meld:test:1061:2abd9a5e67a0,Qwen3-8B,0.0,1.0,1.0,0.12999999999999998,2
meld:test:886:078d2f2b7423,Qwen3-8B,0.0,1.0,1.0,0.15,2
meld:test:783:37690e64709c,Qwen3-8B,0.0,1.0,1.0,0.18,2
meld:test:610:6b16b1787622,Qwen3-8B,0.0,1.0,1.0,0.19999999999999998,2
meld:test:242:996f75d69081,Qwen3-8B,0.0,0.0,0.0,0.13000000000000003,2
meld:test:766:932d1e0d39bc,Qwen3-8B,0.0,1.0,1.0,0.10000000000000003,2
meld:test:329:c45e52291b66,Qwen3-8B,1.0,1.0,0.0,0.12999999999999998,2
meld:test:1118:edc216951acc,Qwen3-8B,1.0,1.0,0.0,0.15,2
meld:test:224:b548abce1d55,Qwen3-8B,1.0,1.0,0.0,0.13999999999999999,2
meld:test:594:f2cf831b188f,Qwen3-8B,1.0,1.0,0.0,0.11000000000000001,2
meld:test:294:47381a8ecbb3,Qwen3-8B,1.0,1.0,0.0,0.12000000000000002,2
meld:test:255:3d14ada8bc6e,Qwen3-8B,1.0,1.0,0.0,0.16999999999999998,2
meld:test:246:e76279953aef,Qwen3-8B,0.0,1.0,1.0,0.1,2
meld:test:932:7f13cf7c6a6b,Qwen3-8B,0.0,1.0,1.0,0.12999999999999998,2
meld:test:1184:5a72ef219aeb,Qwen3-8B,0.0,1.0,1.0,0.11000000000000001,2
meld:test:773:4e9553cec263,Qwen3-8B,0.0,0.0,0.0,0.17,2
meld:test:1193:d937a77e51b2,Qwen3-8B,1.0,1.0,0.0,0.20999999999999996,2
meld:test:1173:a37da8052d0e,Qwen3-8B,1.0,1.0,0.0,0.12000000000000002,2
meld:test:412:c8fbeff2d269,Qwen3-8B,1.0,1.0,0.0,0.09000000000000002,2
meld:test:843:40a969caa1c5,Qwen3-8B,0.0,1.0,1.0,0.11999999999999997,2
meld:test:191:f83de1002676,Qwen3-8B,1.0,1.0,0.0,0.17,2
meld:test:269:0526df2c63bb,Qwen3-8B,0.0,1.0,1.0,0.12000000000000002,2
meld:test:458:9083ffc13640,Qwen3-8B,0.0,1.0,1.0,0.16999999999999998,2
meld:test:263:3af9e1b668b5,Qwen3-8B,1.0,1.0,0.0,0.13999999999999999,2
meld:test:973:00bc2d26c412,Qwen3-8B,0.0,1.0,1.0,0.18000000000000002,2
meld:test:144:137a9e734b10,Qwen3-8B,1.0,1.0,0.0,0.19,2
meld:test:420:cbce961aee38,Qwen3-8B,1.0,1.0,0.0,0.18,2
meld:test:379:0da967b33183,Qwen3-8B,0.0,1.0,1.0,0.12999999999999998,2
meld:test:688:5e00fba2bcd6,Qwen3-8B,0.0,1.0,1.0,0.14999999999999997,2
meld:test:904:e39e8452697d,Qwen3-8B,0.0,1.0,1.0,0.16999999999999998,2
meld:test:362:f2de1e69c109,Qwen3-8B,1.0,1.0,0.0,0.16,2
meld:test:968:c7cb45103ff9,Qwen3-8B,1.0,1.0,0.0,0.18000000000000002,2
meld:test:514:3a49497707ed,Qwen3-8B,0.0,1.0,1.0,0.17,2
meld:test:1164:1e63ed674342,Qwen3-8B,1.0,1.0,0.0,0.1,2
meld:test:871:106aa64d60c2,Qwen3-8B,1.0,1.0,0.0,0.16,2
meld:test:199:69ce883acea2,Qwen3-8B,0.0,0.0,0.0,0.17,2
meld:test:1004:3c6f1269df34,Qwen3-8B,1.0,1.0,0.0,0.12,2
meld:test:260:9fdc24e94cef,Qwen3-8B,1.0,1.0,0.0,0.16,2
meld:test:355:9e2a0de4adfe,Qwen3-8B,0.0,1.0,1.0,0.13000000000000003,2
meld:test:342:ff0b63ab4005,Qwen3-8B,0.0,0.0,0.0,0.10999999999999999,2
meld:test:607:d481b4c28ce5,Qwen3-8B,0.0,1.0,1.0,0.12999999999999998,2
meld:test:515:8d26f37a197e,Qwen3-8B,1.0,1.0,0.0,0.16999999999999998,2
meld:test:128:7e5b6e78b625,Qwen3-8B,1.0,1.0,0.0,0.15999999999999998,2
meld:test:517:5e954f416e66,Qwen3-8B,1.0,1.0,0.0,0.05999999999999997,2
meld:test:920:a763cb83b715,Qwen3-8B,0.0,1.0,1.0,0.14999999999999997,2
meld:test:1190:0c40957b1b95,Qwen3-8B,1.0,1.0,0.0,0.13999999999999999,2
meld:test:374:66f83daea1d0,Qwen3-8B,0.0,1.0,1.0,0.13999999999999999,2
meld:test:798:dd03e1f7d527,Qwen3-8B,1.0,1.0,0.0,0.12000000000000002,2
meld:test:356:7bec50683340,Qwen3-8B,1.0,1.0,0.0,0.12000000000000002,2
meld:test:823:3de3caba727e,Qwen3-8B,0.0,1.0,1.0,0.12999999999999998,2
meld:test:311:3778671b9bda,Qwen3-8B,0.0,1.0,1.0,0.17,2
meld:test:256:ce3f067cd48e,Qwen3-8B,0.0,0.0,0.0,0.13000000000000003,2
meld:test:50:44f0dcd77654,Qwen3-8B,0.0,0.0,0.0,0.18,2
meld:test:76:70997cd73c18,Qwen3-8B,0.0,1.0,1.0,0.18,2
meld:test:302:a7deefe9c6ff,Qwen3-8B,0.0,0.0,0.0,0.16,2
meld:test:176:3e48b12841b3,Qwen3-8B,0.0,0.0,0.0,0.15,2
meld:test:553:c08a5aa8ea59,Qwen3-8B,0.0,1.0,1.0,0.11000000000000001,2
meld:test:1060:2eb77a0b099d,Qwen3-8B,1.0,1.0,0.0,0.17,2
meld:test:194:a4d23abfb1ac,Qwen3-8B,0.0,1.0,1.0,0.15999999999999998,2
meld:test:864:3e13d31f1812,Qwen3-8B,1.0,1.0,0.0,0.11999999999999997,2
meld:test:845:67a5be86ffa3,Qwen3-8B,1.0,1.0,0.0,0.11000000000000001,2
meld:test:1057:b45bbd008544,Qwen3-8B,1.0,1.0,0.0,0.16999999999999998,2
meld:test:1141:25aa45dc41de,Qwen3-8B,0.0,1.0,1.0,0.13999999999999996,2
meld:test:325:b9671cf5d5dd,Qwen3-8B,0.0,1.0,1.0,0.16,2
meld:test:16:4ab86dc92433,Qwen3-8B,1.0,1.0,0.0,0.16,2
meld:test:1189:307b74521cd9,Qwen3-8B,0.0,0.0,0.0,0.1,2
meld:test:1217:c009083511f9,Qwen3-8B,0.0,1.0,1.0,0.14,2
meld:test:681:68f2c4c4834d,Qwen3-8B,1.0,1.0,0.0,0.2,2
meld:test:599:3f21e671a27d,Qwen3-8B,1.0,1.0,0.0,0.21999999999999997,2
meld:test:132:1157ff0168dc,Qwen3-8B,1.0,1.0,0.0,0.14,2
meld:test:396:ce5a4c8a3098,Qwen3-8B,1.0,1.0,0.0,0.15,2
meld:test:1116:7721120cc844,Qwen3-8B,1.0,1.0,0.0,0.09,2
meld:test:235:82f30dcc2f43,Qwen3-8B,1.0,1.0,0.0,0.12,2
meld:test:544:ddc2fb6d339b,Qwen3-8B,1.0,1.0,0.0,0.20999999999999996,2
meld:test:1199:1eaa056e87a8,Qwen3-8B,1.0,1.0,0.0,0.14,2
meld:test:390:6546e276aee3,Qwen3-8B,0.0,1.0,1.0,0.21000000000000002,2
meld:test:1212:2b7f31fd079b,Qwen3-8B,0.0,1.0,1.0,0.17,2
meld:test:701:b80a502c1d71,Qwen3-8B,1.0,1.0,0.0,0.08000000000000002,2
meld:test:442:395ac45e4aa2,Qwen3-8B,0.0,1.0,1.0,0.15,2
meld:test:559:5f3132babbc2,Qwen3-8B,1.0,1.0,0.0,0.17,2
meld:test:370:d3ffc069ead8,Qwen3-8B,1.0,1.0,0.0,0.16999999999999998,2
meld:test:103:cc66cf6a0c8f,Qwen3-8B,1.0,1.0,0.0,0.16,2
meld:test:710:416c363d609a,Qwen3-8B,1.0,1.0,0.0,0.2,2
meld:test:84:af4b938a2925,Qwen3-8B,1.0,1.0,0.0,0.13,2
meld:test:1120:6dc6d82b96fb,Qwen3-8B,1.0,1.0,0.0,0.16999999999999998,2
meld:test:583:852e16384298,Qwen3-8B,1.0,1.0,0.0,0.12000000000000002,2
meld:test:244:c8e80ddc8ea2,Qwen3-8B,1.0,1.0,0.0,0.12,2
meld:test:706:a47bdbc50446,Qwen3-8B,1.0,1.0,0.0,0.15000000000000002,2
meld:test:737:61a626f59e2b,Qwen3-8B,1.0,1.0,0.0,0.15,2
meld:test:1069:9ddbc242c4bb,Qwen3-8B,0.0,1.0,1.0,0.13999999999999999,2
meld:test:488:25e2d701b3c1,Qwen3-8B,0.0,1.0,1.0,0.16,2
meld:test:1183:9c950fa8b603,Qwen3-8B,1.0,1.0,0.0,0.1,2
meld:test:1197:280ad3a4b8f5,Qwen3-8B,0.0,1.0,1.0,0.16999999999999998,2
meld:test:1058:e42f8007dd26,Qwen3-8B,1.0,1.0,0.0,0.13999999999999999,2
meld:test:54:88f2bdb91792,Qwen3-8B,1.0,1.0,0.0,0.16,2
meld:test:901:98def74a648b,Qwen3-8B,0.0,0.0,0.0,0.18000000000000002,2
meld:test:833:61b563cf3b44,Qwen3-8B,0.0,0.0,0.0,0.2,2
meld:test:518:2933615ff75c,Qwen3-8B,1.0,1.0,0.0,0.17,2
meld:test:389:d4fbb0227a96,Qwen3-8B,0.0,1.0,1.0,0.16999999999999998,2
meld:test:942:e256dc0dd6e9,Qwen3-8B,0.0,1.0,1.0,0.13,2
meld:test:787:cb00963b37c8,Qwen3-8B,1.0,1.0,0.0,0.16999999999999998,2
meld:test:526:cbe3980ad0e3,Qwen3-8B,0.0,1.0,1.0,0.24,2
meld:test:345:24c1a85b60ec,Qwen3-8B,0.0,1.0,1.0,0.15,2
meld:test:1104:9cc86b068bc5,Qwen3-8B,1.0,1.0,0.0,0.17,2
meld:test:77:e36123ee27b8,Qwen3-8B,0.0,1.0,1.0,0.15,2
meld:test:535:c5d95aa048b1,Qwen3-8B,0.0,0.0,0.0,0.18000000000000002,2
meld:test:1055:e7de08c79ff1,Qwen3-8B,1.0,1.0,0.0,0.13999999999999999,2
meld:test:1024:95a199474722,Qwen3-8B,0.0,1.0,1.0,0.17999999999999997,2
meld:test:352:84cf3035d194,Qwen3-8B,1.0,1.0,0.0,0.18,2
meld:test:1044:8a4e3a37c37c,Qwen3-8B,1.0,1.0,0.0,0.13999999999999999,2
meld:test:821:f97a81f27765,Qwen3-8B,0.0,1.0,1.0,0.12999999999999998,2
meld:test:264:55314f4fbcdb,Qwen3-8B,1.0,1.0,0.0,0.1,2
meld:test:478:cd4c509f947d,Qwen3-8B,0.0,1.0,1.0,0.11000000000000001,2
meld:test:590:b5ef9131d538,Qwen3-8B,1.0,1.0,0.0,0.15999999999999998,2
meld:test:670:097dc0fc7871,Qwen3-8B,1.0,1.0,0.0,0.09,2
meld:test:97:753cbb1d12bd,Qwen3-8B,0.0,0.0,0.0,0.18,2
meld:test:96:1f990e45452a,Qwen3-8B,1.0,1.0,0.0,0.26,2
meld:test:822:746d3fd1386b,Qwen3-8B,1.0,1.0,0.0,0.16,2
meld:test:1009:c39165fd6038,Qwen3-8B,0.0,1.0,1.0,0.19999999999999998,2
meld:test:1215:0cfc03bc08d4,Qwen3-8B,1.0,1.0,0.0,0.12999999999999998,2
meld:test:433:f6809c3c2fcd,Qwen3-8B,0.0,1.0,1.0,0.18,2
meld:test:81:596e4ed27b4d,Qwen3-8B,0.0,0.0,0.0,0.13000000000000003,2
meld:test:98:9627d285c8c9,Qwen3-8B,0.0,1.0,1.0,0.14,2
meld:test:46:4a4131812925,Qwen3-8B,0.0,1.0,1.0,0.17,2
meld:test:177:481f64b92e8d,Qwen3-8B,0.0,0.0,0.0,0.16,2
meld:test:627:525df319d05d,Qwen3-8B,1.0,1.0,0.0,0.15,2
meld:test:24:f1b1d3a50de2,Qwen3-8B,1.0,1.0,0.0,0.11000000000000001,2
meld:test:228:f4843e496415,Qwen3-8B,0.0,1.0,1.0,0.15,2
meld:test:282:20afd51c3a63,Qwen3-8B,1.0,1.0,0.0,0.11999999999999997,2
meld:test:686:65e8a92bb0da,Qwen3-8B,1.0,1.0,0.0,0.19000000000000003,2
meld:test:59:d8768cdc3704,Qwen3-8B,0.0,1.0,1.0,0.08999999999999997,2
meld:test:510:6ab8981343c7,Qwen3-8B,0.0,1.0,1.0,0.16999999999999998,2
meld:test:565:53284b5c53ba,Qwen3-8B,1.0,1.0,0.0,0.16,2
meld:test:314:1dd702c1da71,Qwen3-8B,0.0,1.0,1.0,0.13999999999999999,2
meld:test:360:0a8563d46b49,Qwen3-8B,0.0,1.0,1.0,0.16999999999999998,2
meld:test:800:6be3ddd60bc4,Qwen3-8B,1.0,1.0,0.0,0.21000000000000002,2
meld:test:640:14a76932ff9a,Qwen3-8B,1.0,1.0,0.0,0.09,2
meld:test:1216:0f79b0582cd9,Qwen3-8B,1.0,1.0,0.0,0.12999999999999998,2
meld:test:984:3fc8f1eacace,Qwen3-8B,1.0,1.0,0.0,0.14000000000000004,2
meld:test:195:06dde0413a67,Qwen3-8B,1.0,1.0,0.0,0.15,2
meld:test:1210:b3621977cfde,Qwen3-8B,0.0,1.0,1.0,0.19,2
meld:test:764:3e7fa8e4078e,Qwen3-8B,1.0,1.0,0.0,0.14999999999999997,2
meld:test:382:4cf1875ea1bb,Qwen3-8B,1.0,1.0,0.0,0.17,2
meld:test:1008:abb1dbaffb36,Qwen3-8B,0.0,1.0,1.0,0.19999999999999998,2
meld:test:568:c44381338dbf,Qwen3-8B,0.0,1.0,1.0,0.15,2
meld:test:279:53c757c1d11c,Qwen3-8B,1.0,1.0,0.0,0.13000000000000003,2
meld:test:1111:619d2e6a994d,Qwen3-8B,1.0,1.0,0.0,0.13,2
meld:test:75:36495eafc714,Qwen3-8B,1.0,1.0,0.0,0.15,2
meld:test:1174:49e2de89a5f7,Qwen3-8B,0.0,1.0,1.0,0.11999999999999997,2
meld:test:42:55f5342add83,Qwen3-8B,1.0,1.0,0.0,0.13999999999999996,2
meld:test:69:1c5d442769e7,Qwen3-8B,1.0,1.0,0.0,0.14,2
meld:test:994:2d82dfd46fca,Qwen3-8B,1.0,1.0,0.0,0.06,2
meld:test:123:7d6aee85cd76,Qwen3-8B,0.0,0.0,0.0,0.14,2
meld:test:902:5e1be733d525,Qwen3-8B,1.0,1.0,0.0,0.19000000000000003,2
meld:test:1121:a194292b1adb,Qwen3-8B,1.0,1.0,0.0,0.12000000000000002,2
meld:test:754:fb097501ca01,Qwen3-8B,0.0,0.0,0.0,0.11999999999999997,2
meld:test:447:fbb1ad4fcc7a,Qwen3-8B,0.0,1.0,1.0,0.16,2
meld:test:524:69fa2767d917,Qwen3-8B,1.0,1.0,0.0,0.13999999999999996,2
meld:test:366:1998885fb286,Qwen3-8B,1.0,1.0,0.0,0.16999999999999998,2
meld:test:1124:eeff2bab49f2,Qwen3-8B,0.0,1.0,1.0,0.18999999999999997,2
meld:test:492:9ee555f61fb8,Qwen3-8B,1.0,1.0,0.0,0.13999999999999999,2
meld:test:523:24e65b8fac90,Qwen3-8B,1.0,1.0,0.0,0.15,2
meld:test:230:3fd8c48e6e67,Qwen3-8B,0.0,1.0,1.0,0.1,2
meld:test:702:cd6214926d2c,Qwen3-8B,0.0,1.0,1.0,0.19,2
meld:test:834:3c7549362cd5,Qwen3-8B,1.0,1.0,0.0,0.13999999999999999,2
meld:test:476:1519aa62ec17,Qwen3-8B,1.0,1.0,0.0,0.13000000000000003,2
meld:test:786:9fee99e76ba0,Qwen3-8B,1.0,1.0,0.0,0.18,2
meld:test:714:0ae33dea9c80,Qwen3-8B,0.0,0.0,0.0,0.12999999999999998,2
meld:test:68:5ae4794aa2ee,Qwen3-8B,0.0,1.0,1.0,0.19000000000000003,2
meld:test:462:a62b01ff138c,Qwen3-8B,1.0,1.0,0.0,0.09,2
meld:test:1:4f0d567e373d,Qwen3-8B,1.0,1.0,0.0,0.17,2
meld:test:402:75284065aca9,Qwen3-8B,0.0,1.0,1.0,0.15,2
meld:test:1159:c05ff65851c1,Qwen3-8B,1.0,1.0,0.0,0.21999999999999997,2
meld:test:303:b6a564c2693d,Qwen3-8B,1.0,1.0,0.0,0.19,2
meld:test:233:6d43ab047e49,Qwen3-8B,0.0,1.0,1.0,0.1,2
meld:test:330:73286a59d0e7,Qwen3-8B,1.0,1.0,0.0,0.22999999999999998,2
meld:test:1140:ef738844b2e3,Qwen3-8B,1.0,1.0,0.0,0.15,2
meld:test:947:f552836bb282,Qwen3-8B,0.0,1.0,1.0,0.14,2
meld:test:474:fdc5f0402455,Qwen3-8B,0.0,0.0,0.0,0.16,2
meld:test:952:3e40380b6c4b,Qwen3-8B,1.0,1.0,0.0,0.12999999999999998,2
meld:test:277:7dafb5408d7e,Qwen3-8B,0.0,1.0,1.0,0.24,2
meld:test:1146:7095aef57228,Qwen3-8B,1.0,1.0,0.0,0.10999999999999999,2
meld:test:508:85c7c0d7d00d,Qwen3-8B,0.0,1.0,1.0,0.17,2
meld:test:617:065e759d9897,Qwen3-8B,1.0,1.0,0.0,0.15,2
meld:test:993:45da3a5be9c9,Qwen3-8B,0.0,1.0,1.0,0.21,2
meld:test:143:7ba2bfb69ffb,Qwen3-8B,0.0,1.0,1.0,0.1,2
meld:test:1224:bae13e8197e5,Qwen3-8B,1.0,1.0,0.0,0.16,2
meld:test:998:f07e8528d55a,Qwen3-8B,1.0,1.0,0.0,0.2,2
meld:test:780:5b1ec85d4d03,Qwen3-8B,1.0,1.0,0.0,0.13,2
meld:test:931:ddd52bf56773,Qwen3-8B,1.0,1.0,0.0,0.12000000000000002,2
meld:test:990:e35357794f4c,Qwen3-8B,0.0,1.0,1.0,0.12999999999999998,2
meld:test:114:c32df5c862a9,Qwen3-8B,1.0,1.0,0.0,0.13999999999999999,2
meld:test:1018:28b0366e3fb3,Qwen3-8B,1.0,1.0,0.0,0.12999999999999998,2
meld:test:163:b99af3043246,Qwen3-8B,1.0,1.0,0.0,0.12999999999999998,2
meld:test:7:5f56f442c97f,Qwen3-8B,0.0,1.0,1.0,0.16,2
meld:test:1074:2b527d1aa9ca,Qwen3-8B,0.0,0.0,0.0,0.12000000000000002,2
meld:test:604:32f161467929,Qwen3-8B,1.0,1.0,0.0,0.20999999999999996,2
meld:test:338:6cd7a661ede5,Qwen3-8B,1.0,1.0,0.0,0.12000000000000002,2
meld:test:109:b08982083d69,Qwen3-8B,0.0,1.0,1.0,0.11999999999999997,2
meld:test:953:1fbe58471c9e,Qwen3-8B,1.0,1.0,0.0,0.15999999999999998,2
meld:test:848:3d2b57d29da5,Qwen3-8B,1.0,1.0,0.0,0.09999999999999998,2
meld:test:917:e9cd2cec6421,Qwen3-8B,0.0,1.0,1.0,0.19999999999999998,2
meld:test:533:58327b69aa0f,Qwen3-8B,1.0,1.0,0.0,0.19,2
meld:test:1038:fc873ecc0fe2,Qwen3-8B,0.0,0.0,0.0,0.12000000000000002,2
meld:test:241:3a81762b8116,Qwen3-8B,1.0,1.0,0.0,0.2,2
meld:test:850:d5eae5e587bb,Qwen3-8B,0.0,1.0,1.0,0.21000000000000002,2
meld:test:658:3210e342c70e,Qwen3-8B,1.0,1.0,0.0,0.14,2
meld:test:174:79b94fb4c91e,Qwen3-8B,1.0,1.0,0.0,0.19999999999999996,2
meld:test:751:46682e787671,Qwen3-8B,1.0,1.0,0.0,0.12000000000000002,2
meld:test:148:38f75479460d,Qwen3-8B,0.0,1.0,1.0,0.19,2
meld:test:743:65e5185771bf,Qwen3-8B,0.0,1.0,1.0,0.12999999999999998,2
meld:test:1012:2669d7c495ba,Qwen3-8B,0.0,1.0,1.0,0.21999999999999997,2
meld:test:335:c8cbe70bb2a3,Qwen3-8B,0.0,1.0,1.0,0.15,2
meld:test:470:220afc8ce55a,Qwen3-8B,1.0,1.0,0.0,0.19000000000000003,2
meld:test:727:6ddb22d93215,Qwen3-8B,1.0,1.0,0.0,0.11000000000000001,2
meld:test:628:e63ad425f071,Qwen3-8B,1.0,1.0,0.0,0.09999999999999998,2
meld:test:831:ccefd2b9ecad,Qwen3-8B,0.0,0.0,0.0,0.14,2
meld:test:829:1bcea85eedf8,Qwen3-8B,1.0,1.0,0.0,0.15,2
meld:test:188:47b13a5c53da,Qwen3-8B,0.0,1.0,1.0,0.15,2
meld:test:836:334d9fdeecfe,Qwen3-8B,1.0,1.0,0.0,0.15,2
meld:test:1166:6bf3a269980b,Qwen3-8B,1.0,1.0,0.0,0.12999999999999998,2
meld:test:205:3ae90ef57e59,Qwen3-8B,0.0,1.0,1.0,0.11000000000000001,2
meld:test:410:0cefd5eb818d,Qwen3-8B,0.0,1.0,1.0,0.1,2
meld:test:179:71b92925d9b1,Qwen3-8B,0.0,1.0,1.0,0.11000000000000001,2
meld:test:79:e0109c0f40e9,Qwen3-8B,1.0,1.0,0.0,0.14,2
meld:test:391:9ecf4a8dc6b1,Qwen3-8B,1.0,1.0,0.0,0.14999999999999997,2
meld:test:489:00fbb24bd8bc,Qwen3-8B,1.0,1.0,0.0,0.12,2
meld:test:349:12ba6367f4f3,Qwen3-8B,1.0,1.0,0.0,0.12000000000000002,2
meld:test:741:61b82c442579,Qwen3-8B,1.0,1.0,0.0,0.12000000000000002,2
meld:test:332:678f3e16840f,Qwen3-8B,1.0,1.0,0.0,0.18,2
meld:test:1033:68249afb3a90,Qwen3-8B,0.0,1.0,1.0,0.2,2
meld:test:759:6b28b0bdd056,Qwen3-8B,0.0,0.0,0.0,0.12999999999999998,2
meld:test:715:93793a92584a,Qwen3-8B,1.0,1.0,0.0,0.13000000000000003,2
meld:test:1002:a5656492cbe8,Qwen3-8B,1.0,1.0,0.0,0.15,2
meld:test:461:20c31d9463fc,Qwen3-8B,1.0,1.0,0.0,0.19,2
meld:test:869:7d8f58f0d22a,Qwen3-8B,1.0,1.0,0.0,0.12999999999999998,2
meld:test:791:594b84ece5f4,Qwen3-8B,1.0,1.0,0.0,0.11999999999999997,2
meld:test:127:694f20252182,Qwen3-8B,1.0,1.0,0.0,0.11000000000000001,2
meld:test:207:92bec9365a7b,Qwen3-8B,0.0,1.0,1.0,0.21999999999999997,2
meld:test:567:5557811c7f9e,Qwen3-8B,0.0,1.0,1.0,0.07999999999999999,2
meld:test:52:295fe95c85b5,Qwen3-8B,0.0,1.0,1.0,0.15000000000000002,2
meld:test:589:12eb9af7c6eb,Qwen3-8B,1.0,1.0,0.0,0.12999999999999998,2
meld:test:1078:edc8109e57f3,Qwen3-8B,1.0,1.0,0.0,0.04999999999999999,2
meld:test:426:145abf432a0e,Qwen3-8B,0.0,1.0,1.0,0.10999999999999999,2
mmlupro:test_1000:300:5c5e15a0a5ba,Qwen3-8B,1.0,1.0,0.0,0.020000000000000018,2
mmlupro:test_1000:209:a1eb40c5ecb9,Qwen3-8B,1.0,1.0,0.0,0.09999999999999998,2
mmlupro:test_1000:786:1a65d1cfab7e,DeepSeek-R1-0528-Qwen3-8B,1.0,1.0,0.0,0.03999999999999998,2
mmlupro:test_1000:673:5499c64efd90,Qwen3-8B,1.0,1.0,0.0,0.47,2
mmlupro:test_1000:915:9f044582a357,Qwen3-8B,1.0,1.0,0.0,0.12999999999999998,2
mmlupro:test_1000:740:0b23d86e3374,DeepSeek-R1-0528-Qwen3-8B,0.0,1.0,1.0,0.009999999999999981,2
mmlupro:test_1000:771:c9786b42a8ea,Qwen3-8B,0.0,1.0,1.0,0.56,2
mmlupro:test_1000:81:30c9f5b3a9a3,Qwen3-8B,1.0,1.0,0.0,0.04999999999999999,2
mmlupro:test_1000:433:5a2bd52ec969,Qwen3-8B,1.0,1.0,0.0,0.30000000000000004,2
mmlupro:test_1000:362:71a22026820b,DeepSeek-R1-0528-Qwen3-8B,1.0,1.0,0.0,0.03999999999999998,2
mmlupro:test_1000:21:ed86cd352e55,Qwen3-8B,0.0,1.0,1.0,0.16999999999999998,2
mmlupro:test_1000:715:fe227774a670,Qwen3-8B,1.0,1.0,0.0,0.09000000000000002,2
mmlupro:test_1000:562:97e99be164be,DeepSeek-R1-0528-Qwen3-8B,0.0,1.0,1.0,0.14,2
mmlupro:test_1000:1:33799bca0b59,Qwen3-8B,1.0,1.0,0.0,0.07999999999999996,2
mmlupro:test_1000:803:ebd9d500b009,Qwen3-8B,0.0,1.0,1.0,0.21999999999999997,2
mmlupro:test_1000:309:4cbea7ad6515,Qwen3-8B,1.0,1.0,0.0,0.30000000000000004,2
mmlupro:test_1000:85:5645402d4afe,Qwen3-8B,0.0,1.0,1.0,0.09000000000000002,2
mmlupro:test_1000:712:283c42431ccc,Qwen3-8B,1.0,1.0,0.0,0.38,2
mmlupro:test_1000:513:f5820f0e2c01,Qwen3-8B,1.0,1.0,0.0,0.31,2
mmlupro:test_1000:340:dc1accf4291a,Qwen3-8B,0.0,1.0,1.0,0.020000000000000018,2
mmlupro:test_1000:685:dee84ce3cd69,Qwen3-8B,1.0,1.0,0.0,0.42000000000000004,2
mmlupro:test_1000:449:92b228922be4,Qwen3-8B,1.0,1.0,0.0,0.39,2
mmlupro:test_1000:181:e3657e376987,Qwen3-8B,1.0,1.0,0.0,0.04999999999999999,2
mmlupro:test_1000:411:c22b2194533b,DeepSeek-R1-0528-Qwen3-8B,1.0,1.0,0.0,0.06,2
mmlupro:test_1000:93:19aceab1651d,Qwen3-8B,1.0,1.0,0.0,0.4099999999999999,2
mmlupro:test_1000:472:6c43ec67ad9d,DeepSeek-R1-0528-Qwen3-8B,0.0,1.0,1.0,0.020000000000000018,2
mmlupro:test_1000:129:ee20302bc5a6,Qwen3-8B,0.0,1.0,1.0,0.28,2
mmlupro:test_1000:461:8d7080427594,Qwen3-8B,0.0,1.0,1.0,0.23,2
mmlupro:test_1000:105:67c9868e7836,Qwen3-8B,1.0,1.0,0.0,0.39,2
mmlupro:test_1000:655:c2bb338a5946,Qwen3-8B,1.0,1.0,0.0,0.6,2
mmlupro:test_1000:155:ed299592e498,Qwen3-8B,1.0,1.0,0.0,0.13,2
mmlupro:test_1000:945:b32550cf69cf,DeepSeek-R1-0528-Qwen3-8B,0.0,1.0,1.0,0.06,2
mmlupro:test_1000:616:43cc6bcda8f2,DeepSeek-R1-0528-Qwen3-8B,1.0,1.0,0.0,0.04999999999999999,2
mmlupro:test_1000:50:ed21c2ea289c,DeepSeek-R1-0528-Qwen3-8B,1.0,1.0,0.0,0.02999999999999997,2
mmlupro:test_1000:676:9717fa51104e,DeepSeek-R1-0528-Qwen3-8B,1.0,1.0,0.0,0.10999999999999999,2
mmlupro:test_1000:157:889cc56547b3,Qwen3-8B,1.0,1.0,0.0,0.07,2
mmlupro:test_1000:58:00a101645477,DeepSeek-R1-0528-Qwen3-8B,1.0,1.0,0.0,0.019999999999999962,2
mmlupro:test_1000:553:12ce1cca3f01,Qwen3-8B,0.0,1.0,1.0,0.03999999999999998,2
mmlupro:test_1000:43:c167a09d19d1,DeepSeek-R1-0528-Qwen3-8B,0.0,1.0,1.0,0.04000000000000001,2
mmlupro:test_1000:261:b53563b64f98,DeepSeek-R1-0528-Qwen3-8B,1.0,1.0,0.0,0.050000000000000044,2
mmlupro:test_1000:14:9697701e235d,Qwen3-8B,1.0,1.0,0.0,0.27999999999999997,2
mmlupro:test_1000:138:f28dfea2baac,Qwen3-8B,1.0,1.0,0.0,0.45999999999999996,2
mmlupro:test_1000:131:853901d2e0d3,Qwen3-8B,1.0,1.0,0.0,0.07,2
mmlupro:test_1000:570:3cd4a07abb49,Qwen3-8B,1.0,1.0,0.0,0.42999999999999994,2
mmlupro:test_1000:324:62d011047391,Qwen3-8B,0.0,0.0,0.0,0.12000000000000002,2
mmlupro:test_1000:480:bd734dc2f490,Qwen3-8B,0.0,1.0,1.0,0.27,2
mmlupro:test_1000:435:1daa5678e70a,Qwen3-8B,1.0,1.0,0.0,0.25,2
mmlupro:test_1000:707:6f3c7fc195e8,Qwen3-8B,1.0,1.0,0.0,0.03999999999999998,2
mmlupro:test_1000:89:8d2b93b53f05,Qwen3-8B,0.0,0.0,0.0,0.010000000000000009,2
mmlupro:test_1000:583:b373a9c9bab8,Qwen3-8B,1.0,1.0,0.0,0.47,2
mmlupro:test_1000:426:6163f2b99201,Qwen3-8B,0.0,0.0,0.0,0.27,2
mmlupro:test_1000:287:3a848558940c,Qwen3-8B,1.0,1.0,0.0,0.020000000000000018,2
mmlupro:test_1000:471:55d8db3cbddc,Qwen3-8B,1.0,1.0,0.0,0.33999999999999997,2
mmlupro:test_1000:884:a6cfa4875016,Qwen3-8B,0.0,1.0,1.0,0.48,2
mmlupro:test_1000:106:b00c530b8730,DeepSeek-R1-0528-Qwen3-8B,1.0,1.0,0.0,0.05999999999999997,2
mmlupro:test_1000:871:9de824db45b5,Qwen3-8B,0.0,1.0,1.0,0.26,2
mmlupro:test_1000:950:3e8b2c43f754,Qwen3-8B,1.0,1.0,0.0,0.45999999999999996,2
mmlupro:test_1000:76:c0d51ff25666,Qwen3-8B,0.0,0.0,0.0,0.03999999999999998,2
mmlupro:test_1000:762:437862063516,Qwen3-8B,1.0,1.0,0.0,0.54,2
mmlupro:test_1000:108:8b6fca864e0e,Qwen3-8B,0.0,1.0,1.0,0.38,2
mmlupro:test_1000:859:4b9ebcd09ebd,Qwen3-8B,0.0,1.0,1.0,0.12,2
mmlupro:test_1000:764:c21da54fb881,Qwen3-8B,0.0,1.0,1.0,0.08000000000000002,2
mmlupro:test_1000:889:8e046cfcb5cd,Qwen3-8B,1.0,1.0,0.0,0.25,2
mmlupro:test_1000:957:d3dc0495ef00,Qwen3-8B,1.0,1.0,0.0,0.21999999999999997,2
mmlupro:test_1000:165:71ead24f5746,Qwen3-8B,1.0,1.0,0.0,0.16,2
mmlupro:test_1000:748:39fc249d5eaf,Qwen3-8B,1.0,1.0,0.0,0.39,2
mmlupro:test_1000:286:7db0f25aa55a,Qwen3-8B,0.0,1.0,1.0,0.12000000000000002,2
mmlupro:test_1000:143:c9de7dd08375,Qwen3-8B,0.0,1.0,1.0,0.30000000000000004,2
mmlupro:test_1000:274:9113bcc2ade0,Qwen3-8B,0.0,1.0,1.0,0.06,2
mmlupro:test_1000:151:400c3b33c532,DeepSeek-R1-0528-Qwen3-8B,1.0,1.0,0.0,0.020000000000000018,2
mmlupro:test_1000:73:a8ef3b2271ad,Qwen3-8B,0.0,1.0,1.0,0.13,2
mmlupro:test_1000:875:556ec13b5710,Qwen3-8B,1.0,1.0,0.0,0.1,2
mmlupro:test_1000:307:6e230bd7af14,Qwen3-8B,1.0,1.0,0.0,0.07,2
mmlupro:test_1000:831:c940c8fb9a9f,Qwen3-8B,0.0,1.0,1.0,0.32,2
mmlupro:test_1000:141:38c122749857,Qwen3-8B,1.0,1.0,0.0,0.07999999999999996,2
mmlupro:test_1000:134:dfbd699715c2,Qwen3-8B,0.0,1.0,1.0,0.030000000000000027,2
mmlupro:test_1000:567:af32acbb6047,Qwen3-8B,1.0,1.0,0.0,0.3,2
mmlupro:test_1000:923:f1edeed57ddd,Qwen3-8B,1.0,1.0,0.0,0.29000000000000004,2
mmlupro:test_1000:985:4e7a3400745c,Qwen3-8B,1.0,1.0,0.0,0.03999999999999998,2
mmlupro:test_1000:774:bfa45bb33b94,Qwen3-8B,0.0,1.0,1.0,0.08000000000000002,2
mmlupro:test_1000:221:70274467a08a,DeepSeek-R1-0528-Qwen3-8B,0.0,0.0,0.0,0.06,2
mmlupro:test_1000:448:fffeb2c0e76e,Qwen3-8B,0.0,1.0,1.0,0.22999999999999998,2
mmlupro:test_1000:283:be0375740819,Qwen3-8B,1.0,1.0,0.0,0.019999999999999962,2
mmlupro:test_1000:422:c6a970f40cd4,Qwen3-8B,0.0,1.0,1.0,0.06,2
mmlupro:test_1000:543:7eb408406d40,DeepSeek-R1-0528-Qwen3-8B,1.0,1.0,0.0,0.07,2
mmlupro:test_1000:942:127c188ac0b4,Qwen3-8B,1.0,1.0,0.0,0.06,2
mmlupro:test_1000:92:a12eef571b4e,Qwen3-8B,1.0,1.0,0.0,0.020000000000000018,2
mmlupro:test_1000:251:458ea7da992c,Qwen3-8B,1.0,1.0,0.0,0.36000000000000004,2
mmlupro:test_1000:176:4f439a986486,Qwen3-8B,1.0,1.0,0.0,0.27,2
mmlupro:test_1000:253:768d1df99642,DeepSeek-R1-0528-Qwen3-8B,0.0,1.0,1.0,0.04999999999999999,2
mmlupro:test_1000:590:f9f55f1d896d,Qwen3-8B,0.0,1.0,1.0,0.11000000000000004,2
mmlupro:test_1000:385:29968111db4d,Qwen3-8B,1.0,1.0,0.0,0.26,2
mmlupro:test_1000:618:5a6129608855,Qwen3-8B,1.0,1.0,0.0,0.22999999999999998,2
mmlupro:test_1000:609:d9a82b670052,Qwen3-8B,1.0,1.0,0.0,0.33,2
mmlupro:test_1000:69:892b25a33f62,Qwen3-8B,0.0,1.0,1.0,0.07,2
mmlupro:test_1000:499:50311e474008,Qwen3-8B,1.0,1.0,0.0,0.34,2
mmlupro:test_1000:201:0251f1aa2c01,DeepSeek-R1-0528-Qwen3-8B,1.0,1.0,0.0,0.02999999999999997,2
mmlupro:test_1000:177:b7a07c52f230,Qwen3-8B,1.0,1.0,0.0,0.19,2
mmlupro:test_1000:329:1e30a56c523e,Qwen3-8B,1.0,1.0,0.0,0.64,2
mmlupro:test_1000:15:40cdb66cfcb4,Qwen3-8B,1.0,1.0,0.0,0.35,2
mmlupro:test_1000:255:a6118cfb5e48,Qwen3-8B,1.0,1.0,0.0,0.18000000000000002,2
mmlupro:test_1000:63:0422857da322,Qwen3-8B,1.0,1.0,0.0,0.12999999999999998,2
mmlupro:test_1000:407:ca5c57e540b5,DeepSeek-R1-0528-Qwen3-8B,0.0,1.0,1.0,0.050000000000000044,2
mmlupro:test_1000:665:14a34736adce,Qwen3-8B,1.0,1.0,0.0,0.28,2
mmlupro:test_1000:647:f83f5b24a3d6,Qwen3-8B,1.0,1.0,0.0,0.09,2
mmlupro:test_1000:413:58037dab4f1a,Qwen3-8B,1.0,1.0,0.0,0.5700000000000001,2
mmlupro:test_1000:202:f6a84741fa71,Qwen3-8B,1.0,1.0,0.0,0.30000000000000004,2
mmlupro:test_1000:379:37523774352b,Qwen3-8B,1.0,1.0,0.0,0.09000000000000002,2
mmlupro:test_1000:898:9cb9d08eb29e,Qwen3-8B,0.0,1.0,1.0,0.0,2
mmlupro:test_1000:188:91817f9af559,Qwen3-8B,0.0,0.0,0.0,0.010000000000000009,2
mmlupro:test_1000:544:3d47d271e20c,Qwen3-8B,1.0,1.0,0.0,0.45999999999999996,2
mmlupro:test_1000:219:b91ae3a65618,Qwen3-8B,0.0,1.0,1.0,0.29000000000000004,2
mmlupro:test_1000:568:3e8b1d4df32d,Qwen3-8B,0.0,1.0,1.0,0.08000000000000002,2
mmlupro:test_1000:203:751b9ee7555f,Qwen3-8B,1.0,1.0,0.0,0.43000000000000005,2
mmlupro:test_1000:164:a9f55a732c9a,Qwen3-8B,0.0,1.0,1.0,0.0,2
mmlupro:test_1000:939:bb18eb3deaf3,Qwen3-8B,1.0,1.0,0.0,0.36,2
mmlupro:test_1000:592:5eac47544eb5,DeepSeek-R1-0528-Qwen3-8B,1.0,1.0,0.0,0.030000000000000027,2
mmlupro:test_1000:458:8f96b77412b6,Qwen3-8B,0.0,1.0,1.0,0.22999999999999998,2
mmlupro:test_1000:694:8347fd988313,Qwen3-8B,0.0,1.0,1.0,0.020000000000000018,2
mmlupro:test_1000:332:af85c42dd46b,Qwen3-8B,1.0,1.0,0.0,0.17,2
mmlupro:test_1000:116:f4fd9b2d6117,DeepSeek-R1-0528-Qwen3-8B,1.0,1.0,0.0,0.02999999999999997,2
mmlupro:test_1000:281:8b88442f2149,Qwen3-8B,1.0,1.0,0.0,0.22999999999999998,2
mmlupro:test_1000:996:f16f988fedc6,Qwen3-8B,0.0,1.0,1.0,0.03999999999999998,2
mmlupro:test_1000:36:53237f92e701,DeepSeek-R1-0528-Qwen3-8B,1.0,1.0,0.0,0.05000000000000002,2
mmlupro:test_1000:466:a59eb190ba1b,Qwen3-8B,0.0,1.0,1.0,0.33999999999999997,2
mmlupro:test_1000:511:08dffcf42f06,Qwen3-8B,0.0,0.0,0.0,0.010000000000000009,2
mmlupro:test_1000:37:9d1408b0aec8,Qwen3-8B,1.0,1.0,0.0,0.14,2
mmlupro:test_1000:290:0c2e47594c4c,Qwen3-8B,1.0,1.0,0.0,0.5,2
mmlupro:test_1000:117:eb89476c3d84,Qwen3-8B,1.0,1.0,0.0,0.72,2
mmlupro:test_1000:205:4cd8a98010c8,Qwen3-8B,1.0,1.0,0.0,0.16,2
mmlupro:test_1000:524:8c2bd8ee0c5a,Qwen3-8B,1.0,1.0,0.0,0.44999999999999996,2
mmlupro:test_1000:563:955054b106e6,Qwen3-8B,1.0,1.0,0.0,0.11000000000000001,2
mmlupro:test_1000:652:6a274201af4c,Qwen3-8B,0.0,1.0,1.0,0.12,2
mmlupro:test_1000:228:8604266b3ffa,Qwen3-8B,1.0,1.0,0.0,0.51,2
mmlupro:test_1000:352:05c8ae84454b,Qwen3-8B,0.0,1.0,1.0,0.32999999999999996,2
mmlupro:test_1000:216:5284a95928d8,Qwen3-8B,0.0,1.0,1.0,0.04999999999999999,2
mmlupro:test_1000:430:86928bfed264,DeepSeek-R1-0528-Qwen3-8B,1.0,1.0,0.0,0.03999999999999998,2
mmlupro:test_1000:582:05eafb512ed5,DeepSeek-R1-0528-Qwen3-8B,1.0,1.0,0.0,0.03999999999999998,2
mmlupro:test_1000:642:cea0037a1e0b,Qwen3-8B,1.0,1.0,0.0,0.04000000000000001,2
mmlupro:test_1000:768:cb2bf0922504,Qwen3-8B,1.0,1.0,0.0,0.21,2
mmlupro:test_1000:519:af03ce6706f0,Qwen3-8B,0.0,1.0,1.0,0.21,2
mmlupro:test_1000:721:0183df768995,DeepSeek-R1-0528-Qwen3-8B,0.0,1.0,1.0,0.09000000000000002,2
mmlupro:test_1000:174:8867d82eedec,Qwen3-8B,1.0,1.0,0.0,0.54,2
mmlupro:test_1000:550:a07f976dbbd4,Qwen3-8B,0.0,0.0,0.0,0.020000000000000018,2
mmlupro:test_1000:732:c2f2457d576c,Qwen3-8B,0.0,1.0,1.0,0.12,2
mmlupro:test_1000:409:ce3717626387,Qwen3-8B,1.0,1.0,0.0,0.44999999999999996,2
mmlupro:test_1000:180:9da742fd3f82,Qwen3-8B,0.0,0.0,0.0,0.010000000000000009,2
mmlupro:test_1000:246:85f504f42098,Qwen3-8B,1.0,1.0,0.0,0.28,2
mmlupro:test_1000:890:50c1a98cc577,Qwen3-8B,1.0,1.0,0.0,0.21,2
mmlupro:test_1000:191:94234a3c6748,Qwen3-8B,0.0,1.0,1.0,0.37,2
mmlupro:test_1000:656:d1f6356cb065,DeepSeek-R1-0528-Qwen3-8B,0.0,0.0,0.0,0.06,2
mmlupro:test_1000:419:3cee3693569d,Qwen3-8B,1.0,1.0,0.0,0.03999999999999998,2
mmlupro:test_1000:104:3e276f683524,Qwen3-8B,0.0,1.0,1.0,0.010000000000000009,2
mmlupro:test_1000:917:7863799c05b7,DeepSeek-R1-0528-Qwen3-8B,1.0,1.0,0.0,0.05999999999999997,2
mmlupro:test_1000:152:4f59ebf112b7,Qwen3-8B,0.0,1.0,1.0,0.23,2
mmlupro:test_1000:267:e881f245927f,Qwen3-8B,1.0,1.0,0.0,0.48,2
mmlupro:test_1000:369:8aa35afb0f45,Qwen3-8B,1.0,1.0,0.0,0.22999999999999998,2
mmlupro:test_1000:28:98743d49405c,Qwen3-8B,0.0,1.0,1.0,0.04999999999999999,2
mmlupro:test_1000:602:3f7f22deab76,Qwen3-8B,0.0,1.0,1.0,0.21000000000000002,2
mmlupro:test_1000:169:1a0538e14fe1,DeepSeek-R1-0528-Qwen3-8B,1.0,1.0,0.0,0.03999999999999998,2
mmlupro:test_1000:862:23f29bcd9c03,DeepSeek-R1-0528-Qwen3-8B,1.0,1.0,0.0,0.02999999999999997,2
mmlupro:test_1000:806:90863ab6529a,DeepSeek-R1-0528-Qwen3-8B,1.0,1.0,0.0,0.020000000000000018,2
mmlupro:test_1000:115:4a6b2fd23df7,Qwen3-8B,1.0,1.0,0.0,0.44999999999999996,2
mmlupro:test_1000:802:170800fa2375,Qwen3-8B,0.0,0.0,0.0,0.020000000000000018,2
mmlupro:test_1000:463:d13329769622,Qwen3-8B,1.0,1.0,0.0,0.17,2
mmlupro:test_1000:361:23735841779e,Qwen3-8B,1.0,1.0,0.0,0.1,2
mmlupro:test_1000:64:01e29c571f3f,Qwen3-8B,0.0,1.0,1.0,0.26,2
mmlupro:test_1000:882:d8c8055ef7cb,Qwen3-8B,1.0,1.0,0.0,0.36,2
mmlupro:test_1000:372:141d769f2cfd,Qwen3-8B,1.0,1.0,0.0,0.21999999999999997,2
mmlupro:test_1000:525:ced7bde6df29,Qwen3-8B,1.0,1.0,0.0,0.08000000000000002,2
mmlupro:test_1000:278:ba6953ea1377,Qwen3-8B,1.0,1.0,0.0,0.0,2
mmlupro:test_1000:271:72e1e5265bd4,Qwen3-8B,1.0,1.0,0.0,0.15,2
mmlupro:test_1000:575:020becea624c,DeepSeek-R1-0528-Qwen3-8B,1.0,1.0,0.0,0.0,2
mmlupro:test_1000:170:55423d4af000,Qwen3-8B,0.0,1.0,1.0,0.66,2
mmlupro:test_1000:391:037038bd8ac6,Qwen3-8B,1.0,1.0,0.0,0.27,2
mmlupro:test_1000:24:906261b66d7a,Qwen3-8B,0.0,1.0,1.0,0.24,2
mmlupro:test_1000:689:8628754afde7,Qwen3-8B,0.0,1.0,1.0,0.27,2
mmlupro:test_1000:542:e6e7462a0747,Qwen3-8B,1.0,1.0,0.0,0.18,2
mmlupro:test_1000:868:4cb7b2799db2,Qwen3-8B,0.0,1.0,1.0,0.39,2
mmlupro:test_1000:632:2146a3d0b199,Intern-S1-mini,0.0,0.0,0.0,0.02999999999999997,2
mmlupro:test_1000:701:7ee1657b2c70,Qwen3-8B,1.0,1.0,0.0,0.06,2
mmlupro:test_1000:891:bb88b1b52b22,Qwen3-8B,0.0,1.0,1.0,0.06,2
mmlupro:test_1000:217:f7aa50f8a54f,DeepSeek-R1-0528-Qwen3-8B,0.0,1.0,1.0,0.0,2
mmlupro:test_1000:495:dc767bf82ef1,Qwen3-8B,1.0,1.0,0.0,0.1,2
mmlupro:test_1000:242:aa83f63dd35b,Qwen3-8B,1.0,1.0,0.0,0.38,2
mmlupro:test_1000:136:a6f64f2a105f,Qwen3-8B,1.0,1.0,0.0,0.20999999999999996,2
mmlupro:test_1000:298:9bea848a29e2,Qwen3-8B,1.0,1.0,0.0,0.32999999999999996,2
mmlupro:test_1000:593:f10e4a45ce6f,Qwen3-8B,1.0,1.0,0.0,0.19,2
mmlupro:test_1000:20:2dd3cd1d953d,DeepSeek-R1-0528-Qwen3-8B,1.0,1.0,0.0,0.020000000000000018,2
mmlupro:test_1000:481:7242df6bc784,Qwen3-8B,0.0,1.0,1.0,0.25,2
mmlupro:test_1000:716:a4c2073bd204,Qwen3-8B,1.0,1.0,0.0,0.020000000000000018,2
mmlupro:test_1000:607:ec3166422102,Qwen3-8B,1.0,1.0,0.0,0.11000000000000001,2
mmlupro:test_1000:843:7c88d39a7aaf,Qwen3-8B,1.0,1.0,0.0,0.12000000000000002,2
mmlupro:test_1000:591:f14f74cadc32,Qwen3-8B,0.0,1.0,1.0,0.31999999999999995,2
mmlupro:test_1000:743:b626f4742108,DeepSeek-R1-0528-Qwen3-8B,1.0,1.0,0.0,0.08000000000000002,2
mmlupro:test_1000:428:8bb4dbc287f2,Qwen3-8B,1.0,1.0,0.0,0.5900000000000001,2
mmlupro:test_1000:4:b72f1fed07a3,Qwen3-8B,1.0,1.0,0.0,0.33,2
mmlupro:test_1000:763:431109a98e90,Qwen3-8B,1.0,1.0,0.0,0.24999999999999997,2
mmlupro:test_1000:434:9ea7ccafc3a5,Qwen3-8B,1.0,1.0,0.0,0.44999999999999996,2
mmlupro:test_1000:819:b63afeb59b4a,Qwen3-8B,1.0,1.0,0.0,0.24,2
aime:hybrid:14:10c80ba48d18,Qwen3-8B,1.0,1.0,0.0,0.62,3
aime:hybrid:30:b0156a83da3b,Qwen3-8B,1.0,1.0,0.0,0.7,3
aime:hybrid:59:ed910555a62c,Qwen3-8B,1.0,1.0,0.0,0.66,3
aime:hybrid:4:d03cff1d2f5f,Qwen3-8B,1.0,1.0,0.0,0.6799999999999999,3
aime:hybrid:12:73df31e8148e,Qwen3-8B,1.0,1.0,0.0,0.71,3
aime:hybrid:23:7166d6915f46,Qwen3-8B,0.0,1.0,1.0,0.6499999999999999,3
aime:hybrid:35:7528e62e74ea,Qwen3-8B,1.0,1.0,0.0,0.6900000000000001,3
aime:hybrid:22:01f4378fc0aa,Qwen3-8B,1.0,1.0,0.0,0.62,3
aime:hybrid:48:951031f375bc,Qwen3-8B,1.0,1.0,0.0,0.63,3
aime:hybrid:33:9cbaa17c63e1,Qwen3-8B,1.0,1.0,0.0,0.6499999999999999,3
aime:hybrid:57:e0c8ad270a41,Qwen3-8B,1.0,1.0,0.0,0.6699999999999999,3
aime:hybrid:1:14aaf039bf2e,Qwen3-8B,1.0,1.0,0.0,0.72,3
bbh:test:661:3d4ef1b5caed,Qwen3-8B,1.0,1.0,0.0,0.53,3
bbh:test:59:f4bca9f54849,Qwen3-8B,1.0,1.0,0.0,0.13,3
bbh:test:363:49a29e428645,Qwen3-8B,1.0,1.0,0.0,0.19,3
bbh:test:1044:469f3f995c57,Qwen3-8B,1.0,1.0,0.0,0.34,3
bbh:test:485:d4cd59118899,Qwen3-8B,1.0,1.0,0.0,0.75,3
bbh:test:558:c06f5c31b2dd,Qwen3-8B,1.0,1.0,0.0,0.44000000000000006,3
bbh:test:177:5b2ae8a27829,Qwen3-8B,1.0,1.0,0.0,0.32,3
bbh:test:457:770873b3bfc7,Qwen3-8B,1.0,1.0,0.0,0.06,3
bbh:test:122:da6075f1aa7e,Qwen3-8B,0.0,1.0,1.0,0.24000000000000002,3
bbh:test:1064:2efd49dee592,Qwen3-8B,1.0,1.0,0.0,0.35,3
bbh:test:755:9bceb2adae4a,Qwen3-8B,0.0,1.0,1.0,0.12999999999999998,3
bbh:test:928:674738220bb0,Qwen3-8B,1.0,1.0,0.0,0.24000000000000002,3
bbh:test:670:013a662f1a20,Qwen3-8B,1.0,1.0,0.0,0.4,3
bbh:test:38:7a8e47e2d212,Qwen3-8B,1.0,1.0,0.0,0.36,3
bbh:test:113:5b34a756e0e6,Qwen3-8B,1.0,1.0,0.0,0.32,3
bbh:test:527:d4ef9b04124a,Qwen3-8B,1.0,1.0,0.0,0.45999999999999996,3
bbh:test:683:d01a6f78b55c,Qwen3-8B,1.0,1.0,0.0,0.11000000000000001,3
bbh:test:938:c569447dd056,Qwen3-8B,1.0,1.0,0.0,0.2,3
bbh:test:931:fec41843b13d,Qwen3-8B,1.0,1.0,0.0,0.15999999999999998,3
bbh:test:1034:b755c0755918,Qwen3-8B,1.0,1.0,0.0,0.43999999999999995,3
bbh:test:301:bf4cc75dd2a6,Qwen3-8B,1.0,1.0,0.0,0.11999999999999997,3
bbh:test:702:a7c351011a7d,Qwen3-8B,0.0,1.0,1.0,0.12999999999999998,3
bbh:test:585:b19f4103146a,Qwen3-8B,1.0,1.0,0.0,0.32999999999999996,3
bbh:test:951:b4a7e8f95202,Qwen3-8B,1.0,1.0,0.0,0.10999999999999999,3
bbh:test:791:2b9cfc9c8145,Qwen3-8B,1.0,1.0,0.0,0.14,3
bbh:test:149:38aaf6dcbbce,Qwen3-8B,1.0,1.0,0.0,0.19999999999999998,3
bbh:test:481:eda5f90efb25,Qwen3-8B,1.0,1.0,0.0,0.7699999999999999,3
bbh:test:420:b0909e1dbfc5,Qwen3-8B,1.0,1.0,0.0,0.27,3
bbh:test:726:43369e7d098b,Qwen3-8B,1.0,1.0,0.0,0.15,3
bbh:test:380:6ecbe63dfec1,Qwen3-8B,1.0,1.0,0.0,0.27,3
bbh:test:160:eb9e48307474,Qwen3-8B,0.0,1.0,1.0,0.21000000000000002,3
bbh:test:772:9ad5be05bd4d,Qwen3-8B,1.0,1.0,0.0,0.16999999999999998,3
bbh:test:1037:60d651dc4f70,Qwen3-8B,1.0,1.0,0.0,0.37,3
bbh:test:884:dad92ec58ec6,Qwen3-8B,1.0,1.0,0.0,0.01999999999999999,3
bbh:test:841:1f208e43e42a,Qwen3-8B,1.0,1.0,0.0,0.29000000000000004,3
bbh:test:568:a3976278a4db,Qwen3-8B,1.0,1.0,0.0,0.63,3
bbh:test:688:cbc3c0e8fc63,Qwen3-8B,1.0,1.0,0.0,0.09,3
bbh:test:223:f3fe9b4d3fe8,Qwen3-8B,1.0,1.0,0.0,0.17000000000000004,3
bbh:test:294:131277fc49c4,Qwen3-8B,1.0,1.0,0.0,0.12999999999999998,3
bbh:test:857:078050e8ae52,Qwen3-8B,1.0,1.0,0.0,0.26,3
bbh:test:1023:68e3f877682f,Qwen3-8B,1.0,1.0,0.0,0.48,3
bbh:test:26:14de735420fd,Qwen3-8B,1.0,1.0,0.0,0.4099999999999999,3
bbh:test:555:90bc8041ffbf,Qwen3-8B,1.0,1.0,0.0,0.36,3
bbh:test:482:bbaf31d88a12,Qwen3-8B,1.0,1.0,0.0,0.73,3
bbh:test:185:d3ffcca6b7fa,Qwen3-8B,1.0,1.0,0.0,0.4600000000000001,3
bbh:test:20:0a999f8a2370,Qwen3-8B,1.0,1.0,0.0,0.39,3
bbh:test:62:9e81e7a05cff,Qwen3-8B,1.0,1.0,0.0,0.26999999999999996,3
bbh:test:336:070bb773e6c1,Qwen3-8B,1.0,1.0,0.0,0.21,3
bbh:test:494:e8c916543d0a,Qwen3-8B,1.0,1.0,0.0,0.75,3
bbh:test:350:bd3fcaca28d0,Qwen3-8B,1.0,1.0,0.0,0.14000000000000004,3
bbh:test:378:01e3a67627a8,Qwen3-8B,1.0,1.0,0.0,0.22999999999999998,3
bbh:test:152:fa719c06523c,Qwen3-8B,0.0,0.0,0.0,0.19999999999999998,3
bbh:test:121:b30bd58938a7,Qwen3-8B,0.0,1.0,1.0,0.27,3
bbh:test:858:e95f40bad185,Qwen3-8B,1.0,1.0,0.0,0.27,3
bbh:test:663:8f5a5291366d,Qwen3-8B,1.0,1.0,0.0,0.22,3
bbh:test:836:c66dc6a31dcd,Qwen3-8B,1.0,1.0,0.0,0.18999999999999997,3
bbh:test:893:1ae9f51e49a7,Qwen3-8B,1.0,1.0,0.0,0.13999999999999999,3
bbh:test:710:51bab659b4e2,Qwen3-8B,1.0,1.0,0.0,0.11000000000000001,3
bbh:test:201:a78b45fba260,Qwen3-8B,1.0,1.0,0.0,0.15000000000000002,3
bbh:test:315:95a37a0ab64b,Qwen3-8B,1.0,1.0,0.0,0.16,3
bbh:test:292:d4caa8a80be3,Qwen3-8B,1.0,1.0,0.0,0.09000000000000002,3
bbh:test:333:e62c11bd9025,Qwen3-8B,1.0,1.0,0.0,0.31000000000000005,3
bbh:test:804:7c48b2a4ade8,Qwen3-8B,1.0,1.0,0.0,0.12,3
bbh:test:607:f6f475d72653,Qwen3-8B,1.0,1.0,0.0,0.29,3
bbh:test:154:0e6c49c6d640,Qwen3-8B,1.0,1.0,0.0,0.19999999999999998,3
bbh:test:518:2818e553b787,Qwen3-8B,1.0,1.0,0.0,0.7100000000000001,3
bbh:test:407:514e71cfac9d,Qwen3-8B,1.0,1.0,0.0,0.26,3
bbh:test:877:c6746cf18039,Qwen3-8B,1.0,1.0,0.0,0.31,3
bbh:test:643:c20f9a9b04a9,Qwen3-8B,1.0,1.0,0.0,0.24,3
bbh:test:636:af3aba09aa06,Qwen3-8B,1.0,1.0,0.0,0.31000000000000005,3
bbh:test:592:4b1476a60457,Qwen3-8B,1.0,1.0,0.0,0.53,3
bbh:test:111:dd4da13a0900,Qwen3-8B,1.0,1.0,0.0,0.49,3
bbh:test:432:59af3ade615d,Qwen3-8B,0.0,1.0,1.0,0.22999999999999998,3
bbh:test:753:1edcb2a0e3cb,Qwen3-8B,1.0,1.0,0.0,0.22,3
bbh:test:918:01abcbf3bfbb,Qwen3-8B,1.0,1.0,0.0,0.10999999999999999,3
bbh:test:109:c255a4f5d736,Qwen3-8B,1.0,1.0,0.0,0.47,3
bbh:test:36:06a3d5e60f32,Qwen3-8B,1.0,1.0,0.0,0.27,3
bbh:test:374:86e280e04fe8,Qwen3-8B,1.0,1.0,0.0,0.26,3
bbh:test:97:cc74ceaaf397,Qwen3-8B,1.0,1.0,0.0,0.45000000000000007,3
bbh:test:106:c4e22eedf4d9,Qwen3-8B,0.0,1.0,1.0,0.4,3
bbh:test:206:5d885f1f2b63,Qwen3-8B,1.0,1.0,0.0,0.19000000000000003,3
bbh:test:508:8c5db65c86f5,Qwen3-8B,1.0,1.0,0.0,0.7699999999999999,3
bbh:test:216:d213988936c8,Qwen3-8B,1.0,1.0,0.0,0.14,3
bbh:test:1057:9da8738225e1,Qwen3-8B,1.0,1.0,0.0,0.32,3
bbh:test:746:93c20b57cb76,Qwen3-8B,1.0,1.0,0.0,0.25,3
bbh:test:829:4e1cf78d5177,Qwen3-8B,1.0,1.0,0.0,0.10000000000000003,3
bbh:test:765:6aa4b6ca0ff4,Qwen3-8B,1.0,1.0,0.0,0.13,3
bbh:test:556:638ba57ef7db,Qwen3-8B,1.0,1.0,0.0,0.49,3
bbh:test:813:39f3f9808cfb,Qwen3-8B,0.0,1.0,1.0,0.14,3
bbh:test:72:5208c1b178f8,Qwen3-8B,0.0,1.0,1.0,0.18999999999999997,3
bbh:test:232:f3288550c9b4,Qwen3-8B,1.0,1.0,0.0,0.12999999999999998,3
bbh:test:354:9c2905af6272,Qwen3-8B,1.0,1.0,0.0,0.23999999999999996,3
bbh:test:91:68355b4c4882,Qwen3-8B,1.0,1.0,0.0,0.49,3
bbh:test:852:733c23c5ff22,Qwen3-8B,1.0,1.0,0.0,0.21,3
bbh:test:495:7a9e4ba45fab,Qwen3-8B,1.0,1.0,0.0,0.76,3
bbh:test:115:9c19f757df25,Qwen3-8B,1.0,1.0,0.0,0.44000000000000006,3
bbh:test:686:e91f7b7b86b9,Qwen3-8B,1.0,1.0,0.0,0.09,3
bbh:test:355:e67c57a8c818,Qwen3-8B,1.0,1.0,0.0,0.10999999999999999,3
bbh:test:1007:981c9943092f,Qwen3-8B,1.0,1.0,0.0,0.34,3
bbh:test:727:5f3877d5b7b8,Qwen3-8B,1.0,1.0,0.0,0.14999999999999997,3
bbh:test:27:e879a689d679,Qwen3-8B,1.0,1.0,0.0,0.37000000000000005,3
bbh:test:169:95d815a367aa,Qwen3-8B,1.0,1.0,0.0,0.32,3
bbh:test:1071:2038dbaccba5,Qwen3-8B,1.0,1.0,0.0,0.25999999999999995,3
bbh:test:618:0e8988ef339e,Qwen3-8B,1.0,1.0,0.0,0.33,3
bbh:test:17:72b3f2d54986,Qwen3-8B,1.0,1.0,0.0,0.29999999999999993,3
bbh:test:785:d8f4bb28ec38,Qwen3-8B,1.0,1.0,0.0,0.14,3
bbh:test:478:9e40ad915002,Qwen3-8B,0.0,1.0,1.0,0.13999999999999999,3
bbh:test:274:6062717cd07c,Qwen3-8B,0.0,1.0,1.0,0.31000000000000005,3
bbh:test:929:e0aa91f32134,Qwen3-8B,1.0,1.0,0.0,0.11999999999999997,3
bbh:test:235:e90d8450d67f,Qwen3-8B,1.0,1.0,0.0,0.28,3
bbh:test:768:cfac02d00c4b,Qwen3-8B,1.0,1.0,0.0,0.13,3
bbh:test:691:f13736e063c1,Qwen3-8B,0.0,1.0,1.0,0.1,3
bbh:test:486:7e2dabd97aaf,Qwen3-8B,1.0,1.0,0.0,0.71,3
bbh:test:634:39d2370fb3aa,Qwen3-8B,0.0,1.0,1.0,0.22,3
bbh:test:369:2852914bfcf8,Qwen3-8B,1.0,1.0,0.0,0.19999999999999998,3
bbh:test:239:d889375d2847,Qwen3-8B,1.0,1.0,0.0,0.09000000000000002,3
bbh:test:77:bf0dc3b25936,Qwen3-8B,0.0,1.0,1.0,0.21,3
bbh:test:958:23967cd91294,Qwen3-8B,1.0,1.0,0.0,0.14,3
bbh:test:731:12df07710542,Qwen3-8B,1.0,1.0,0.0,0.18999999999999997,3
bbh:test:907:d69aebd0ad38,Qwen3-8B,1.0,1.0,0.0,0.21,3
bbh:test:993:b9358446d482,Qwen3-8B,0.0,1.0,1.0,0.11000000000000001,3
bbh:test:967:39c27c6d89f3,Qwen3-8B,1.0,1.0,0.0,0.15000000000000002,3
bbh:test:444:ec4dd50d0f5e,Qwen3-8B,0.0,1.0,1.0,0.10999999999999999,3
bbh:test:136:7eb8c0249b64,Qwen3-8B,0.0,1.0,1.0,0.19999999999999998,3
bbh:test:964:66b14623ea91,Qwen3-8B,0.0,1.0,1.0,0.23999999999999996,3
bbh:test:697:30f6e74a7b10,Qwen3-8B,1.0,1.0,0.0,0.11000000000000001,3
bbh:test:977:e250c266b25f,Qwen3-8B,1.0,1.0,0.0,0.14,3
bbh:test:472:da2889306647,Qwen3-8B,1.0,1.0,0.0,0.11000000000000004,3
bbh:test:899:cf32783a59d2,Qwen3-8B,1.0,1.0,0.0,0.27,3
bbh:test:110:be8650d3396f,Qwen3-8B,1.0,1.0,0.0,0.37,3
bbh:test:240:ede5db59b399,Qwen3-8B,1.0,1.0,0.0,0.20999999999999996,3
bbh:test:705:448ece9b6934,Qwen3-8B,1.0,1.0,0.0,0.06,3
bbh:test:740:0d169cd1ecdd,Qwen3-8B,0.0,1.0,1.0,0.15000000000000002,3
bbh:test:513:0e852873af66,Qwen3-8B,1.0,1.0,0.0,0.7799999999999999,3
bbh:test:728:aa36f90c6dc5,Qwen3-8B,0.0,1.0,1.0,0.23,3
bbh:test:760:9af1e11de89a,Qwen3-8B,0.0,1.0,1.0,0.21,3
bbh:test:132:01003d5e7930,Qwen3-8B,0.0,1.0,1.0,0.19000000000000003,3
bbh:test:801:89d390de27b7,Qwen3-8B,0.0,1.0,1.0,0.12999999999999998,3
bbh:test:95:288055edd707,Qwen3-8B,1.0,1.0,0.0,0.55,3
bbh:test:935:8336c88abe6a,Qwen3-8B,1.0,1.0,0.0,0.11000000000000001,3
bbh:test:258:b78628550269,Qwen3-8B,1.0,1.0,0.0,0.28,3
bbh:test:32:7055ba2773c0,Qwen3-8B,1.0,1.0,0.0,0.25,3
bbh:test:919:398097dd6369,Qwen3-8B,1.0,1.0,0.0,0.18,3
bbh:test:373:6d2b2e7d2094,Qwen3-8B,1.0,1.0,0.0,0.23000000000000004,3
bbh:test:718:8afa353ca346,Qwen3-8B,0.0,1.0,1.0,0.07999999999999999,3
bbh:test:388:6795528eb78b,Qwen3-8B,1.0,1.0,0.0,0.17000000000000004,3
bbh:test:1008:db6d05326c18,Qwen3-8B,1.0,1.0,0.0,0.39000000000000007,3
bbh:test:631:685a1c8a811a,Qwen3-8B,0.0,1.0,1.0,0.30000000000000004,3
bbh:test:1053:dbb65cbbb851,Qwen3-8B,1.0,1.0,0.0,0.22999999999999998,3
bbh:test:595:ff3cb9f03018,Qwen3-8B,1.0,1.0,0.0,0.54,3
bbh:test:1038:b27f002aa9c0,Qwen3-8B,1.0,1.0,0.0,0.38,3
bbh:test:984:bc821469d01e,Qwen3-8B,1.0,1.0,0.0,0.2,3
bbh:test:806:b0ff0df53937,Qwen3-8B,1.0,1.0,0.0,0.13,3
bbh:test:488:60d08e7cca47,Qwen3-8B,1.0,1.0,0.0,0.74,3
bbh:test:549:61ff81a3c252,Qwen3-8B,1.0,1.0,0.0,0.32,3
bbh:test:231:61af376ab30d,Qwen3-8B,1.0,1.0,0.0,0.19,3
bbh:test:600:d12b6512ba4b,Qwen3-8B,1.0,1.0,0.0,0.33999999999999997,3
bbh:test:999:a051eb6bc976,Qwen3-8B,1.0,1.0,0.0,0.25,3
bbh:test:632:7f8406accd59,Qwen3-8B,1.0,1.0,0.0,0.21,3
bbh:test:694:a6d938862b3f,Qwen3-8B,1.0,1.0,0.0,0.12,3
bbh:test:510:a2d91989ee8a,Qwen3-8B,1.0,1.0,0.0,0.7699999999999999,3
bbh:test:137:cd4c332ae59f,Qwen3-8B,0.0,1.0,1.0,0.18000000000000002,3
bbh:test:12:0b11b2031e9d,Qwen3-8B,1.0,1.0,0.0,0.38,3
bbh:test:342:c82339437bdf,Qwen3-8B,1.0,1.0,0.0,0.28,3
bbh:test:940:902607e64dd6,Qwen3-8B,1.0,1.0,0.0,0.16999999999999998,3
bbh:test:153:1a200d3be0b0,Qwen3-8B,0.0,1.0,1.0,0.21999999999999997,3
bbh:test:715:7144a063bae8,Qwen3-8B,1.0,1.0,0.0,0.13000000000000003,3
bbh:test:846:e550a3067080,Qwen3-8B,1.0,1.0,0.0,0.31,3
bbh:test:300:b21c88655812,Qwen3-8B,1.0,1.0,0.0,0.1,3
bbh:test:1058:c7bfe4c98c6f,Qwen3-8B,1.0,1.0,0.0,0.36,3
bbh:test:30:0d6190362878,Qwen3-8B,1.0,1.0,0.0,0.31999999999999995,3
bbh:test:657:6311923a3fd8,Qwen3-8B,1.0,1.0,0.0,0.2,3
bbh:test:43:361f6d4e6afe,Qwen3-8B,1.0,1.0,0.0,0.27,3
bbh:test:654:7a7d438dfe59,Qwen3-8B,1.0,1.0,0.0,0.49,3
bbh:test:896:226a0b12a93c,Qwen3-8B,1.0,1.0,0.0,0.21999999999999997,3
bbh:test:784:1958344990ac,Qwen3-8B,1.0,1.0,0.0,0.09,3
bbh:test:687:e1789dc873e3,Qwen3-8B,0.0,1.0,1.0,0.1,3
bbh:test:966:01bce70208a7,Qwen3-8B,1.0,1.0,0.0,0.030000000000000027,3
bbh:test:747:e40581ea2f21,Qwen3-8B,1.0,1.0,0.0,0.16000000000000003,3
bbh:test:588:efb9426434a4,Qwen3-8B,1.0,1.0,0.0,0.37,3
bbh:test:212:7190e25939a6,Qwen3-8B,1.0,1.0,0.0,0.21,3
bbh:test:1004:c98ce1990980,Qwen3-8B,1.0,1.0,0.0,0.39,3
bbh:test:648:6c478128cd23,Qwen3-8B,1.0,1.0,0.0,0.41000000000000003,3
bbh:test:196:497420a4eb6b,Qwen3-8B,1.0,1.0,0.0,0.41000000000000003,3
bbh:test:238:5f967d365536,Qwen3-8B,1.0,1.0,0.0,0.17,3
bbh:test:1076:6f28fd8601d7,Qwen3-8B,1.0,1.0,0.0,0.37,3
bbh:test:470:c141f02ffd19,Qwen3-8B,1.0,1.0,0.0,0.10000000000000003,3
bbh:test:68:8b7220f2144e,Qwen3-8B,1.0,1.0,0.0,0.21000000000000002,3
bbh:test:989:5b7a0fe6e4fc,Qwen3-8B,1.0,1.0,0.0,0.12999999999999998,3
bbh:test:617:053927d6b265,Qwen3-8B,1.0,1.0,0.0,0.48,3
bbh:test:1040:a6b26fe6ae69,Qwen3-8B,1.0,1.0,0.0,0.32,3
bbh:test:664:f4e6f25c38ed,Qwen3-8B,1.0,1.0,0.0,0.45000000000000007,3
bbh:test:423:bcfae3dfa576,Qwen3-8B,1.0,1.0,0.0,0.32999999999999996,3
bbh:test:895:174b7e3b17fb,Qwen3-8B,1.0,1.0,0.0,0.14,3
bbh:test:649:5f6a053be686,Qwen3-8B,1.0,1.0,0.0,0.24999999999999997,3
bbh:test:625:8a7ebb6c96cc,Qwen3-8B,1.0,1.0,0.0,0.41000000000000003,3
bbh:test:744:e5e04b2d4c82,Qwen3-8B,0.0,1.0,1.0,0.16,3
bbh:test:910:b905dd348e27,Qwen3-8B,1.0,1.0,0.0,0.2,3
bbh:test:1050:dccf29a4dd68,Qwen3-8B,1.0,1.0,0.0,0.38,3
bbh:test:306:49a788692607,Qwen3-8B,1.0,1.0,0.0,0.13999999999999999,3
bbh:test:394:ce23c1757ac8,Qwen3-8B,1.0,1.0,0.0,0.24000000000000002,3
bbh:test:246:6d8b0b1d7a76,Qwen3-8B,1.0,1.0,0.0,0.27,3
bbh:test:939:5577d65bd751,Qwen3-8B,1.0,1.0,0.0,0.2,3
bbh:test:45:1c00d16dc4dd,Qwen3-8B,1.0,1.0,0.0,0.32,3
bbh:test:415:12956fc0e384,Qwen3-8B,1.0,1.0,0.0,0.29000000000000004,3
bbh:test:912:80a56b6d6242,Qwen3-8B,0.0,1.0,1.0,0.13,3
bbh:test:211:743d4702d7f1,Qwen3-8B,1.0,1.0,0.0,0.12999999999999998,3
bbh:test:927:f99388a23d33,Qwen3-8B,1.0,1.0,0.0,0.22,3
bbh:test:345:1c171a4d8b44,Qwen3-8B,1.0,1.0,0.0,0.29000000000000004,3
bbh:test:251:1cd6786e6c8a,Qwen3-8B,1.0,1.0,0.0,0.27,3
bbh:test:531:57b9a5037fa6,Qwen3-8B,1.0,1.0,0.0,0.4600000000000001,3
bbh:test:217:23c739b3c951,Qwen3-8B,1.0,1.0,0.0,0.13999999999999999,3
bbh:test:603:0d1de6ad7440,Qwen3-8B,1.0,1.0,0.0,0.43000000000000005,3
bbh:test:515:c426b923e4f7,Qwen3-8B,1.0,1.0,0.0,0.72,3
bbh:test:669:a64ae3f965c0,Qwen3-8B,1.0,1.0,0.0,0.55,3
bbh:test:414:680856aa78aa,Qwen3-8B,1.0,1.0,0.0,0.14,3
emorynlp:test:338:9d2daa4e96a4,Qwen3-8B,1.0,1.0,0.0,0.09,3
emorynlp:test:41:2be5c7e35895,Qwen3-8B,1.0,1.0,0.0,0.07999999999999999,3
emorynlp:test:673:88f41498ba3d,Qwen3-8B,0.0,1.0,1.0,0.07,3
emorynlp:test:399:69b7a9d1de24,Qwen3-8B,0.0,0.0,0.0,0.12,3
emorynlp:test:192:4f95c27fee72,Qwen3-8B,0.0,0.0,0.0,0.020000000000000018,3
emorynlp:test:675:faca2e3782dd,Qwen3-8B,0.0,0.0,0.0,0.06999999999999998,3
emorynlp:test:65:2c4792a32515,Qwen3-8B,0.0,1.0,1.0,0.03,3
emorynlp:test:188:dad63e8a97a7,Qwen3-8B,0.0,0.0,0.0,0.06,3
emorynlp:test:545:d6c351d3a71c,Qwen3-8B,0.0,1.0,1.0,0.03,3
emorynlp:test:4:79b9bcec4436,Qwen3-8B,1.0,1.0,0.0,0.07,3
emorynlp:test:555:b1ecd66e7200,Qwen3-8B,0.0,1.0,1.0,0.07,3
emorynlp:test:476:cefb3d1819ce,Qwen3-8B,0.0,0.0,0.0,0.03,3
emorynlp:test:394:16e76691d9be,Qwen3-8B,0.0,1.0,1.0,0.05000000000000002,3
emorynlp:test:595:6da310ad218a,Qwen3-8B,1.0,1.0,0.0,0.09,3
emorynlp:test:285:8472507ab64c,Qwen3-8B,1.0,1.0,0.0,0.020000000000000018,3
emorynlp:test:248:333acd582425,Qwen3-8B,1.0,1.0,0.0,0.09999999999999998,3
emorynlp:test:295:12d5b304a0db,Qwen3-8B,1.0,1.0,0.0,0.06999999999999998,3
emorynlp:test:662:1efaa8a1b965,Qwen3-8B,1.0,1.0,0.0,0.10999999999999999,3
emorynlp:test:396:df35d29eb309,Qwen3-8B,0.0,1.0,1.0,0.07,3
emorynlp:test:574:bd685396330c,Qwen3-8B,0.0,1.0,1.0,0.04999999999999999,3
emorynlp:test:184:f8f250ceb6cf,Qwen3-8B,0.0,0.0,0.0,0.01999999999999999,3
emorynlp:test:363:54ca64814fb3,Qwen3-8B,0.0,1.0,1.0,0.06,3
emorynlp:test:315:56390384528a,Qwen3-8B,1.0,1.0,0.0,0.010000000000000009,3
emorynlp:test:270:4767b89decbe,Qwen3-8B,0.0,1.0,1.0,0.09,3
emorynlp:test:200:81a3ddcacce6,Qwen3-8B,1.0,1.0,0.0,0.05000000000000002,3
emorynlp:test:55:707559781c43,Qwen3-8B,0.0,1.0,1.0,0.07999999999999999,3
emorynlp:test:224:c858deeb5005,Qwen3-8B,1.0,1.0,0.0,0.19,3
emorynlp:test:159:28bc4f754aad,Qwen3-8B,0.0,1.0,1.0,2.7755575615628914e-17,3
emorynlp:test:88:6a5c8c4dd79c,Qwen3-8B,1.0,1.0,0.0,0.010000000000000009,3
emorynlp:test:597:a515b6f55ad9,Qwen3-8B,0.0,0.0,0.0,0.04999999999999999,3
emorynlp:test:505:2645ebba54cb,Qwen3-8B,0.0,0.0,0.0,0.09,3
emorynlp:test:542:52c924e1d5a4,Qwen3-8B,0.0,1.0,1.0,0.04000000000000001,3
emorynlp:test:301:82098ca5273d,Qwen3-8B,0.0,1.0,1.0,0.07999999999999999,3
emorynlp:test:592:632fb604dfc2,Qwen3-8B,1.0,1.0,0.0,0.01999999999999999,3
emorynlp:test:487:d16095a57be6,Qwen3-8B,0.0,1.0,1.0,0.10999999999999999,3
emorynlp:test:48:de4a07bf9c43,Qwen3-8B,0.0,1.0,1.0,0.01999999999999999,3
emorynlp:test:289:63c4cea51bf0,Qwen3-8B,0.0,0.0,0.0,0.09,3
emorynlp:test:191:0c664af65101,Qwen3-8B,0.0,1.0,1.0,0.0,3
emorynlp:test:151:eaaf29aef878,Qwen3-8B,1.0,1.0,0.0,0.0,3
emorynlp:test:82:2870983a08ae,Qwen3-8B,0.0,0.0,0.0,0.04000000000000001,3
emorynlp:test:115:5c41daead46d,glm-4-9b-chat,0.0,1.0,1.0,0.010000000000000009,3
emorynlp:test:323:25d6283cad81,Qwen3-8B,0.0,1.0,1.0,0.07,3
emorynlp:test:690:613b844effb1,Qwen3-8B,1.0,1.0,0.0,0.07999999999999999,3
emorynlp:test:286:3369296eaa49,Qwen3-8B,1.0,1.0,0.0,0.04999999999999999,3
emorynlp:test:162:4ed0cb3ea4fc,glm-4-9b-chat,0.0,1.0,1.0,0.009999999999999981,3
emorynlp:test:508:6458beeb4a9f,Qwen3-8B,1.0,1.0,0.0,0.06,3
emorynlp:test:128:aa382aa96960,Qwen3-8B,0.0,0.0,0.0,0.09999999999999998,3
emorynlp:test:138:6b254a3f8e88,Qwen3-8B,1.0,1.0,0.0,0.04000000000000001,3
emorynlp:test:612:56f67c1755e4,Qwen3-8B,1.0,1.0,0.0,0.07,3
emorynlp:test:594:e666f1562371,Qwen3-8B,0.0,1.0,1.0,0.11999999999999998,3
emorynlp:test:100:31b718e6bf54,Qwen3-8B,0.0,1.0,1.0,0.07999999999999999,3
emorynlp:test:274:a9a1b92df456,Qwen3-8B,0.0,1.0,1.0,0.03999999999999998,3
emorynlp:test:473:d6ea134ab42d,Qwen3-8B,1.0,1.0,0.0,0.03,3
emorynlp:test:484:d01145b14bc0,Qwen3-8B,0.0,1.0,1.0,0.08000000000000002,3
emorynlp:test:589:47f197b9c582,glm-4-9b-chat,0.0,1.0,1.0,0.020000000000000018,3
emorynlp:test:160:0ba38f5051b0,Qwen3-8B,1.0,1.0,0.0,0.07999999999999999,3
emorynlp:test:93:a3c0e27393fd,Qwen3-8B,0.0,1.0,1.0,0.11000000000000001,3
emorynlp:test:565:11dcec76b695,Qwen3-8B,0.0,0.0,0.0,0.01999999999999999,3
emorynlp:test:3:4585986750d5,Qwen3-8B,0.0,1.0,1.0,0.04999999999999999,3
emorynlp:test:355:b68a3ba47162,glm-4-9b-chat,0.0,0.0,0.0,0.0,3
emorynlp:test:152:34a5d59909dc,Qwen3-8B,0.0,0.0,0.0,0.06,3
emorynlp:test:610:24ddfe682623,Qwen3-8B,1.0,1.0,0.0,2.7755575615628914e-17,3
emorynlp:test:369:ed504225435b,Qwen3-8B,0.0,0.0,0.0,0.10999999999999999,3
emorynlp:test:567:0501008dad9f,Qwen3-8B,0.0,1.0,1.0,0.09,3
emorynlp:test:571:6d03ebb00e16,Qwen3-8B,0.0,0.0,0.0,0.03999999999999998,3
emorynlp:test:617:de7f6310b96c,Qwen3-8B,0.0,0.0,0.0,0.05000000000000002,3
emorynlp:test:425:43c03a0fcf13,Qwen3-8B,1.0,1.0,0.0,0.15000000000000002,3
emorynlp:test:649:7115bdbfe961,Qwen3-8B,0.0,0.0,0.0,0.09,3
emorynlp:test:74:cbf17c2602bb,Qwen3-8B,1.0,1.0,0.0,0.05999999999999997,3
emorynlp:test:161:fb78b84a4af0,glm-4-9b-chat,0.0,0.0,0.0,0.0,3
emorynlp:test:262:77c5a54c9305,Qwen3-8B,0.0,1.0,1.0,0.10999999999999999,3
emorynlp:test:626:064203659e96,Qwen3-8B,1.0,1.0,0.0,0.04000000000000001,3
emorynlp:test:95:6461cff9264b,Qwen3-8B,0.0,0.0,0.0,0.05000000000000002,3
emorynlp:test:360:2ade4c6ed679,Qwen3-8B,0.0,1.0,1.0,0.06,3
emorynlp:test:229:b26fab8022bc,Qwen3-8B,0.0,0.0,0.0,0.1,3
emorynlp:test:163:81bb1effc878,Qwen3-8B,1.0,1.0,0.0,0.01999999999999999,3
emorynlp:test:669:2618f9916340,Qwen3-8B,0.0,0.0,0.0,0.04999999999999999,3
emorynlp:test:392:530a56516065,Qwen3-8B,0.0,1.0,1.0,0.07999999999999999,3
emorynlp:test:674:488438882f87,Qwen3-8B,0.0,1.0,1.0,0.07999999999999999,3
emorynlp:test:588:720b34aafde6,Qwen3-8B,1.0,1.0,0.0,0.09,3
emorynlp:test:235:fe7761c97ff2,Qwen3-8B,1.0,1.0,0.0,0.03,3
emorynlp:test:655:ebde2b0f21e5,Qwen3-8B,0.0,1.0,1.0,0.04000000000000001,3
emorynlp:test:391:1efe1079e21f,Qwen3-8B,0.0,1.0,1.0,0.05999999999999997,3
emorynlp:test:635:41f916d750a1,Qwen3-8B,1.0,1.0,0.0,0.09999999999999998,3
emorynlp:test:401:cc0319e55727,Qwen3-8B,0.0,1.0,1.0,0.04000000000000001,3
emorynlp:test:42:b2662cf0735c,Qwen3-8B,1.0,1.0,0.0,0.06,3
emorynlp:test:9:d94d2701fb07,Qwen3-8B,0.0,1.0,1.0,0.11000000000000001,3
emorynlp:test:303:bf9369e6f4f6,Qwen3-8B,0.0,1.0,1.0,0.07999999999999999,3
emorynlp:test:681:4de81ec14c5b,Qwen3-8B,1.0,1.0,0.0,0.030000000000000027,3
emorynlp:test:332:864d7a0b7367,glm-4-9b-chat,1.0,1.0,0.0,0.010000000000000009,3
emorynlp:test:438:5ef5ddfd27ef,Qwen3-8B,1.0,1.0,0.0,0.07,3
emorynlp:test:687:9ca17939bcab,Qwen3-8B,0.0,1.0,1.0,0.010000000000000009,3
emorynlp:test:114:fc492f59e551,Qwen3-8B,1.0,1.0,0.0,0.07999999999999999,3
emorynlp:test:371:196b4a857b3f,glm-4-9b-chat,0.0,1.0,1.0,0.0,3
emorynlp:test:80:4ed7dc8666f9,Qwen3-8B,0.0,0.0,0.0,0.01999999999999999,3
emorynlp:test:255:611bc5998e0e,Qwen3-8B,1.0,1.0,0.0,0.01999999999999999,3
emorynlp:test:587:f3039ebcabb0,Qwen3-8B,0.0,1.0,1.0,0.03,3
emorynlp:test:657:cb869d9b8acf,Qwen3-8B,1.0,1.0,0.0,0.03,3
emorynlp:test:122:b1989a3489a1,glm-4-9b-chat,0.0,1.0,1.0,0.020000000000000018,3
emorynlp:test:312:f7988cec2870,glm-4-9b-chat,0.0,1.0,1.0,0.010000000000000009,3
emorynlp:test:182:c63a4efd31e1,glm-4-9b-chat,0.0,0.0,0.0,0.010000000000000009,3
emorynlp:test:166:a9398eea4af4,Qwen3-8B,1.0,1.0,0.0,0.04000000000000001,3
emorynlp:test:73:34cbf995f721,Qwen3-8B,0.0,0.0,0.0,0.03,3
emorynlp:test:583:5fded2a0bc91,Qwen3-8B,1.0,1.0,0.0,0.06,3
emorynlp:test:305:99765a11fc60,Qwen3-8B,0.0,1.0,1.0,0.06,3
emorynlp:test:596:007233e5633f,Qwen3-8B,0.0,1.0,1.0,0.01999999999999999,3
emorynlp:test:405:1d13b8dc3d5c,Qwen3-8B,0.0,0.0,0.0,0.08000000000000002,3
emorynlp:test:309:ebf8a2c04ab0,Qwen3-8B,0.0,1.0,1.0,0.09,3
emorynlp:test:121:dfc611206080,Qwen3-8B,0.0,1.0,1.0,0.03,3
emorynlp:test:581:e0520c5a79ad,Qwen3-8B,0.0,1.0,1.0,0.02999999999999997,3
emorynlp:test:633:40d7181acbbe,Qwen3-8B,1.0,1.0,0.0,0.04000000000000001,3
emorynlp:test:385:55209ed8e689,Qwen3-8B,0.0,0.0,0.0,0.04999999999999999,3
emorynlp:test:342:b71e6fa08658,Qwen3-8B,1.0,1.0,0.0,0.1,3
emorynlp:test:480:7f60dc433912,Qwen3-8B,1.0,1.0,0.0,0.06,3
emorynlp:test:365:24cdf31f3851,Qwen3-8B,0.0,1.0,1.0,0.010000000000000009,3
emorynlp:test:402:74a07bf133f7,Qwen3-8B,0.0,1.0,1.0,0.04000000000000001,3
emorynlp:test:180:2cdf2b5483fa,Qwen3-8B,1.0,1.0,0.0,0.07999999999999999,3
emorynlp:test:445:7f2b4cb75379,Qwen3-8B,1.0,1.0,0.0,0.010000000000000009,3
emorynlp:test:557:fd96d7e8c4cc,Qwen3-8B,0.0,1.0,1.0,0.03999999999999998,3
emorynlp:test:233:098be7d9865f,Qwen3-8B,0.0,1.0,1.0,0.10999999999999999,3
emorynlp:test:593:e51aacb7b5eb,Qwen3-8B,0.0,1.0,1.0,0.04999999999999999,3
emorynlp:test:331:1cce9333d99e,Qwen3-8B,0.0,1.0,1.0,0.04999999999999999,3
emorynlp:test:19:6429ef26f1fc,Qwen3-8B,1.0,1.0,0.0,0.09999999999999998,3
emorynlp:test:370:c74cf4e28e3e,Qwen3-8B,1.0,1.0,0.0,0.03,3
emorynlp:test:92:a31ce22adcdf,Qwen3-8B,1.0,1.0,0.0,0.09,3
emorynlp:test:250:2df16f5a34ea,Qwen3-8B,0.0,1.0,1.0,0.12,3
emorynlp:test:373:caf850eb1985,Qwen3-8B,0.0,0.0,0.0,0.06,3
emorynlp:test:608:4f1c32bc635a,Qwen3-8B,0.0,1.0,1.0,0.01999999999999999,3
emorynlp:test:109:e718b43a7b85,Qwen3-8B,0.0,1.0,1.0,0.07999999999999999,3
emorynlp:test:340:b7993fb7536f,Qwen3-8B,1.0,1.0,0.0,0.03,3
emorynlp:test:380:0ceccf23718e,Qwen3-8B,1.0,1.0,0.0,0.10999999999999999,3
emorynlp:test:609:691861c993e0,Qwen3-8B,1.0,1.0,0.0,0.010000000000000009,3
emorynlp:test:91:229304eeb3a5,Qwen3-8B,0.0,1.0,1.0,0.009999999999999981,3
emorynlp:test:103:4c0d61f87eda,Qwen3-8B,0.0,0.0,0.0,0.09999999999999998,3
emorynlp:test:462:c86566b07667,Qwen3-8B,0.0,0.0,0.0,0.07,3
emorynlp:test:325:d2e545448eb0,glm-4-9b-chat,1.0,1.0,0.0,0.009999999999999981,3
emorynlp:test:72:91142e708eb3,Qwen3-8B,1.0,1.0,0.0,0.08000000000000002,3
emorynlp:test:350:33db270ffd54,Qwen3-8B,0.0,1.0,1.0,0.03999999999999998,3
emorynlp:test:354:27ebef7fef81,Qwen3-8B,0.0,1.0,1.0,0.04999999999999999,3
finqa:test:950:332c12223104,Qwen3-8B,1.0,1.0,0.0,0.32000000000000006,3
finqa:test:782:e80b7d6f3138,Qwen3-8B,1.0,1.0,0.0,0.51,3
finqa:test:602:1cbc33144f65,Qwen3-8B,0.0,1.0,1.0,0.32,3
finqa:test:227:3732ea768009,Qwen3-8B,1.0,1.0,0.0,0.29,3
finqa:test:41:5d9370ca786b,Qwen3-8B,1.0,1.0,0.0,0.39,3
finqa:test:1003:4cf02f16daff,Qwen3-8B,0.0,1.0,1.0,0.22,3
finqa:test:461:5c334c0fa713,Qwen3-8B,0.0,0.0,0.0,0.16,3
finqa:test:149:d9bf24b4f6d6,Qwen3-8B,1.0,1.0,0.0,0.29,3
finqa:test:376:dad004d75a53,Qwen3-8B,1.0,1.0,0.0,0.26,3
finqa:test:776:ee1b3da95c96,Qwen3-8B,1.0,1.0,0.0,0.5700000000000001,3
finqa:test:973:200845fb3676,Qwen3-8B,1.0,1.0,0.0,0.4800000000000001,3
finqa:test:131:2308c58bc024,Qwen3-8B,1.0,1.0,0.0,0.29,3
finqa:test:79:320f547d0a86,Qwen3-8B,0.0,0.0,0.0,0.4,3
finqa:test:145:d06cd53a494e,Qwen3-8B,0.0,0.0,0.0,0.51,3
finqa:test:1004:3167753e72e8,Qwen3-8B,1.0,1.0,0.0,0.52,3
finqa:test:1117:07762a20f25c,Qwen3-8B,1.0,1.0,0.0,0.56,3
finqa:test:220:f10c90aea4ee,Qwen3-8B,1.0,1.0,0.0,0.6100000000000001,3
finqa:test:429:beb74345d1e4,Qwen3-8B,1.0,1.0,0.0,0.43000000000000005,3
finqa:test:664:2d3fc5d32a21,Qwen3-8B,1.0,1.0,0.0,0.53,3
finqa:test:31:2ac53cd4363f,Qwen3-8B,1.0,1.0,0.0,0.26,3
finqa:test:604:41c9722d4692,Qwen3-8B,1.0,1.0,0.0,0.33999999999999997,3
finqa:test:699:12d263491fba,Qwen3-8B,1.0,1.0,0.0,0.4,3
finqa:test:106:6a786f3ac972,Qwen3-8B,1.0,1.0,0.0,0.31,3
finqa:test:1027:bacd939cf8c8,Qwen3-8B,1.0,1.0,0.0,0.33999999999999997,3
finqa:test:661:ac48689347dd,Qwen3-8B,0.0,0.0,0.0,0.31999999999999995,3
finqa:test:107:a9b7217b7bcb,Qwen3-8B,1.0,1.0,0.0,0.44000000000000006,3
finqa:test:304:4f8c1383c43b,Qwen3-8B,1.0,1.0,0.0,0.42000000000000004,3
finqa:test:24:df3853669eaa,Qwen3-8B,1.0,1.0,0.0,0.35,3
finqa:test:1010:dab111dcedae,Qwen3-8B,1.0,1.0,0.0,0.5,3
finqa:test:139:83aaab2fbfb1,Qwen3-8B,1.0,1.0,0.0,0.31999999999999995,3
finqa:test:466:973e32a82d14,Qwen3-8B,0.0,1.0,1.0,0.64,3
finqa:test:289:67bede9cc959,Qwen3-8B,1.0,1.0,0.0,0.4600000000000001,3
finqa:test:1040:2cc2a8a6295e,Qwen3-8B,1.0,1.0,0.0,0.37,3
finqa:test:534:d34c72e63ffb,Qwen3-8B,1.0,1.0,0.0,0.38,3
finqa:test:1044:314f521fd2fd,Qwen3-8B,0.0,1.0,1.0,0.31,3
finqa:test:294:c5b20fddd1f7,Qwen3-8B,1.0,1.0,0.0,0.45999999999999996,3
finqa:test:66:b91054f8b2ad,Qwen3-8B,1.0,1.0,0.0,0.23,3
finqa:test:648:99e765297fdb,Qwen3-8B,1.0,1.0,0.0,0.32,3
finqa:test:989:d4d2c424eb7d,Qwen3-8B,1.0,1.0,0.0,0.38,3
finqa:test:85:aa07acde2818,Qwen3-8B,1.0,1.0,0.0,0.56,3
finqa:test:769:38a6a0815482,Qwen3-8B,0.0,0.0,0.0,0.45999999999999996,3
finqa:test:495:b6b60c09084d,Qwen3-8B,1.0,1.0,0.0,0.27999999999999997,3
finqa:test:356:7e4fbe016580,Qwen3-8B,1.0,1.0,0.0,0.39,3
finqa:test:812:a46216488c21,Qwen3-8B,0.0,1.0,1.0,0.42000000000000004,3
finqa:test:467:781103850e32,Qwen3-8B,1.0,1.0,0.0,0.35,3
finqa:test:512:851548609613,Qwen3-8B,1.0,1.0,0.0,0.18,3
finqa:test:1035:85f518a16a63,Qwen3-8B,1.0,1.0,0.0,0.49,3
finqa:test:82:70a36a9081f1,Qwen3-8B,1.0,1.0,0.0,0.24000000000000002,3
finqa:test:667:e5997f7af821,Qwen3-8B,0.0,0.0,0.0,0.34,3
finqa:test:674:0405dc4aa6eb,Qwen3-8B,1.0,1.0,0.0,0.30000000000000004,3
finqa:test:327:e2a209bebc56,Qwen3-8B,1.0,1.0,0.0,0.45000000000000007,3
finqa:test:200:a33bcbc0d391,Qwen3-8B,1.0,1.0,0.0,0.18999999999999997,3
finqa:test:962:3b4a54368238,Qwen3-8B,1.0,1.0,0.0,0.15000000000000002,3
finqa:test:945:117f2dffb11d,Qwen3-8B,1.0,1.0,0.0,0.27999999999999997,3
finqa:test:158:4f28f840daa2,Qwen3-8B,0.0,0.0,0.0,0.55,3
finqa:test:531:fdd6579f0fc8,Qwen3-8B,1.0,1.0,0.0,0.39,3
finqa:test:823:c58045d94045,Qwen3-8B,0.0,1.0,1.0,0.27,3
finqa:test:313:a07c0d6a0a98,Qwen3-8B,1.0,1.0,0.0,0.41000000000000003,3
finqa:test:302:832d5a681831,Qwen3-8B,1.0,1.0,0.0,0.43000000000000005,3
finqa:test:622:f561b750253b,Qwen3-8B,1.0,1.0,0.0,0.33999999999999997,3
finqa:test:218:4e5cc16b2e3f,Qwen3-8B,0.0,1.0,1.0,0.43000000000000005,3
finqa:test:275:e5dc3a13c402,Qwen3-8B,1.0,1.0,0.0,0.21999999999999997,3
finqa:test:1028:7943f84cd2c4,Qwen3-8B,1.0,1.0,0.0,0.24999999999999997,3
finqa:test:197:540695e44211,Qwen3-8B,1.0,1.0,0.0,0.41000000000000003,3
finqa:test:1009:0be9f4f0c818,Qwen3-8B,1.0,1.0,0.0,0.37,3
finqa:test:758:1dcbd3738648,Qwen3-8B,0.0,1.0,1.0,0.33999999999999997,3
finqa:test:346:8a007fea1b00,Qwen3-8B,1.0,1.0,0.0,0.47,3
finqa:test:307:b63bc68b3271,Qwen3-8B,0.0,1.0,1.0,0.48,3
finqa:test:187:3419e54c2d60,Qwen3-8B,1.0,1.0,0.0,0.55,3
finqa:test:992:7c1370a9225c,Qwen3-8B,0.0,1.0,1.0,0.25,3
finqa:test:189:2e68c52d08cc,Qwen3-8B,1.0,1.0,0.0,0.3,3
finqa:test:626:4f0962f9fdf1,Qwen3-8B,1.0,1.0,0.0,0.13,3
finqa:test:1001:1a5a8127d828,Qwen3-8B,1.0,1.0,0.0,0.47,3
finqa:test:1099:b296604e3d41,Qwen3-8B,1.0,1.0,0.0,0.37,3
finqa:test:263:da1542d183de,Qwen3-8B,1.0,1.0,0.0,0.43999999999999995,3
finqa:test:675:6309e5dc03c4,Qwen3-8B,1.0,1.0,0.0,0.27999999999999997,3
finqa:test:26:a2c4512f00d2,Qwen3-8B,1.0,1.0,0.0,0.26,3
finqa:test:784:47e9d6aa1dc8,Qwen3-8B,1.0,1.0,0.0,0.37,3
finqa:test:1046:b928ff1a9d55,Qwen3-8B,1.0,1.0,0.0,0.44000000000000006,3
finqa:test:511:cf198190d577,Qwen3-8B,1.0,1.0,0.0,0.52,3
finqa:test:632:60cd58b048ad,Qwen3-8B,1.0,1.0,0.0,0.23999999999999996,3
finqa:test:935:698251fa8b30,Qwen3-8B,1.0,1.0,0.0,0.38,3
finqa:test:565:4c4c408428b8,Qwen3-8B,0.0,0.0,0.0,0.49,3
finqa:test:556:6a1429166b82,Qwen3-8B,1.0,1.0,0.0,0.55,3
finqa:test:828:4c3dda301332,Qwen3-8B,1.0,1.0,0.0,0.54,3
finqa:test:244:ba55b1f377e6,Qwen3-8B,1.0,1.0,0.0,0.48,3
finqa:test:1032:3bbd9810431b,Qwen3-8B,1.0,1.0,0.0,0.27999999999999997,3
finqa:test:1125:f9f235a286c1,Qwen3-8B,0.0,0.0,0.0,0.47,3
finqa:test:342:e02672b26169,Qwen3-8B,1.0,1.0,0.0,0.29000000000000004,3
finqa:test:375:90c1b849b8c4,Qwen3-8B,1.0,1.0,0.0,0.35,3
finqa:test:568:a0033311df28,Qwen3-8B,1.0,1.0,0.0,0.33,3
finqa:test:529:55ed751021e6,Qwen3-8B,0.0,0.0,0.0,0.28,3
finqa:test:500:47f7a4d90f5c,Qwen3-8B,1.0,1.0,0.0,0.28,3
finqa:test:292:6cdb29a7144d,Qwen3-8B,1.0,1.0,0.0,0.35,3
finqa:test:505:ee54b2460978,Qwen3-8B,1.0,1.0,0.0,0.34,3
finqa:test:647:3445cb329dd2,Qwen3-8B,1.0,1.0,0.0,0.31999999999999995,3
finqa:test:173:468222adfde4,Qwen3-8B,1.0,1.0,0.0,0.33999999999999997,3
finqa:test:448:dc0fcb67db55,Qwen3-8B,1.0,1.0,0.0,0.26,3
finqa:test:654:537a3e2bc5bc,Qwen3-8B,1.0,1.0,0.0,0.47,3
finqa:test:915:329ec942b7f4,Qwen3-8B,1.0,1.0,0.0,0.35,3
finqa:test:617:79c40ecec906,Qwen3-8B,1.0,1.0,0.0,0.35,3
finqa:test:761:f796fe2decfc,Qwen3-8B,0.0,0.0,0.0,0.4,3
finqa:test:842:2775cc24301a,Qwen3-8B,1.0,1.0,0.0,0.31,3
finqa:test:839:0f0fd3f43a36,Qwen3-8B,1.0,1.0,0.0,0.19999999999999998,3
finqa:test:364:159ca7dff09e,Qwen3-8B,1.0,1.0,0.0,0.33999999999999997,3
finqa:test:1128:43aaf8076d53,Qwen3-8B,1.0,1.0,0.0,0.48,3
finqa:test:967:53a285bb7a6d,Qwen3-8B,0.0,0.0,0.0,0.51,3
finqa:test:469:0bf2b8de725e,Qwen3-8B,1.0,1.0,0.0,0.36,3
finqa:test:783:312e1f4fe63c,Qwen3-8B,1.0,1.0,0.0,0.33,3
finqa:test:996:488f8e11b3eb,Qwen3-8B,1.0,1.0,0.0,0.56,3
finqa:test:105:e1357ed50ecf,Qwen3-8B,1.0,1.0,0.0,0.24999999999999997,3
finqa:test:937:290d456dca5a,Qwen3-8B,1.0,1.0,0.0,0.3,3
finqa:test:663:62435e717663,Qwen3-8B,0.0,0.0,0.0,0.24999999999999997,3
finqa:test:38:6ee8f0fd096d,Qwen3-8B,1.0,1.0,0.0,0.22,3
finqa:test:1129:7ffcffbdf53d,Qwen3-8B,1.0,1.0,0.0,0.33999999999999997,3
finqa:test:1020:16e9865f5b23,Qwen3-8B,1.0,1.0,0.0,0.21000000000000002,3
finqa:test:303:21e604d67280,Qwen3-8B,1.0,1.0,0.0,0.32999999999999996,3
finqa:test:1006:7f67b609b9f2,Qwen3-8B,1.0,1.0,0.0,0.48,3
finqa:test:1108:e4558fde2ab7,Qwen3-8B,1.0,1.0,0.0,0.49,3
finqa:test:700:974de37916f8,Qwen3-8B,1.0,1.0,0.0,0.5700000000000001,3
finqa:test:735:838e92da8d1d,Qwen3-8B,0.0,0.0,0.0,0.21,3
finqa:test:633:3c0e91ea87cc,Qwen3-8B,1.0,1.0,0.0,0.48,3
finqa:test:521:c7fa7bb52945,Qwen3-8B,1.0,1.0,0.0,0.35,3
finqa:test:985:eacb3ca02f13,Qwen3-8B,1.0,1.0,0.0,0.24999999999999997,3
finqa:test:1031:9a031a2673d2,Qwen3-8B,0.0,1.0,1.0,0.21000000000000002,3
finqa:test:787:a38a1783a0f3,Qwen3-8B,1.0,1.0,0.0,0.33,3
finqa:test:1083:f15fbe2234d6,Qwen3-8B,0.0,1.0,1.0,0.39,3
finqa:test:805:2d2dc882557e,Qwen3-8B,0.0,1.0,1.0,0.33999999999999997,3
finqa:test:92:1a403c2b2b5c,Qwen3-8B,1.0,1.0,0.0,0.16999999999999998,3
finqa:test:541:ce9715ca347f,Qwen3-8B,0.0,0.0,0.0,0.16999999999999998,3
finqa:test:311:aae68f2ce2a6,Qwen3-8B,0.0,0.0,0.0,0.42000000000000004,3
finqa:test:580:7b40cccfaddc,Qwen3-8B,0.0,0.0,0.0,0.26,3
finqa:test:451:2b6db27898c9,Qwen3-8B,1.0,1.0,0.0,0.36,3
finqa:test:1107:829e9750b993,Qwen3-8B,1.0,1.0,0.0,0.29000000000000004,3
finqa:test:30:b977ba06afac,Qwen3-8B,0.0,0.0,0.0,0.36,3
finqa:test:186:6c159087797e,Qwen3-8B,0.0,0.0,0.0,0.49,3
finqa:test:336:6692ca821e8c,Qwen3-8B,1.0,1.0,0.0,0.34,3
finqa:test:795:352d69ef037d,Qwen3-8B,1.0,1.0,0.0,0.29,3
finqa:test:224:8353b88be56f,Qwen3-8B,1.0,1.0,0.0,0.31000000000000005,3
finqa:test:939:813b51130d04,Qwen3-8B,0.0,1.0,1.0,0.27,3
finqa:test:942:a9113c696cd7,Qwen3-8B,1.0,1.0,0.0,0.41000000000000003,3
finqa:test:504:becab6ef836e,Qwen3-8B,0.0,0.0,0.0,0.30999999999999994,3
finqa:test:156:9b820e775773,Qwen3-8B,1.0,1.0,0.0,0.33999999999999997,3
finqa:test:276:b9187c0d0f7f,Qwen3-8B,1.0,1.0,0.0,0.35,3
finqa:test:835:753944b51678,Qwen3-8B,0.0,1.0,1.0,0.29000000000000004,3
finqa:test:293:877e8404ca06,Qwen3-8B,1.0,1.0,0.0,0.29000000000000004,3
finqa:test:786:5d7a52d32826,Qwen3-8B,1.0,1.0,0.0,0.39,3
finqa:test:1100:9a02d56d33f7,Qwen3-8B,1.0,1.0,0.0,0.27,3
finqa:test:824:657eda0bf4d6,Qwen3-8B,1.0,1.0,0.0,0.33999999999999997,3
finqa:test:729:3811851fa760,Qwen3-8B,1.0,1.0,0.0,0.18,3
finqa:test:866:a2e0003a5be6,Qwen3-8B,1.0,1.0,0.0,0.36,3
finqa:test:18:08649ecdd78c,Qwen3-8B,1.0,1.0,0.0,0.48,3
finqa:test:318:298347351867,Qwen3-8B,0.0,1.0,1.0,0.32,3
finqa:test:29:d4c8dea9c142,Qwen3-8B,0.0,1.0,1.0,0.42000000000000004,3
finqa:test:114:3ae37d563b72,Qwen3-8B,1.0,1.0,0.0,0.4,3
finqa:test:929:73f4b6c66f38,Qwen3-8B,0.0,1.0,1.0,0.32,3
finqa:test:590:d13b4af94876,Qwen3-8B,0.0,0.0,0.0,0.39,3
finqa:test:746:11c3c05d22dc,Qwen3-8B,0.0,0.0,0.0,0.24000000000000002,3
finqa:test:273:75c26521e6ef,Qwen3-8B,1.0,1.0,0.0,0.5800000000000001,3
finqa:test:42:fbc4a0adca5b,Qwen3-8B,1.0,1.0,0.0,0.39,3
finqa:test:48:2f86d1f50bcf,Qwen3-8B,1.0,1.0,0.0,0.62,3
finqa:test:837:9f1c3a55f9b9,Qwen3-8B,1.0,1.0,0.0,0.36,3
finqa:test:656:c5b5c05d2481,Qwen3-8B,0.0,0.0,0.0,0.5,3
finqa:test:515:788850a7f5e3,Qwen3-8B,1.0,1.0,0.0,0.37,3
finqa:test:442:8fef02d7f59e,Qwen3-8B,0.0,0.0,0.0,0.17999999999999997,3
finqa:test:926:a777d2ba47e8,Qwen3-8B,1.0,1.0,0.0,0.37,3
finqa:test:130:eea5e4541b14,Qwen3-8B,0.0,1.0,1.0,0.33,3
finqa:test:496:2d5c3d196162,Qwen3-8B,1.0,1.0,0.0,0.16,3
finqa:test:213:968b8f12e5e2,Qwen3-8B,1.0,1.0,0.0,0.43000000000000005,3
finqa:test:345:f392a182146e,Qwen3-8B,1.0,1.0,0.0,0.51,3
finqa:test:225:dab11902458d,Qwen3-8B,1.0,1.0,0.0,0.38,3
finqa:test:387:3aa740ba17d8,Qwen3-8B,0.0,1.0,1.0,0.26999999999999996,3
finqa:test:37:af9f78ad0897,Qwen3-8B,1.0,1.0,0.0,0.22,3
finqa:test:397:7c82fc3b1c3d,Qwen3-8B,1.0,1.0,0.0,0.26999999999999996,3
finqa:test:537:6b3d03e74fb3,Qwen3-8B,1.0,1.0,0.0,0.19999999999999998,3
finqa:test:55:044cb91a83eb,Qwen3-8B,1.0,1.0,0.0,0.32999999999999996,3
finqa:test:374:b62a5958e249,Qwen3-8B,1.0,1.0,0.0,0.45000000000000007,3
finqa:test:711:337709cf5499,Qwen3-8B,1.0,1.0,0.0,0.25,3
finqa:test:817:cba27559d188,Qwen3-8B,1.0,1.0,0.0,0.2,3
finqa:test:651:519b59c6f8f1,Qwen3-8B,1.0,1.0,0.0,0.43000000000000005,3
finqa:test:694:d970156e7e78,Qwen3-8B,1.0,1.0,0.0,0.4,3
finqa:test:856:2a46b4fa1dc4,Qwen3-8B,1.0,1.0,0.0,0.30999999999999994,3
finqa:test:986:a28289732978,Qwen3-8B,1.0,1.0,0.0,0.56,3
finqa:test:115:e17dacb4f68f,Qwen3-8B,0.0,0.0,0.0,0.37,3
finqa:test:578:9b1fe0f00f9f,Qwen3-8B,0.0,1.0,1.0,0.39,3
finqa:test:258:7152e0a23530,Qwen3-8B,1.0,1.0,0.0,0.37,3
finqa:test:49:5e91d4445a63,Qwen3-8B,1.0,1.0,0.0,0.41000000000000003,3
finqa:test:176:3e0d1460f751,Qwen3-8B,1.0,1.0,0.0,0.43000000000000005,3
finqa:test:47:37683bb60ed5,Qwen3-8B,1.0,1.0,0.0,0.5700000000000001,3
finqa:test:404:6b71a7cd4c61,Qwen3-8B,1.0,1.0,0.0,0.23999999999999996,3
finqa:test:124:2b84001d4325,Qwen3-8B,1.0,1.0,0.0,0.39,3
finqa:test:260:5d97e50d7134,Qwen3-8B,1.0,1.0,0.0,0.36,3
finqa:test:74:038ff7aa184e,Qwen3-8B,1.0,1.0,0.0,0.35,3
finqa:test:753:e222143944ff,Qwen3-8B,1.0,1.0,0.0,0.39,3
finqa:test:597:094c2c5e205d,Qwen3-8B,1.0,1.0,0.0,0.36,3
finqa:test:672:50b9c3afb0d9,Qwen3-8B,1.0,1.0,0.0,0.36,3
finqa:test:1067:066da9d5542b,Qwen3-8B,1.0,1.0,0.0,0.5900000000000001,3
finqa:test:807:371776ea41d9,Qwen3-8B,1.0,1.0,0.0,0.24999999999999997,3
finqa:test:1084:82b8a13b9f48,Qwen3-8B,1.0,1.0,0.0,0.51,3
finqa:test:1081:7e642a3e52d8,Qwen3-8B,1.0,1.0,0.0,0.47,3
finqa:test:319:3e42a33d9017,Qwen3-8B,1.0,1.0,0.0,0.44000000000000006,3
finqa:test:655:c1638219eb21,Qwen3-8B,1.0,1.0,0.0,0.16999999999999998,3
finqa:test:325:8e15890184ef,Qwen3-8B,1.0,1.0,0.0,0.48,3
finqa:test:728:9fd5f4982d46,Qwen3-8B,1.0,1.0,0.0,0.17999999999999997,3
finqa:test:116:1077208259d8,Qwen3-8B,0.0,1.0,1.0,0.31999999999999995,3
finqa:test:952:93601782ffa6,Qwen3-8B,1.0,1.0,0.0,0.28,3
finqa:test:972:dca21f5e8404,Qwen3-8B,1.0,1.0,0.0,0.23000000000000004,3
finqa:test:995:b0c23d84c24f,Qwen3-8B,0.0,1.0,1.0,0.45000000000000007,3
finqa:test:976:4a3357dec2cd,Qwen3-8B,1.0,1.0,0.0,0.16000000000000003,3
finqa:test:427:9ba26f89301b,Qwen3-8B,1.0,1.0,0.0,0.13999999999999999,3
finqa:test:484:e4163ead904a,Qwen3-8B,1.0,1.0,0.0,0.5,3
finqa:test:388:7851f2efd1de,Qwen3-8B,1.0,1.0,0.0,0.41000000000000003,3
finqa:test:891:c4a72d9fd025,Qwen3-8B,0.0,1.0,1.0,0.48,3
finqa:test:58:3d6e3ec7e667,Qwen3-8B,1.0,1.0,0.0,0.29000000000000004,3
finqa:test:1:56a481bd0ac5,Qwen3-8B,1.0,1.0,0.0,0.4,3
finqa:test:882:abe6488d5fd0,Qwen3-8B,0.0,1.0,1.0,0.37,3
finqa:test:354:c94d21e75dac,Qwen3-8B,1.0,1.0,0.0,0.4,3
finqa:test:350:0470dcb03912,Qwen3-8B,0.0,1.0,1.0,0.15,3
finqa:test:979:238f6a747aa7,Qwen3-8B,0.0,1.0,1.0,0.16999999999999996,3
finqa:test:552:e5f3043d0d4b,Qwen3-8B,1.0,1.0,0.0,0.23999999999999996,3
finqa:test:207:2db2329b0188,Qwen3-8B,1.0,1.0,0.0,0.33,3
finqa:test:666:3e7b780c7fa7,Qwen3-8B,1.0,1.0,0.0,0.45000000000000007,3
finqa:test:535:09e9644e7704,Qwen3-8B,1.0,1.0,0.0,0.24999999999999997,3
finqa:test:250:7ee24aea8e26,Qwen3-8B,0.0,1.0,1.0,0.44000000000000006,3
finqa:test:437:11cf14192182,Qwen3-8B,0.0,1.0,1.0,0.36,3
finqa:test:549:9051c536a60b,Qwen3-8B,0.0,0.0,0.0,0.47,3
finqa:test:527:01a1d8b11d3e,Qwen3-8B,1.0,1.0,0.0,0.33999999999999997,3
finqa:test:1131:8b51b0568dee,Qwen3-8B,0.0,1.0,1.0,0.16999999999999996,3
finqa:test:1026:4a6393dbf886,Qwen3-8B,1.0,1.0,0.0,0.38,3
gpqa:test:31:7d255f50db2f,Qwen3-8B,0.0,1.0,1.0,0.17999999999999997,3
gpqa:test:47:8781fdef6a45,Qwen3-8B,1.0,1.0,0.0,0.33999999999999997,3
gpqa:test:4:ee40e0ba4774,Qwen3-8B,0.0,1.0,1.0,0.29,3
gpqa:test:122:c56cb7b7e991,Qwen3-8B,0.0,1.0,1.0,0.15999999999999998,3
gpqa:test:82:7e151621ce33,Qwen3-8B,0.0,1.0,1.0,0.2,3
gpqa:test:176:4c588d49e166,Qwen3-8B,1.0,1.0,0.0,0.5800000000000001,3
gpqa:test:164:916a1ca795d3,Qwen3-8B,0.0,1.0,1.0,0.49,3
gpqa:test:126:a9a0bfffd048,Qwen3-8B,0.0,0.0,0.0,0.15000000000000002,3
gpqa:test:2:3693f46e8576,Qwen3-8B,0.0,1.0,1.0,0.22,3
gpqa:test:158:691112dd08ae,Qwen3-8B,1.0,1.0,0.0,0.14,3
gpqa:test:85:9d46302b7638,Qwen3-8B,1.0,1.0,0.0,0.32999999999999996,3
gpqa:test:105:a4a5fc9933cc,Qwen3-8B,1.0,1.0,0.0,0.4,3
gpqa:test:90:83087f2c44e0,Qwen3-8B,0.0,1.0,1.0,0.27,3
gpqa:test:18:a80144fd5822,Qwen3-8B,0.0,1.0,1.0,0.45000000000000007,3
gpqa:test:109:0326a5ac65bf,Qwen3-8B,1.0,1.0,0.0,0.24999999999999997,3
gpqa:test:116:b494f4c17856,Qwen3-8B,0.0,1.0,1.0,0.21000000000000002,3
gpqa:test:58:e9afb4888113,Qwen3-8B,1.0,1.0,0.0,0.13,3
gpqa:test:39:2a2960ef5f56,Qwen3-8B,1.0,1.0,0.0,0.56,3
gpqa:test:51:6aff7faed92c,Qwen3-8B,0.0,1.0,1.0,0.53,3
gpqa:test:194:60d3cadcd6e0,Qwen3-8B,1.0,1.0,0.0,0.62,3
gpqa:test:61:77fbe1b5cba1,Qwen3-8B,1.0,1.0,0.0,0.38,3
gpqa:test:19:19b232403de1,Qwen3-8B,0.0,1.0,1.0,0.30000000000000004,3
gpqa:test:5:df7a418120f2,Qwen3-8B,1.0,1.0,0.0,0.6000000000000001,3
gpqa:test:46:d21ba2f1c06b,Qwen3-8B,1.0,1.0,0.0,0.12,3
gpqa:test:11:1dec0a47229d,Qwen3-8B,1.0,1.0,0.0,0.29000000000000004,3
gpqa:test:142:900512841fc1,Qwen3-8B,1.0,1.0,0.0,0.38,3
gpqa:test:166:94b815fe46e0,Qwen3-8B,1.0,1.0,0.0,0.35,3
gpqa:test:77:fa21b643631f,Qwen3-8B,0.0,1.0,1.0,0.23,3
gpqa:test:159:0a6547451a52,Qwen3-8B,0.0,1.0,1.0,0.29000000000000004,3
gpqa:test:165:a959b55fd536,Qwen3-8B,0.0,1.0,1.0,0.12,3
gpqa:test:106:6badc2ea740f,Qwen3-8B,0.0,0.0,0.0,0.18,3
gpqa:test:162:ba99b8cf3fbb,Qwen3-8B,1.0,1.0,0.0,0.68,3
gpqa:test:7:d48362abba76,Qwen3-8B,1.0,1.0,0.0,0.43000000000000005,3
gpqa:test:27:242744da2c60,Qwen3-8B,1.0,1.0,0.0,0.17,3
gpqa:test:72:5f90c35acb16,Qwen3-8B,1.0,1.0,0.0,0.16000000000000003,3
gpqa:test:64:bcdbdb691a7d,Qwen3-8B,0.0,1.0,1.0,0.41000000000000003,3
gpqa:test:107:e426a9a1b097,Qwen3-8B,0.0,1.0,1.0,0.13000000000000003,3
gpqa:test:133:051eba250138,Qwen3-8B,1.0,1.0,0.0,0.43999999999999995,3
gpqa:test:146:934c12bf2e6d,Qwen3-8B,0.0,1.0,1.0,0.19,3
humaneval:test:5:a24ad475edd4,Qwen3-8B,1.0,1.0,0.0,0.66,3
humaneval:test:119:8f155895e87d,Qwen3-8B,0.0,1.0,1.0,0.41999999999999993,3
humaneval:test:131:72a402114f72,Qwen3-8B,0.0,1.0,1.0,0.49,3
humaneval:test:24:30f49c8495f3,Qwen3-8B,1.0,1.0,0.0,0.59,3
humaneval:test:22:51aac7298f68,Qwen3-8B,1.0,1.0,0.0,0.66,3
humaneval:test:109:0024b7f9537e,Qwen3-8B,0.0,1.0,1.0,0.5,3
humaneval:test:54:29ebf415600e,Qwen3-8B,1.0,1.0,0.0,0.61,3
humaneval:test:150:a5971302ce07,Qwen3-8B,0.0,1.0,1.0,0.47,3
humaneval:test:112:fd8af0c8a74a,Qwen3-8B,1.0,1.0,0.0,0.49,3
humaneval:test:46:c24a3a361ecb,Qwen3-8B,1.0,1.0,0.0,0.63,3
humaneval:test:144:10421b39446c,Qwen3-8B,1.0,1.0,0.0,0.55,3
humaneval:test:79:4f99c7f2f6dd,Qwen3-8B,1.0,1.0,0.0,0.6,3
humaneval:test:58:3ea71b7c92a4,Qwen3-8B,1.0,1.0,0.0,0.49,3
humaneval:test:113:aefa6249ac8b,Qwen3-8B,1.0,1.0,0.0,0.46,3
humaneval:test:100:e0ce9f121f45,Qwen3-8B,0.0,1.0,1.0,0.55,3
humaneval:test:120:8abb0dae6f55,Qwen3-8B,0.0,1.0,1.0,0.56,3
humaneval:test:26:d72fc7ced004,Qwen3-8B,1.0,1.0,0.0,0.66,3
humaneval:test:12:57fb5182d6d2,Qwen3-8B,0.0,1.0,1.0,0.53,3
humaneval:test:115:eacc4d83508b,Qwen3-8B,0.0,1.0,1.0,0.59,3
humaneval:test:71:63ae77467653,Qwen3-8B,0.0,1.0,1.0,0.54,3
humaneval:test:81:3d62b5c3c4c7,Qwen3-8B,1.0,1.0,0.0,0.53,3
humaneval:test:64:3700d75d9a8f,Qwen3-8B,1.0,1.0,0.0,0.6,3
humaneval:test:11:76789f77c990,Qwen3-8B,0.0,1.0,1.0,0.48,3
humaneval:test:146:5b0c1004352d,Qwen3-8B,0.0,0.0,0.0,0.5,3
humaneval:test:159:0f5dd65e60a1,Qwen3-8B,0.0,1.0,1.0,0.52,3
humaneval:test:2:211a818ab396,Qwen3-8B,0.0,1.0,1.0,0.39999999999999997,3
humaneval:test:104:594cf8dcfb4a,Qwen3-8B,1.0,1.0,0.0,0.7100000000000001,3
humaneval:test:53:dd5b6a516f83,Qwen3-8B,1.0,1.0,0.0,0.59,3
humaneval:test:117:5660bc0f58cd,Qwen3-8B,0.0,1.0,1.0,0.67,3
humaneval:test:39:541bc08fc9ae,Qwen3-8B,0.0,0.0,0.0,0.53,3
humaneval:test:135:d947f1255b2d,Qwen3-8B,1.0,1.0,0.0,0.45999999999999996,3
humaneval:test:108:2fe376e29008,Qwen3-8B,1.0,1.0,0.0,0.57,3
humaneval:test:4:6f94f4a81832,Qwen3-8B,1.0,1.0,0.0,0.62,3
kandk:test:174:7546399e045a,Qwen3-8B,1.0,1.0,0.0,0.28,3
kandk:test:179:7a6efa48587e,Qwen3-8B,1.0,1.0,0.0,0.22999999999999998,3
kandk:test:488:34efc8e904f6,Qwen3-8B,1.0,1.0,0.0,0.32,3
kandk:test:297:94411b5b5783,Qwen3-8B,0.0,1.0,1.0,0.34,3
kandk:test:311:769da732b833,Qwen3-8B,1.0,1.0,0.0,0.27,3
kandk:test:561:583c621826b6,Qwen3-8B,1.0,1.0,0.0,0.34,3
kandk:test:537:52594531e021,Qwen3-8B,0.0,1.0,1.0,0.27999999999999997,3
kandk:test:552:dc72faa190c3,Qwen3-8B,1.0,1.0,0.0,0.32,3
kandk:test:243:f2a07eaeff79,Qwen3-8B,1.0,1.0,0.0,0.32,3
kandk:test:325:14a5fe27c284,Qwen3-8B,1.0,1.0,0.0,0.30000000000000004,3
kandk:test:128:29732ecfc055,Qwen3-8B,1.0,1.0,0.0,0.34,3
kandk:test:573:639c916ea019,Qwen3-8B,1.0,1.0,0.0,0.28,3
kandk:test:13:37f9663d4b99,Qwen3-8B,1.0,1.0,0.0,0.28,3
kandk:test:439:1b35a1916be0,Qwen3-8B,0.0,1.0,1.0,0.19999999999999998,3
kandk:test:524:8bf46029b039,Qwen3-8B,1.0,1.0,0.0,0.3,3
kandk:test:522:511c4161cfd8,Qwen3-8B,1.0,1.0,0.0,0.31,3
kandk:test:495:97b0868bbab5,Qwen3-8B,1.0,1.0,0.0,0.32,3
kandk:test:79:2bdcda36538b,Qwen3-8B,1.0,1.0,0.0,0.31,3
kandk:test:164:1e06cdfc6135,Qwen3-8B,1.0,1.0,0.0,0.21000000000000002,3
kandk:test:82:33879fbf873c,Qwen3-8B,1.0,1.0,0.0,0.30000000000000004,3
kandk:test:238:3c619bcc562c,Qwen3-8B,1.0,1.0,0.0,0.31000000000000005,3
kandk:test:62:b126aac4a179,Qwen3-8B,1.0,1.0,0.0,0.26,3
kandk:test:531:53e42dbd0f31,Qwen3-8B,0.0,1.0,1.0,0.38,3
kandk:test:463:75507bc808ab,Qwen3-8B,0.0,1.0,1.0,0.32,3
kandk:test:408:afbb4c0c5aea,Qwen3-8B,1.0,1.0,0.0,0.29,3
kandk:test:275:3c0012ea136d,Qwen3-8B,0.0,1.0,1.0,0.29000000000000004,3
kandk:test:640:70c0b49667e0,Qwen3-8B,1.0,1.0,0.0,0.28,3
kandk:test:481:340e6aec04e8,Qwen3-8B,1.0,1.0,0.0,0.31,3
kandk:test:85:dd4363776c9a,Qwen3-8B,1.0,1.0,0.0,0.33,3
kandk:test:283:476ad5d2ac87,Qwen3-8B,0.0,1.0,1.0,0.28,3
kandk:test:197:48a92d4ef5ee,Qwen3-8B,1.0,1.0,0.0,0.2,3
kandk:test:255:be845684f710,Qwen3-8B,1.0,1.0,0.0,0.24,3
kandk:test:376:f6e7fbf6528c,Qwen3-8B,1.0,1.0,0.0,0.24999999999999997,3
kandk:test:486:089e944105ef,Qwen3-8B,1.0,1.0,0.0,0.32,3
kandk:test:57:16b1df44b0f6,Qwen3-8B,1.0,1.0,0.0,0.28,3
kandk:test:183:d6ee6a33d673,Qwen3-8B,1.0,1.0,0.0,0.33,3
kandk:test:115:a703c7cea322,Qwen3-8B,1.0,1.0,0.0,0.27999999999999997,3
kandk:test:421:f20f9eb35e8a,Qwen3-8B,1.0,1.0,0.0,0.24999999999999997,3
kandk:test:359:3b37c708114f,Qwen3-8B,1.0,1.0,0.0,0.26,3
kandk:test:237:3c72721c2a03,Qwen3-8B,1.0,1.0,0.0,0.31,3
kandk:test:121:5c119bd60ff1,Qwen3-8B,1.0,1.0,0.0,0.35000000000000003,3
kandk:test:298:a05dd31cea3a,Qwen3-8B,0.0,1.0,1.0,0.22999999999999998,3
kandk:test:582:b2af8d91dd92,Qwen3-8B,1.0,1.0,0.0,0.29,3
kandk:test:52:25591545339b,Qwen3-8B,0.0,1.0,1.0,0.29000000000000004,3
kandk:test:190:701d1321311a,Qwen3-8B,1.0,1.0,0.0,0.31,3
kandk:test:77:fbde13397ffd,Qwen3-8B,0.0,1.0,1.0,0.26,3
kandk:test:137:c0ff7104522d,Qwen3-8B,1.0,1.0,0.0,0.31,3
kandk:test:647:76eff5fdd241,Qwen3-8B,1.0,1.0,0.0,0.27,3
kandk:test:229:231d6b265ed4,Qwen3-8B,1.0,1.0,0.0,0.3,3
kandk:test:143:2a1df7411769,Qwen3-8B,1.0,1.0,0.0,0.15999999999999998,3
kandk:test:631:298e1f2aade3,Qwen3-8B,1.0,1.0,0.0,0.3,3
kandk:test:156:62b23b86a025,Qwen3-8B,1.0,1.0,0.0,0.33,3
kandk:test:464:18ebd7b09725,Qwen3-8B,1.0,1.0,0.0,0.29000000000000004,3
kandk:test:184:8adb552af72f,Qwen3-8B,1.0,1.0,0.0,0.32,3
kandk:test:446:b908b112297e,Qwen3-8B,0.0,1.0,1.0,0.31,3
kandk:test:571:94d15cd95737,Qwen3-8B,1.0,1.0,0.0,0.23999999999999996,3
kandk:test:129:6a57572ab0ce,Qwen3-8B,1.0,1.0,0.0,0.35,3
kandk:test:575:cfc86e7b00a1,Qwen3-8B,1.0,1.0,0.0,0.30000000000000004,3
kandk:test:416:ca9cc21f4dfd,Qwen3-8B,1.0,1.0,0.0,0.25,3
kandk:test:347:cbcba1befa6d,Qwen3-8B,1.0,1.0,0.0,0.36000000000000004,3
kandk:test:274:136e26b41523,Qwen3-8B,1.0,1.0,0.0,0.22,3
kandk:test:301:fd1958d56df0,Qwen3-8B,1.0,1.0,0.0,0.32,3
kandk:test:177:e1e840b5640b,Qwen3-8B,1.0,1.0,0.0,0.21,3
kandk:test:599:bfac912cf24b,Qwen3-8B,1.0,1.0,0.0,0.25,3
kandk:test:59:036e497f4cba,Qwen3-8B,0.0,1.0,1.0,0.25,3
kandk:test:186:50f55b4c4432,Qwen3-8B,1.0,1.0,0.0,0.32,3
kandk:test:595:55fa718b925e,Qwen3-8B,1.0,1.0,0.0,0.23,3
kandk:test:384:f68ab97953c9,Qwen3-8B,1.0,1.0,0.0,0.3,3
kandk:test:108:5ab80f6e0119,Qwen3-8B,1.0,1.0,0.0,0.31,3
kandk:test:70:e86bd638671e,Qwen3-8B,0.0,1.0,1.0,0.27,3
kandk:test:379:5d8eb08e2567,Qwen3-8B,1.0,1.0,0.0,0.31000000000000005,3
kandk:test:423:be625c4b2ed7,Qwen3-8B,1.0,1.0,0.0,0.21999999999999997,3
kandk:test:116:dfed9b07585d,Qwen3-8B,1.0,1.0,0.0,0.39,3
kandk:test:117:c9b9ef0d1b44,Qwen3-8B,1.0,1.0,0.0,0.3,3
kandk:test:489:698d52bd0c16,Qwen3-8B,1.0,1.0,0.0,0.30000000000000004,3
kandk:test:215:0f2a6f79ddfb,Qwen3-8B,1.0,1.0,0.0,0.22,3
kandk:test:585:1f463c386634,Qwen3-8B,1.0,1.0,0.0,0.28,3
kandk:test:527:493c428da18f,Qwen3-8B,1.0,1.0,0.0,0.23,3
kandk:test:24:49c113899509,Qwen3-8B,1.0,1.0,0.0,0.24000000000000002,3
kandk:test:637:1902cbd30fbc,Qwen3-8B,0.0,1.0,1.0,0.28,3
kandk:test:27:984c4336937f,Qwen3-8B,0.0,1.0,1.0,0.23,3
kandk:test:691:4314207b23ce,Qwen3-8B,1.0,1.0,0.0,0.27999999999999997,3
kandk:test:169:080667071b7b,Qwen3-8B,1.0,1.0,0.0,0.22999999999999998,3
kandk:test:230:bb76dc28d89f,Qwen3-8B,1.0,1.0,0.0,0.25,3
kandk:test:50:527f45a96f56,Qwen3-8B,1.0,1.0,0.0,0.34,3
kandk:test:391:245c75e6a356,Qwen3-8B,1.0,1.0,0.0,0.32,3
kandk:test:433:5aa5a357d445,Qwen3-8B,1.0,1.0,0.0,0.26,3
kandk:test:46:62565861516f,Qwen3-8B,0.0,1.0,1.0,0.26,3
kandk:test:642:99bb543e0aff,Qwen3-8B,1.0,1.0,0.0,0.37,3
kandk:test:499:bf052f241987,Qwen3-8B,1.0,1.0,0.0,0.31,3
kandk:test:155:da22bab2d006,Qwen3-8B,1.0,1.0,0.0,0.34,3
kandk:test:163:b478b026e185,Qwen3-8B,1.0,1.0,0.0,0.31,3
kandk:test:355:e3f19afe5406,Qwen3-8B,1.0,1.0,0.0,0.36000000000000004,3
kandk:test:546:979cf4fdddf1,Qwen3-8B,1.0,1.0,0.0,0.37,3
kandk:test:414:1edd5a86f293,Qwen3-8B,1.0,1.0,0.0,0.3,3
kandk:test:619:22ed3f5d3c44,Qwen3-8B,0.0,1.0,1.0,0.34,3
kandk:test:72:17986144a044,Qwen3-8B,1.0,1.0,0.0,0.24999999999999997,3
kandk:test:507:f4f637cc87c7,Qwen3-8B,1.0,1.0,0.0,0.27999999999999997,3
kandk:test:282:bf70232964a3,Qwen3-8B,0.0,1.0,1.0,0.30000000000000004,3
kandk:test:69:15e7f8458826,Qwen3-8B,0.0,1.0,1.0,0.28,3
kandk:test:427:7c9578529fd2,Qwen3-8B,1.0,1.0,0.0,0.36000000000000004,3
kandk:test:372:adfe5a19611f,Qwen3-8B,1.0,1.0,0.0,0.29000000000000004,3
kandk:test:100:e4fce5789a02,Qwen3-8B,1.0,1.0,0.0,0.27999999999999997,3
kandk:test:158:fba0a63911c9,Qwen3-8B,1.0,1.0,0.0,0.30000000000000004,3
kandk:test:617:e1ba20a2cc0a,Qwen3-8B,1.0,1.0,0.0,0.26,3
kandk:test:259:d2d6b8edf51c,Qwen3-8B,0.0,1.0,1.0,0.34,3
kandk:test:265:ab0e18f2d159,Qwen3-8B,1.0,1.0,0.0,0.28,3
kandk:test:412:1b30615d80e2,Qwen3-8B,1.0,1.0,0.0,0.19999999999999998,3
kandk:test:514:48bca8bfb107,Qwen3-8B,1.0,1.0,0.0,0.36000000000000004,3
kandk:test:16:6037b2336cde,Qwen3-8B,0.0,1.0,1.0,0.3,3
kandk:test:222:f39bc74e2a51,Qwen3-8B,0.0,0.0,0.0,0.3,3
kandk:test:366:a17b850a9fca,Qwen3-8B,0.0,1.0,1.0,0.28,3
kandk:test:53:d903082d85c2,Qwen3-8B,1.0,1.0,0.0,0.16999999999999998,3
kandk:test:252:badf10849cb9,Qwen3-8B,1.0,1.0,0.0,0.3,3
kandk:test:41:9835b930da0e,Qwen3-8B,0.0,1.0,1.0,0.25,3
kandk:test:591:c4d9f8e0f6da,Qwen3-8B,1.0,1.0,0.0,0.31,3
kandk:test:551:4e5d3cf6a1ed,Qwen3-8B,0.0,1.0,1.0,0.28,3
kandk:test:277:88136aa43861,Qwen3-8B,1.0,1.0,0.0,0.34,3
kandk:test:245:e10ac0ce200f,Qwen3-8B,1.0,1.0,0.0,0.37,3
kandk:test:526:8e23850a5451,Qwen3-8B,1.0,1.0,0.0,0.31000000000000005,3
kandk:test:698:b5ceb86060a1,Qwen3-8B,1.0,1.0,0.0,0.27999999999999997,3
kandk:test:651:b0ccf94df5e4,Qwen3-8B,1.0,1.0,0.0,0.3,3
kandk:test:592:d4c98471cb46,Qwen3-8B,1.0,1.0,0.0,0.29,3
kandk:test:494:d73d0c841252,Qwen3-8B,1.0,1.0,0.0,0.31,3
kandk:test:525:a3414f8297ce,Qwen3-8B,1.0,1.0,0.0,0.34,3
kandk:test:564:e874a968266e,Qwen3-8B,1.0,1.0,0.0,0.23,3
kandk:test:42:095c1b0fef2d,Qwen3-8B,1.0,1.0,0.0,0.36,3
kandk:test:292:5087db61d202,Qwen3-8B,0.0,1.0,1.0,0.32,3
kandk:test:661:49d5d3234b47,Qwen3-8B,1.0,1.0,0.0,0.34,3
kandk:test:380:2731df5bc696,Qwen3-8B,0.0,1.0,1.0,0.33,3
kandk:test:109:f7f8b80966d3,Qwen3-8B,0.0,1.0,1.0,0.15999999999999998,3
kandk:test:15:01a41fca99de,Qwen3-8B,1.0,1.0,0.0,0.32,3
kandk:test:656:7e9ac9cfe155,Qwen3-8B,1.0,1.0,0.0,0.27,3
kandk:test:98:c70743875e68,Qwen3-8B,0.0,1.0,1.0,0.19,3
kandk:test:152:35f652356ed9,Qwen3-8B,1.0,1.0,0.0,0.31,3
kandk:test:482:b686ad658ae3,Qwen3-8B,1.0,1.0,0.0,0.27,3
kandk:test:453:12a3a1c2115a,Qwen3-8B,1.0,1.0,0.0,0.29,3
kandk:test:214:4b337d446c31,Qwen3-8B,0.0,1.0,1.0,0.34,3
kandk:test:578:2c8f25b9a47e,Qwen3-8B,1.0,1.0,0.0,0.29,3
kandk:test:33:81da6538810f,Qwen3-8B,0.0,1.0,1.0,0.24000000000000002,3
korbench:test:594:49a347920fe8,Qwen3-8B,0.0,1.0,1.0,0.59,3
korbench:test:95:6afb6c973852,Qwen3-8B,1.0,1.0,0.0,0.37,3
korbench:test:832:807c5afa800a,Qwen3-8B,1.0,1.0,0.0,0.15,3
korbench:test:662:712e7ba423bf,Qwen3-8B,0.0,1.0,1.0,0.38,3
korbench:test:182:68c0c36a0072,Qwen3-8B,1.0,1.0,0.0,0.22,3
korbench:test:202:5f9ef95efd77,Qwen3-8B,1.0,1.0,0.0,0.4,3
korbench:test:649:e4217abc24d4,Qwen3-8B,0.0,0.0,0.0,0.5800000000000001,3
korbench:test:353:bbe92f8988eb,Qwen3-8B,1.0,1.0,0.0,0.68,3
korbench:test:655:1198bb971d6a,Qwen3-8B,0.0,1.0,1.0,0.54,3
korbench:test:933:f78ce518a0ed,Qwen3-8B,0.0,0.0,0.0,0.31999999999999995,3
korbench:test:419:9ececbe9ddce,Qwen3-8B,0.0,1.0,1.0,0.62,3
korbench:test:1105:f4ef796bbb67,Qwen3-8B,1.0,1.0,0.0,0.06999999999999998,3
korbench:test:200:a9817e361e85,Qwen3-8B,1.0,1.0,0.0,0.32,3
korbench:test:283:aa267e7568e5,Qwen3-8B,1.0,1.0,0.0,0.65,3
korbench:test:1022:88b7120547cd,Qwen3-8B,0.0,0.0,0.0,0.12,3
korbench:test:536:46bce180d874,Qwen3-8B,1.0,1.0,0.0,0.17,3
korbench:test:5:e2395cbbd59c,Qwen3-8B,1.0,1.0,0.0,0.39,3
korbench:test:72:2bcc2f2202ec,Qwen3-8B,0.0,1.0,1.0,0.35,3
korbench:test:115:0a554aa6cb37,Qwen3-8B,0.0,0.0,0.0,0.36,3
korbench:test:947:2fbf5a45e32b,Qwen3-8B,1.0,1.0,0.0,0.32000000000000006,3
korbench:test:713:bc0896e3c0e4,Qwen3-8B,0.0,0.0,0.0,0.47,3
korbench:test:618:e1dcb78d18fc,Qwen3-8B,0.0,0.0,0.0,0.54,3
korbench:test:85:7eb9024c2a02,Qwen3-8B,0.0,1.0,1.0,0.47,3
korbench:test:603:8fd8cc242a0e,Qwen3-8B,0.0,1.0,1.0,0.5700000000000001,3
korbench:test:707:29316e61d98a,Qwen3-8B,0.0,0.0,0.0,0.48,3
korbench:test:1078:b27284aadceb,Qwen3-8B,0.0,1.0,1.0,0.10999999999999999,3
korbench:test:463:c9bbd3ede37d,Qwen3-8B,0.0,0.0,0.0,0.76,3
korbench:test:24:8e15274f655f,Qwen3-8B,1.0,1.0,0.0,0.52,3
korbench:test:1227:c5f23e81490c,Qwen3-8B,1.0,1.0,0.0,0.04000000000000001,3
korbench:test:572:8447bb7e4f32,Qwen3-8B,0.0,0.0,0.0,0.29000000000000004,3
korbench:test:1107:ccab39acc279,Qwen3-8B,0.0,1.0,1.0,0.010000000000000009,3
korbench:test:523:b3a4dcdd0d7e,Qwen3-8B,0.0,0.0,0.0,0.35000000000000003,3
korbench:test:533:6c9c6981e624,Qwen3-8B,1.0,1.0,0.0,0.28,3
korbench:test:1135:f8842c832dcc,Qwen3-8B,1.0,1.0,0.0,0.27,3
korbench:test:73:158145024295,Qwen3-8B,0.0,1.0,1.0,0.35000000000000003,3
korbench:test:424:f2ef131a763e,Qwen3-8B,1.0,1.0,0.0,0.5900000000000001,3
korbench:test:474:b945fffaa4aa,Qwen3-8B,0.0,1.0,1.0,0.72,3
korbench:test:632:3decb0578120,Qwen3-8B,0.0,0.0,0.0,0.51,3
korbench:test:644:83f1e1c7f937,Qwen3-8B,0.0,0.0,0.0,0.5700000000000001,3
korbench:test:1136:42ab5aa175e8,Qwen3-8B,1.0,1.0,0.0,0.23,3
korbench:test:76:5371f6b4ef22,Qwen3-8B,0.0,1.0,1.0,0.28,3
korbench:test:1127:d57483137551,Qwen3-8B,1.0,1.0,0.0,0.21000000000000002,3
korbench:test:511:a333919fce30,Qwen3-8B,1.0,1.0,0.0,0.16,3
korbench:test:119:b812142a9dc0,Qwen3-8B,0.0,0.0,0.0,0.38,3
korbench:test:364:01e346a7af7b,Qwen3-8B,0.0,1.0,1.0,0.7100000000000001,3
korbench:test:1249:245835eecaa8,Qwen3-8B,1.0,1.0,0.0,0.010000000000000009,3
korbench:test:90:0b4adc708938,Qwen3-8B,0.0,0.0,0.0,0.45000000000000007,3
korbench:test:1193:245e8230a958,Qwen3-8B,1.0,1.0,0.0,0.04000000000000001,3
korbench:test:75:16544a2e236d,Qwen3-8B,0.0,1.0,1.0,0.32,3
korbench:test:152:9570d67ed5dc,Qwen3-8B,0.0,1.0,1.0,0.3,3
korbench:test:543:882c9aa5641e,Qwen3-8B,0.0,0.0,0.0,0.6000000000000001,3
korbench:test:218:392edf6f35e1,Qwen3-8B,1.0,1.0,0.0,0.49000000000000005,3
korbench:test:977:7126136a6f87,Qwen3-8B,1.0,1.0,0.0,0.19,3
korbench:test:909:d37c7eb1b19b,Qwen3-8B,1.0,1.0,0.0,0.25,3
korbench:test:623:ac44efaced3c,Qwen3-8B,0.0,0.0,0.0,0.48,3
korbench:test:404:18c981d37102,Qwen3-8B,0.0,0.0,0.0,0.82,3
korbench:test:592:ddeb6033dc5a,Qwen3-8B,1.0,1.0,0.0,0.61,3
korbench:test:1194:789fcc8b44ee,Qwen3-8B,1.0,1.0,0.0,0.06,3
korbench:test:685:b57b4f5333e5,Qwen3-8B,0.0,0.0,0.0,0.37,3
korbench:test:535:52d01ff3f39c,Qwen3-8B,0.0,1.0,1.0,0.22999999999999998,3
korbench:test:224:d75bf32e6c78,Qwen3-8B,1.0,1.0,0.0,0.45000000000000007,3
korbench:test:41:a41db587bda6,Qwen3-8B,0.0,1.0,1.0,0.31,3
korbench:test:357:482513b1a178,Qwen3-8B,1.0,1.0,0.0,0.67,3
korbench:test:709:a33f9510a2fa,Qwen3-8B,0.0,1.0,1.0,0.44000000000000006,3
korbench:test:884:032b0807e8b7,Qwen3-8B,1.0,1.0,0.0,0.12999999999999998,3
korbench:test:674:cbc27805a055,Qwen3-8B,0.0,0.0,0.0,0.52,3
korbench:test:653:0c1b7fb9ab5a,Qwen3-8B,0.0,0.0,0.0,0.53,3
korbench:test:1173:71fc4b16c013,Qwen3-8B,1.0,1.0,0.0,0.060000000000000026,3
korbench:test:874:66f31b76c9b5,Qwen3-8B,1.0,1.0,0.0,0.19000000000000003,3
korbench:test:1211:7aea1e407328,Qwen3-8B,1.0,1.0,0.0,0.07999999999999999,3
korbench:test:515:695838fcb974,Qwen3-8B,0.0,1.0,1.0,0.13999999999999999,3
korbench:test:513:067c4d119465,Qwen3-8B,1.0,1.0,0.0,0.15,3
korbench:test:1061:29aaab590d3a,Qwen3-8B,1.0,1.0,0.0,0.45999999999999996,3
korbench:test:989:c41d05ddb483,Qwen3-8B,0.0,1.0,1.0,0.30000000000000004,3
korbench:test:779:0e7cca317132,Qwen3-8B,1.0,1.0,0.0,0.16000000000000003,3
korbench:test:821:61bc013b4f17,Qwen3-8B,1.0,1.0,0.0,0.13,3
korbench:test:1187:c0772e64a95c,Qwen3-8B,0.0,0.0,0.0,0.11999999999999997,3
korbench:test:961:7b0cd759e129,Qwen3-8B,1.0,1.0,0.0,0.15000000000000002,3
korbench:test:145:86f626725471,Qwen3-8B,0.0,1.0,1.0,0.32,3
korbench:test:1147:a8a473412e72,Qwen3-8B,0.0,1.0,1.0,0.1,3
korbench:test:1175:b4842a5179e2,Qwen3-8B,1.0,1.0,0.0,0.09999999999999998,3
korbench:test:962:e5d1536f157a,Qwen3-8B,1.0,1.0,0.0,0.18999999999999997,3
korbench:test:325:acc3640cae8d,Qwen3-8B,1.0,1.0,0.0,0.74,3
korbench:test:253:b6ad5f71d561,Qwen3-8B,0.0,1.0,1.0,0.6699999999999999,3
korbench:test:296:66910554c216,Qwen3-8B,1.0,1.0,0.0,0.65,3
korbench:test:259:0ab241e1d859,Qwen3-8B,1.0,1.0,0.0,0.55,3
korbench:test:210:f53e21bfbbb5,Qwen3-8B,0.0,0.0,0.0,0.49,3
korbench:test:159:54cd3eb417b0,Qwen3-8B,0.0,0.0,0.0,0.4,3
korbench:test:628:5835867cd482,Qwen3-8B,0.0,0.0,0.0,0.49,3
korbench:test:161:3ed68850a537,Qwen3-8B,0.0,1.0,1.0,0.43000000000000005,3
korbench:test:1051:9ff8c021b80b,Qwen3-8B,0.0,0.0,0.0,0.12000000000000002,3
korbench:test:610:59444dab180a,Qwen3-8B,0.0,0.0,0.0,0.65,3
korbench:test:207:81789314509e,Qwen3-8B,0.0,1.0,1.0,0.36,3
korbench:test:1241:91991f6444e7,Qwen3-8B,1.0,1.0,0.0,0.09,3
korbench:test:147:ed4216ad95ff,Qwen3-8B,0.0,1.0,1.0,0.35,3
korbench:test:763:708c303dda58,Qwen3-8B,1.0,1.0,0.0,0.21,3
korbench:test:396:06fdda06b386,Qwen3-8B,0.0,0.0,0.0,0.7000000000000001,3
korbench:test:132:5e017397dfe5,Qwen3-8B,1.0,1.0,0.0,0.45000000000000007,3
korbench:test:1066:0704863ab24e,Qwen3-8B,0.0,1.0,1.0,0.31999999999999995,3
korbench:test:919:9650e30fc401,Qwen3-8B,1.0,1.0,0.0,0.16,3
korbench:test:940:7be660f56a00,Qwen3-8B,1.0,1.0,0.0,0.15999999999999998,3
korbench:test:823:eec0eeab3571,Qwen3-8B,1.0,1.0,0.0,0.39,3
korbench:test:1084:38cfb80cb1fb,Qwen3-8B,0.0,1.0,1.0,0.11999999999999997,3
korbench:test:360:d431eb2d07a5,Qwen3-8B,1.0,1.0,0.0,0.68,3
korbench:test:687:8afe068b4c3f,Qwen3-8B,0.0,0.0,0.0,0.39,3
korbench:test:930:0d6c2a552c1b,Qwen3-8B,1.0,1.0,0.0,0.25,3
korbench:test:913:31430f3c1efa,Qwen3-8B,1.0,1.0,0.0,0.23,3
korbench:test:901:f210e1327c37,Qwen3-8B,1.0,1.0,0.0,0.21,3
korbench:test:448:a32c0e77d952,Qwen3-8B,0.0,1.0,1.0,0.56,3
korbench:test:992:32c50c5e2030,Qwen3-8B,1.0,1.0,0.0,0.18,3
korbench:test:105:0ffa64f75bec,Qwen3-8B,0.0,1.0,1.0,0.35,3
korbench:test:243:90b42ca8805d,Qwen3-8B,1.0,1.0,0.0,0.32999999999999996,3
korbench:test:351:0160956a3283,Qwen3-8B,1.0,1.0,0.0,0.5700000000000001,3
korbench:test:301:1cffd9a97fe5,Qwen3-8B,1.0,1.0,0.0,0.7,3
korbench:test:729:721ccd68cdea,Qwen3-8B,0.0,0.0,0.0,0.37,3
korbench:test:383:70807218641f,Qwen3-8B,1.0,1.0,0.0,0.6900000000000001,3
korbench:test:1185:18db1e3873fb,Qwen3-8B,1.0,1.0,0.0,0.41000000000000003,3
korbench:test:414:d8695dfc5cf6,Qwen3-8B,0.0,0.0,0.0,0.73,3
korbench:test:458:d57562224530,Qwen3-8B,0.0,1.0,1.0,0.75,3
korbench:test:643:a21be5f15e8b,Qwen3-8B,0.0,0.0,0.0,0.55,3
korbench:test:263:61379b592bd5,Qwen3-8B,0.0,1.0,1.0,0.7000000000000001,3
korbench:test:160:d8581e87f798,Qwen3-8B,0.0,0.0,0.0,0.4,3
korbench:test:144:bd5727e9ac3a,Qwen3-8B,1.0,1.0,0.0,0.36,3
korbench:test:35:937cb7cc42c1,Qwen3-8B,1.0,1.0,0.0,0.31,3
korbench:test:699:797194b54c3c,Qwen3-8B,0.0,0.0,0.0,0.52,3
korbench:test:13:d658d297ea20,Qwen3-8B,1.0,1.0,0.0,0.37,3
korbench:test:1012:eca1608b2294,Qwen3-8B,1.0,1.0,0.0,0.21,3
korbench:test:181:c7a762bc5542,Qwen3-8B,0.0,1.0,1.0,0.37,3
korbench:test:439:15389ebd031c,Qwen3-8B,1.0,1.0,0.0,0.56,3
korbench:test:1121:f0f371f68a0b,Qwen3-8B,0.0,1.0,1.0,0.040000000000000036,3
korbench:test:742:441dcd8b6498,Qwen3-8B,0.0,1.0,1.0,0.51,3
korbench:test:624:1606bcd122c9,Qwen3-8B,0.0,0.0,0.0,0.51,3
korbench:test:994:01195f263450,Qwen3-8B,1.0,1.0,0.0,0.19999999999999998,3
korbench:test:1002:1518eed3f654,Qwen3-8B,0.0,0.0,0.0,0.17,3
korbench:test:362:644ab929086d,Qwen3-8B,0.0,1.0,1.0,0.71,3
korbench:test:106:5e488b427dc8,Qwen3-8B,0.0,1.0,1.0,0.35,3
korbench:test:764:d5970e4d0104,Qwen3-8B,1.0,1.0,0.0,0.09,3
korbench:test:256:0128d4366e8d,Qwen3-8B,0.0,0.0,0.0,0.63,3
korbench:test:209:d4d885d93a24,Qwen3-8B,0.0,1.0,1.0,0.37,3
korbench:test:341:38537844fd0f,Qwen3-8B,1.0,1.0,0.0,0.62,3
korbench:test:1248:34b280971aea,Qwen3-8B,1.0,1.0,0.0,0.13000000000000003,3
korbench:test:107:1e51af1a71b1,Qwen3-8B,0.0,1.0,1.0,0.35,3
korbench:test:390:d45a3cc62c9c,Qwen3-8B,1.0,1.0,0.0,0.65,3
korbench:test:74:b9ae26cbb64e,Qwen3-8B,1.0,1.0,0.0,0.27999999999999997,3
korbench:test:437:36549020eb51,Qwen3-8B,1.0,1.0,0.0,0.67,3
korbench:test:114:3bdbacfb62d5,Qwen3-8B,0.0,0.0,0.0,0.44,3
korbench:test:1080:164a94884268,Qwen3-8B,0.0,1.0,1.0,0.13999999999999999,3
korbench:test:564:f54cbda17c70,Qwen3-8B,0.0,0.0,0.0,0.26,3
korbench:test:960:b20fa5a9141f,Qwen3-8B,1.0,1.0,0.0,0.24999999999999997,3
korbench:test:264:27af13f2c512,Qwen3-8B,0.0,1.0,1.0,0.69,3
korbench:test:881:a8195e6ff5cd,Qwen3-8B,1.0,1.0,0.0,0.14,3
korbench:test:94:52ab6e25c478,Qwen3-8B,1.0,1.0,0.0,0.3,3
korbench:test:272:a04200d29585,Qwen3-8B,1.0,1.0,0.0,0.66,3
korbench:test:111:17916b1fdbb9,Qwen3-8B,0.0,0.0,0.0,0.38,3
korbench:test:587:b44adbe86c66,Qwen3-8B,1.0,1.0,0.0,0.73,3
korbench:test:110:486244015c8a,Qwen3-8B,1.0,1.0,0.0,0.35,3
korbench:test:621:7a1f2204a96b,Qwen3-8B,0.0,0.0,0.0,0.5800000000000001,3
korbench:test:864:c8f0c3128e6f,Qwen3-8B,1.0,1.0,0.0,0.23,3
korbench:test:726:e5a699d68673,Qwen3-8B,0.0,0.0,0.0,0.45000000000000007,3
korbench:test:811:cb3170e1d7db,Qwen3-8B,1.0,1.0,0.0,0.33999999999999997,3
korbench:test:514:d2dfa330f298,Qwen3-8B,0.0,1.0,1.0,0.10999999999999999,3
korbench:test:772:a42fd34b64da,Qwen3-8B,1.0,1.0,0.0,0.29,3
korbench:test:54:396f787ef593,Qwen3-8B,1.0,1.0,0.0,0.29,3
korbench:test:825:b3350936ea43,Qwen3-8B,1.0,1.0,0.0,0.19999999999999998,3
korbench:test:60:58a1846a974e,Qwen3-8B,0.0,0.0,0.0,0.35,3
korbench:test:307:2f49452d9791,Qwen3-8B,0.0,1.0,1.0,0.5700000000000001,3
korbench:test:1057:84fa98ddfeaa,Qwen3-8B,1.0,1.0,0.0,0.16,3
korbench:test:1153:75ce4dfcfd4e,Qwen3-8B,1.0,1.0,0.0,0.30000000000000004,3
korbench:test:333:aa2443cffb4b,Qwen3-8B,0.0,1.0,1.0,0.7,3
korbench:test:1111:5fb80dbfd5fa,Qwen3-8B,0.0,1.0,1.0,0.04999999999999999,3
korbench:test:722:5aa07a667eca,Qwen3-8B,0.0,0.0,0.0,0.44000000000000006,3
korbench:test:481:9a1c074cb3e0,Qwen3-8B,0.0,1.0,1.0,0.69,3
korbench:test:416:4812bbee7dd4,Qwen3-8B,0.0,0.0,0.0,0.7100000000000001,3
korbench:test:792:43450de76268,Qwen3-8B,1.0,1.0,0.0,0.29000000000000004,3
korbench:test:810:45d0a3848c78,Qwen3-8B,1.0,1.0,0.0,0.32999999999999996,3
korbench:test:765:0d878b3dae64,Qwen3-8B,1.0,1.0,0.0,0.1,3
korbench:test:1083:60a7bc662639,Qwen3-8B,0.0,1.0,1.0,0.020000000000000018,3
korbench:test:327:a3d4d3e7c868,Qwen3-8B,0.0,0.0,0.0,0.76,3
korbench:test:882:9bdb147d9279,Qwen3-8B,1.0,1.0,0.0,0.27999999999999997,3
korbench:test:889:817c73a7b83d,Qwen3-8B,1.0,1.0,0.0,0.16000000000000003,3
korbench:test:767:0b22513815c5,Qwen3-8B,1.0,1.0,0.0,0.11000000000000001,3
korbench:test:221:dce5d1307c38,Qwen3-8B,0.0,1.0,1.0,0.37,3
korbench:test:1180:b2f7a71f344b,Qwen3-8B,1.0,1.0,0.0,0.08000000000000002,3
korbench:test:680:6dd07ca40a2a,Qwen3-8B,0.0,0.0,0.0,0.56,3
korbench:test:157:76b5c2304918,Qwen3-8B,0.0,0.0,0.0,0.37,3
korbench:test:42:52ab6e25c478,Qwen3-8B,1.0,1.0,0.0,0.31,3
korbench:test:859:eafe38a0d1b6,Qwen3-8B,0.0,1.0,1.0,0.25,3
korbench:test:194:c66935fd389b,Qwen3-8B,0.0,1.0,1.0,0.3,3
korbench:test:802:c1bd6c315aeb,Qwen3-8B,1.0,1.0,0.0,0.22999999999999998,3
korbench:test:638:560d35ee1300,Qwen3-8B,0.0,0.0,0.0,0.52,3
korbench:test:29:e284a5619e40,Qwen3-8B,0.0,1.0,1.0,0.41000000000000003,3
korbench:test:83:210d27850882,Qwen3-8B,1.0,1.0,0.0,0.45000000000000007,3
korbench:test:206:b75745f72531,Qwen3-8B,1.0,1.0,0.0,0.37,3
korbench:test:170:7724aa0b9970,Qwen3-8B,0.0,1.0,1.0,0.37,3
korbench:test:1006:c445ebee093b,Qwen3-8B,0.0,1.0,1.0,0.19999999999999998,3
korbench:test:526:edc20f99c05f,Qwen3-8B,0.0,0.0,0.0,0.3,3
korbench:test:1079:2413825f2902,Qwen3-8B,0.0,1.0,1.0,0.19,3
korbench:test:118:be7d0a41dd5b,Qwen3-8B,0.0,0.0,0.0,0.41000000000000003,3
korbench:test:865:bf3bd2f0a214,Qwen3-8B,1.0,1.0,0.0,0.04999999999999999,3
korbench:test:167:2321da158e6c,Qwen3-8B,0.0,1.0,1.0,0.44000000000000006,3
korbench:test:818:5ed885e47161,Qwen3-8B,1.0,1.0,0.0,0.17,3
korbench:test:1120:26a29198ad59,Qwen3-8B,1.0,1.0,0.0,0.09000000000000002,3
korbench:test:1128:e999a3b1b182,Qwen3-8B,1.0,1.0,0.0,0.19,3
korbench:test:220:74f8931a8d2f,Qwen3-8B,0.0,0.0,0.0,0.4600000000000001,3
korbench:test:1058:02143ffc1546,Qwen3-8B,1.0,1.0,0.0,0.3,3
korbench:test:1150:4b527c9ab838,Qwen3-8B,1.0,1.0,0.0,0.23,3
korbench:test:22:00dbf8c640c9,Qwen3-8B,1.0,1.0,0.0,0.52,3
korbench:test:1053:06aace7229a9,Qwen3-8B,0.0,0.0,0.0,0.10999999999999999,3
korbench:test:133:5e38d7ca0ea1,Qwen3-8B,0.0,1.0,1.0,0.41000000000000003,3
korbench:test:1091:710003f5979d,Qwen3-8B,0.0,1.0,1.0,0.03999999999999998,3
korbench:test:747:7a43301e32ef,Qwen3-8B,0.0,0.0,0.0,0.48,3
korbench:test:688:a77f92fe2f82,Qwen3-8B,0.0,0.0,0.0,0.41000000000000003,3
korbench:test:664:39bb6c04f5b5,Qwen3-8B,1.0,1.0,0.0,0.45000000000000007,3
korbench:test:521:0fc066bcf79c,Qwen3-8B,0.0,0.0,0.0,0.21999999999999997,3
korbench:test:951:c32542975760,Qwen3-8B,1.0,1.0,0.0,0.24000000000000002,3
korbench:test:411:2f74f40a0c7c,Qwen3-8B,0.0,0.0,0.0,0.71,3
korbench:test:280:643261cc1317,Qwen3-8B,1.0,1.0,0.0,0.67,3
korbench:test:731:738b58ea8332,Qwen3-8B,1.0,1.0,0.0,0.3,3
korbench:test:1086:f3e551e9a9c0,Qwen3-8B,0.0,1.0,1.0,0.09,3
korbench:test:10:2647cb1a37c4,Qwen3-8B,0.0,0.0,0.0,0.36,3
korbench:test:241:7819ecdbb331,Qwen3-8B,1.0,1.0,0.0,0.32,3
korbench:test:1196:f399261c4036,Qwen3-8B,1.0,1.0,0.0,0.11999999999999997,3
korbench:test:620:7265ff54c53d,Qwen3-8B,0.0,0.0,0.0,0.6000000000000001,3
korbench:test:47:78fba89e3e9a,Qwen3-8B,1.0,1.0,0.0,0.33,3
korbench:test:1036:a2a98a9280ad,Qwen3-8B,0.0,0.0,0.0,0.15999999999999998,3
korbench:test:740:171dfe5586a9,Qwen3-8B,0.0,1.0,1.0,0.38,3
korbench:test:1004:7529094fbc80,Qwen3-8B,0.0,0.0,0.0,0.23,3
korbench:test:568:5eae8af7e6f7,Qwen3-8B,0.0,0.0,0.0,0.2,3
korbench:test:863:f3f05c84c3df,Qwen3-8B,1.0,1.0,0.0,0.26,3
korbench:test:1118:379871a13422,Qwen3-8B,1.0,1.0,0.0,0.24,3
korbench:test:249:4a747610d29e,Qwen3-8B,0.0,1.0,1.0,0.42000000000000004,3
korbench:test:622:87ec936eadd2,Qwen3-8B,0.0,0.0,0.0,0.5700000000000001,3
korbench:test:1062:c329d254c0ff,Qwen3-8B,0.0,0.0,0.0,0.33999999999999997,3
korbench:test:1085:e6f61fa01c62,Qwen3-8B,0.0,0.0,0.0,0.07000000000000003,3
korbench:test:935:2fa1ad94e174,Qwen3-8B,1.0,1.0,0.0,0.13999999999999999,3
korbench:test:201:a41db587bda6,Qwen3-8B,1.0,1.0,0.0,0.35,3
korbench:test:636:cf435071285d,Qwen3-8B,0.0,0.0,0.0,0.52,3
korbench:test:451:94b93e3845ff,Qwen3-8B,0.0,1.0,1.0,0.71,3
korbench:test:807:7cbb16dc54ad,Qwen3-8B,0.0,1.0,1.0,0.36,3
korbench:test:1052:89f3b59e7a01,Qwen3-8B,0.0,0.0,0.0,0.12000000000000002,3
korbench:test:324:50606fd0ecbc,Qwen3-8B,0.0,0.0,0.0,0.76,3
korbench:test:295:b74dcb0ea581,Qwen3-8B,0.0,1.0,1.0,0.62,3
korbench:test:585:f7bffeab18a4,Qwen3-8B,0.0,1.0,1.0,0.71,3
korbench:test:530:d8038996ba8e,Qwen3-8B,0.0,0.0,0.0,0.29,3
korbench:test:473:580621086039,Qwen3-8B,0.0,1.0,1.0,0.6799999999999999,3
korbench:test:183:e2395cbbd59c,Qwen3-8B,0.0,1.0,1.0,0.38,3
korbench:test:1108:ab7b188e3809,Qwen3-8B,1.0,1.0,0.0,0.17,3
korbench:test:888:11bab4af8e0a,Qwen3-8B,1.0,1.0,0.0,0.19,3
korbench:test:34:ea5e2c7bfe24,Qwen3-8B,1.0,1.0,0.0,0.44000000000000006,3
korbench:test:79:98917e0fefef,Qwen3-8B,1.0,1.0,0.0,0.42000000000000004,3
livecodebench:test:810:7bb5aeac8186,Qwen3-8B,0.0,0.0,0.0,0.75,3
livecodebench:test:213:ed12f0cd4639,Qwen3-8B,1.0,1.0,0.0,0.67,3
livecodebench:test:120:e8130bd2b5c9,Qwen3-8B,1.0,1.0,0.0,0.74,3
livecodebench:test:297:7daad728cffb,Qwen3-8B,1.0,1.0,0.0,0.6,3
livecodebench:test:308:739b67ec447f,Qwen3-8B,1.0,1.0,0.0,0.59,3
livecodebench:test:749:51b6cc6e64b9,Qwen3-8B,1.0,1.0,0.0,0.64,3
livecodebench:test:151:06ede221d783,Qwen3-8B,1.0,1.0,0.0,0.68,3
livecodebench:test:303:363f97f360ec,Qwen3-8B,1.0,1.0,0.0,0.68,3
livecodebench:test:742:f49cbe8c2394,Qwen3-8B,1.0,1.0,0.0,0.7000000000000001,3
livecodebench:test:210:c10db20b55bd,Qwen3-8B,1.0,1.0,0.0,0.6,3
livecodebench:test:936:cb5354c94605,Qwen3-8B,0.0,0.0,0.0,0.76,3
livecodebench:test:454:50d0ed5652ab,Qwen3-8B,1.0,1.0,0.0,0.66,3
livecodebench:test:470:f83477102588,Qwen3-8B,1.0,1.0,0.0,0.68,3
livecodebench:test:272:12789472ef44,Qwen3-8B,1.0,1.0,0.0,0.75,3
livecodebench:test:455:cf1186ba37d2,Qwen3-8B,1.0,1.0,0.0,0.66,3
livecodebench:test:270:84dc28304be5,Qwen3-8B,0.0,0.0,0.0,0.69,3
livecodebench:test:245:5784287e1b49,Qwen3-8B,1.0,1.0,0.0,0.58,3
livecodebench:test:343:3115b16917e2,Qwen3-8B,1.0,1.0,0.0,0.63,3
livecodebench:test:910:21687cce1319,Qwen3-8B,1.0,1.0,0.0,0.62,3
livecodebench:test:508:dfa33d64d405,Qwen3-8B,1.0,1.0,0.0,0.52,3
livecodebench:test:149:a166590a9246,Qwen3-8B,1.0,1.0,0.0,0.64,3
livecodebench:test:957:302e41f0def9,Qwen3-8B,1.0,1.0,0.0,0.65,3
livecodebench:test:44:65d3213448c3,Qwen3-8B,1.0,1.0,0.0,0.68,3
livecodebench:test:436:21aedc482212,Qwen3-8B,1.0,1.0,0.0,0.68,3
livecodebench:test:1024:33166e56bfd5,Qwen3-8B,0.0,0.0,0.0,0.68,3
livecodebench:test:350:498acbe34bf9,Qwen3-8B,1.0,1.0,0.0,0.71,3
livecodebench:test:818:a7938faa91f7,Qwen3-8B,0.0,0.0,0.0,0.73,3
livecodebench:test:67:75db47a5fc1b,Qwen3-8B,1.0,1.0,0.0,0.53,3
livecodebench:test:480:fdf41cc51485,Qwen3-8B,1.0,1.0,0.0,0.7200000000000001,3
livecodebench:test:302:196ecbefca5f,Qwen3-8B,1.0,1.0,0.0,0.48,3
livecodebench:test:107:c0a3f8b2f650,Qwen3-8B,1.0,1.0,0.0,0.68,3
livecodebench:test:948:227eb0d287a7,Qwen3-8B,0.0,1.0,1.0,0.51,3
livecodebench:test:837:e38905ee20e8,Qwen3-8B,1.0,1.0,0.0,0.74,3
livecodebench:test:320:355716693bcc,Qwen3-8B,1.0,1.0,0.0,0.61,3
livecodebench:test:90:12d91e73e57c,Qwen3-8B,1.0,1.0,0.0,0.7100000000000001,3
livecodebench:test:1048:e0edadf3e017,Qwen3-8B,1.0,1.0,0.0,0.75,3
livecodebench:test:223:1a4a7eaf9c4b,Qwen3-8B,1.0,1.0,0.0,0.63,3
livecodebench:test:571:53c67c307382,Qwen3-8B,1.0,1.0,0.0,0.7300000000000001,3
livecodebench:test:128:03a0d2f25e16,Qwen3-8B,0.0,1.0,1.0,0.7100000000000001,3
livecodebench:test:655:ed410f243f61,Qwen3-8B,1.0,1.0,0.0,0.6,3
livecodebench:test:826:8a9343422a48,Qwen3-8B,1.0,1.0,0.0,0.6900000000000001,3
livecodebench:test:271:b36ad4f37409,Qwen3-8B,1.0,1.0,0.0,0.68,3
livecodebench:test:410:292918d870db,Qwen3-8B,1.0,1.0,0.0,0.63,3
livecodebench:test:974:b356e0d8d849,Qwen3-8B,0.0,0.0,0.0,0.7200000000000001,3
livecodebench:test:637:d162f76185ca,Qwen3-8B,1.0,1.0,0.0,0.74,3
livecodebench:test:48:2d0d2d29222c,Qwen3-8B,1.0,1.0,0.0,0.69,3
livecodebench:test:739:73d170f53f82,Qwen3-8B,1.0,1.0,0.0,0.59,3
livecodebench:test:791:bb9a1f7663c7,Qwen3-8B,1.0,1.0,0.0,0.47,3
livecodebench:test:544:51557af20677,Qwen3-8B,1.0,1.0,0.0,0.64,3
livecodebench:test:562:b9896d07d482,Qwen3-8B,1.0,1.0,0.0,0.7000000000000001,3
livecodebench:test:721:cd3f42a4cdb4,Qwen3-8B,0.0,0.0,0.0,0.6900000000000001,3
livecodebench:test:219:ef4b1fae3c6f,Qwen3-8B,1.0,1.0,0.0,0.77,3
livecodebench:test:161:9251b1864b4a,Qwen3-8B,1.0,1.0,0.0,0.67,3
livecodebench:test:781:691f5939c7e6,Qwen3-8B,0.0,1.0,1.0,0.7000000000000001,3
livecodebench:test:916:eb25bc20c0d5,Qwen3-8B,1.0,1.0,0.0,0.63,3
livecodebench:test:825:bf4eb1ea26b4,Qwen3-8B,1.0,1.0,0.0,0.6900000000000001,3
livecodebench:test:463:7548e5cd7885,Qwen3-8B,1.0,1.0,0.0,0.64,3
livecodebench:test:246:e491028760c0,Qwen3-8B,1.0,1.0,0.0,0.63,3
livecodebench:test:821:01d0466893f0,Qwen3-8B,1.0,1.0,0.0,0.58,3
livecodebench:test:72:a42d20f681dc,Qwen3-8B,1.0,1.0,0.0,0.63,3
livecodebench:test:432:b8fca78b969b,Qwen3-8B,1.0,1.0,0.0,0.64,3
livecodebench:test:561:386a7e4de74a,Qwen3-8B,1.0,1.0,0.0,0.64,3
livecodebench:test:34:b39ec42ec076,Qwen3-8B,1.0,1.0,0.0,0.6000000000000001,3
livecodebench:test:92:e7a7756ea1cb,Qwen3-8B,1.0,1.0,0.0,0.7300000000000001,3
livecodebench:test:680:ec0d256220c8,Qwen3-8B,0.0,1.0,1.0,0.7100000000000001,3
livecodebench:test:714:08adbadb8e83,Qwen3-8B,1.0,1.0,0.0,0.66,3
livecodebench:test:288:cff0ed83553c,Qwen3-8B,1.0,1.0,0.0,0.76,3
livecodebench:test:975:d6ffa8e2ecfc,Qwen3-8B,0.0,0.0,0.0,0.65,3
livecodebench:test:86:74ea52e0da2a,Qwen3-8B,1.0,1.0,0.0,0.62,3
livecodebench:test:732:c52d5544a39b,Qwen3-8B,0.0,0.0,0.0,0.5700000000000001,3
livecodebench:test:62:9b329541eca3,Qwen3-8B,0.0,1.0,1.0,0.7200000000000001,3
livecodebench:test:776:f1e0e3763dd1,Qwen3-8B,0.0,0.0,0.0,0.66,3
livecodebench:test:241:3b6cb499c778,Qwen3-8B,1.0,1.0,0.0,0.5,3
livecodebench:test:60:933cb7b730d4,Qwen3-8B,1.0,1.0,0.0,0.67,3
livecodebench:test:371:b1260f24e10a,Qwen3-8B,1.0,1.0,0.0,0.54,3
livecodebench:test:713:de80109dc585,Qwen3-8B,0.0,0.0,0.0,0.61,3
livecodebench:test:113:a38e2c0bc3c1,Qwen3-8B,1.0,1.0,0.0,0.5599999999999999,3
livecodebench:test:386:5e50c37fc758,Qwen3-8B,1.0,1.0,0.0,0.72,3
livecodebench:test:185:2f7e5f5accf5,Qwen3-8B,0.0,1.0,1.0,0.66,3
livecodebench:test:907:18a01d042ec8,Qwen3-8B,1.0,1.0,0.0,0.5800000000000001,3
livecodebench:test:514:b972d561346a,Qwen3-8B,0.0,0.0,0.0,0.7000000000000001,3
livecodebench:test:885:48bc629c1e5b,Qwen3-8B,0.0,0.0,0.0,0.68,3
livecodebench:test:17:2cc67efb4fdc,Qwen3-8B,1.0,1.0,0.0,0.67,3
livecodebench:test:613:44c3c36944b7,Qwen3-8B,0.0,0.0,0.0,0.73,3
livecodebench:test:547:0576e4b58b66,Qwen3-8B,1.0,1.0,0.0,0.7200000000000001,3
livecodebench:test:918:c96300b82474,Qwen3-8B,0.0,1.0,1.0,0.7000000000000001,3
livecodebench:test:533:196016490660,Qwen3-8B,1.0,1.0,0.0,0.52,3
livecodebench:test:860:61b6a251b976,Qwen3-8B,1.0,1.0,0.0,0.63,3
livecodebench:test:94:6e5776ab41b8,Qwen3-8B,0.0,0.0,0.0,0.7000000000000001,3
livecodebench:test:472:9292ad9c449b,Qwen3-8B,0.0,0.0,0.0,0.6900000000000001,3
livecodebench:test:642:b208aad5163c,Qwen3-8B,1.0,1.0,0.0,0.55,3
livecodebench:test:26:7d6b8fb3e119,Qwen3-8B,1.0,1.0,0.0,0.68,3
livecodebench:test:347:655f19c47f6a,Qwen3-8B,1.0,1.0,0.0,0.58,3
livecodebench:test:982:58e29362142b,Qwen3-8B,0.0,0.0,0.0,0.74,3
livecodebench:test:493:5d0d3109c8b8,Qwen3-8B,1.0,1.0,0.0,0.5,3
livecodebench:test:140:059c86f01f8c,Qwen3-8B,0.0,0.0,0.0,0.6,3
livecodebench:test:243:eba0ae1576c2,Qwen3-8B,1.0,1.0,0.0,0.66,3
livecodebench:test:695:d6f4b4fe9579,Qwen3-8B,1.0,1.0,0.0,0.68,3
livecodebench:test:309:9d077b5c00c5,Qwen3-8B,0.0,0.0,0.0,0.64,3
livecodebench:test:69:f8d4a17e8130,Qwen3-8B,1.0,1.0,0.0,0.59,3
livecodebench:test:758:778d55c1fcc1,Qwen3-8B,1.0,1.0,0.0,0.49,3
livecodebench:test:629:946528119d12,Qwen3-8B,1.0,1.0,0.0,0.71,3
livecodebench:test:1049:67a4864783ac,Qwen3-8B,0.0,0.0,0.0,0.71,3
livecodebench:test:550:66279f68f50b,Qwen3-8B,1.0,1.0,0.0,0.66,3
livecodebench:test:734:fd027e96e9bd,Qwen3-8B,1.0,1.0,0.0,0.71,3
livecodebench:test:722:667645b91d15,Qwen3-8B,0.0,0.0,0.0,0.75,3
livecodebench:test:693:3797a5954cbf,Qwen3-8B,1.0,1.0,0.0,0.57,3
livecodebench:test:574:a6de629e9260,Qwen3-8B,1.0,1.0,0.0,0.75,3
livecodebench:test:365:f319fcfc5380,Qwen3-8B,1.0,1.0,0.0,0.65,3
livecodebench:test:423:a4779acbb7f4,Qwen3-8B,1.0,1.0,0.0,0.7,3
livecodebench:test:1026:b2f6a41ae36e,Qwen3-8B,0.0,1.0,1.0,0.64,3
livecodebench:test:426:be1501280e40,Qwen3-8B,1.0,1.0,0.0,0.54,3
livecodebench:test:65:7528648bb48f,Qwen3-8B,0.0,1.0,1.0,0.7100000000000001,3
livecodebench:test:346:9fae23efb2b5,Qwen3-8B,1.0,1.0,0.0,0.71,3
livecodebench:test:1039:dc0c613306de,Qwen3-8B,0.0,0.0,0.0,0.64,3
livecodebench:test:273:d13eade32805,Qwen3-8B,1.0,1.0,0.0,0.66,3
livecodebench:test:476:ca42a8fe7bc3,Qwen3-8B,0.0,1.0,1.0,0.65,3
livecodebench:test:701:e5c3ef3778a3,Qwen3-8B,0.0,0.0,0.0,0.6,3
livecodebench:test:726:39b9190f17f8,Qwen3-8B,0.0,1.0,1.0,0.7000000000000001,3
livecodebench:test:578:b033fb1404bb,Qwen3-8B,1.0,1.0,0.0,0.67,3
livecodebench:test:917:18702d116d68,Qwen3-8B,1.0,1.0,0.0,0.38,3
livecodebench:test:854:9f66485c6cb8,Qwen3-8B,1.0,1.0,0.0,0.7000000000000001,3
livecodebench:test:937:dbd3ed092b95,Qwen3-8B,1.0,1.0,0.0,0.6,3
livecodebench:test:408:52f8d9e803a1,Qwen3-8B,1.0,1.0,0.0,0.64,3
livecodebench:test:351:65d273a0a0e8,Qwen3-8B,0.0,0.0,0.0,0.65,3
livecodebench:test:282:2795181abbad,Qwen3-8B,0.0,1.0,1.0,0.65,3
livecodebench:test:531:86dcda6889e4,Qwen3-8B,1.0,1.0,0.0,0.63,3
livecodebench:test:720:49e2227e4b9b,Qwen3-8B,1.0,1.0,0.0,0.62,3
livecodebench:test:419:e2dbbd74f1c4,Qwen3-8B,1.0,1.0,0.0,0.68,3
livecodebench:test:326:7cc847314743,Qwen3-8B,0.0,1.0,1.0,0.65,3
livecodebench:test:888:17f26ef678a6,Qwen3-8B,1.0,1.0,0.0,0.62,3
livecodebench:test:47:5adc13d602e1,Qwen3-8B,0.0,1.0,1.0,0.63,3
livecodebench:test:152:35456f9af25c,Qwen3-8B,1.0,1.0,0.0,0.6900000000000001,3
livecodebench:test:638:12459cc427b6,Qwen3-8B,1.0,1.0,0.0,0.65,3
livecodebench:test:952:d7a1f0b4cfd9,Qwen3-8B,1.0,1.0,0.0,0.65,3
livecodebench:test:5:0b31d993e0da,Qwen3-8B,0.0,1.0,1.0,0.73,3
livecodebench:test:814:92118b7b5953,Qwen3-8B,0.0,0.0,0.0,0.67,3
livecodebench:test:7:d43459d6d5d5,Qwen3-8B,1.0,1.0,0.0,0.63,3
livecodebench:test:750:4d48bf95a043,Qwen3-8B,0.0,0.0,0.0,0.7200000000000001,3
livecodebench:test:384:ff9f29248b3b,Qwen3-8B,0.0,1.0,1.0,0.58,3
livecodebench:test:364:024bf695660c,Qwen3-8B,1.0,1.0,0.0,0.68,3
livecodebench:test:125:e4dd500a66e9,Qwen3-8B,1.0,1.0,0.0,0.6900000000000001,3
livecodebench:test:30:54128b56a2f5,Qwen3-8B,1.0,1.0,0.0,0.56,3
livecodebench:test:590:16edba7b8184,Qwen3-8B,1.0,1.0,0.0,0.7200000000000001,3
livecodebench:test:580:285447416805,Qwen3-8B,1.0,1.0,0.0,0.58,3
livecodebench:test:532:7652b8decea5,Qwen3-8B,1.0,1.0,0.0,0.6900000000000001,3
livecodebench:test:650:a2c3952f9afa,Qwen3-8B,0.0,0.0,0.0,0.68,3
livecodebench:test:703:943027e2e0db,Qwen3-8B,1.0,1.0,0.0,0.58,3
livecodebench:test:298:7fc5e70cac21,Qwen3-8B,1.0,1.0,0.0,0.67,3
livecodebench:test:400:7738f899754f,Qwen3-8B,0.0,0.0,0.0,0.64,3
livecodebench:test:475:777616a9f9d2,Qwen3-8B,0.0,1.0,1.0,0.68,3
livecodebench:test:112:7727cdfb32fd,Qwen3-8B,1.0,1.0,0.0,0.65,3
livecodebench:test:663:77d188d3ec11,Qwen3-8B,0.0,0.0,0.0,0.6900000000000001,3
livecodebench:test:457:ce70d93bd207,Qwen3-8B,1.0,1.0,0.0,0.65,3
livecodebench:test:807:2fc749eeeae5,Qwen3-8B,0.0,0.0,0.0,0.7100000000000001,3
livecodebench:test:786:52fc14ec2f6d,Qwen3-8B,0.0,0.0,0.0,0.65,3
livecodebench:test:822:08cf2e365da0,Qwen3-8B,1.0,1.0,0.0,0.64,3
livecodebench:test:144:5749ce806bb1,Qwen3-8B,1.0,1.0,0.0,0.65,3
livecodebench:test:277:a3ef3bad5d0c,Qwen3-8B,0.0,0.0,0.0,0.7000000000000001,3
livecodebench:test:342:d8c947fb5768,Qwen3-8B,0.0,1.0,1.0,0.6900000000000001,3
livecodebench:test:788:0160f7178f5d,Qwen3-8B,1.0,1.0,0.0,0.62,3
livecodebench:test:696:7bf8104cdef7,Qwen3-8B,1.0,1.0,0.0,0.61,3
livecodebench:test:352:dab933971a8e,Qwen3-8B,1.0,1.0,0.0,0.63,3
livecodebench:test:556:977acca56794,Qwen3-8B,0.0,0.0,0.0,0.65,3
livecodebench:test:756:b267377419bf,Qwen3-8B,1.0,1.0,0.0,0.66,3
livecodebench:test:840:369b2092e7fe,Qwen3-8B,0.0,1.0,1.0,0.7100000000000001,3
livecodebench:test:824:329127cfef95,Qwen3-8B,1.0,1.0,0.0,0.68,3
livecodebench:test:261:fa1d9ea4b962,Qwen3-8B,1.0,1.0,0.0,0.63,3
livecodebench:test:375:f5d1a23c6d97,Qwen3-8B,0.0,0.0,0.0,0.66,3
livecodebench:test:934:3028bd42bc5f,Qwen3-8B,1.0,1.0,0.0,0.65,3
livecodebench:test:955:76b8db91441b,Qwen3-8B,0.0,1.0,1.0,0.68,3
livecodebench:test:972:b079b5eb1f7c,Qwen3-8B,0.0,0.0,0.0,0.67,3
livecodebench:test:285:78ff9dc86128,Qwen3-8B,1.0,1.0,0.0,0.6,3
livecodebench:test:903:892540c4ba73,Qwen3-8B,0.0,0.0,0.0,0.73,3
livecodebench:test:91:bcac70716d86,Qwen3-8B,1.0,1.0,0.0,0.61,3
livecodebench:test:681:7a3853871d25,Qwen3-8B,0.0,0.0,0.0,0.7000000000000001,3
livecodebench:test:983:5c5073ec1f14,Qwen3-8B,0.0,0.0,0.0,0.68,3
livecodebench:test:293:a0fc98bf1a6f,Qwen3-8B,1.0,1.0,0.0,0.55,3
livecodebench:test:2:f168cd75cb71,Qwen3-8B,1.0,1.0,0.0,0.7000000000000001,3
livecodebench:test:886:3a147211d24c,Qwen3-8B,1.0,1.0,0.0,0.73,3
livecodebench:test:535:4fed0ccffa1e,Qwen3-8B,1.0,1.0,0.0,0.61,3
livecodebench:test:434:a4555920334f,Qwen3-8B,1.0,1.0,0.0,0.67,3
livecodebench:test:851:895684250add,Qwen3-8B,1.0,1.0,0.0,0.6900000000000001,3
livecodebench:test:984:7b462ea69425,Qwen3-8B,0.0,0.0,0.0,0.73,3
livecodebench:test:467:af469925f195,Qwen3-8B,1.0,1.0,0.0,0.7200000000000001,3
livecodebench:test:335:62653636a391,Qwen3-8B,0.0,1.0,1.0,0.64,3
livecodebench:test:286:0ea33ffc894c,Qwen3-8B,1.0,1.0,0.0,0.64,3
livecodebench:test:1054:4a2d1e97f25f,Qwen3-8B,1.0,1.0,0.0,0.67,3
livecodebench:test:805:d00ae3b40a2a,Qwen3-8B,0.0,0.0,0.0,0.68,3
livecodebench:test:318:7ae03a302330,Qwen3-8B,1.0,1.0,0.0,0.6900000000000001,3
livecodebench:test:391:e909773d18dd,Qwen3-8B,1.0,1.0,0.0,0.51,3
livecodebench:test:505:737f89fb3bd5,Qwen3-8B,1.0,1.0,0.0,0.7200000000000001,3
livecodebench:test:497:554ff298a872,Qwen3-8B,1.0,1.0,0.0,0.62,3
livecodebench:test:931:ee543c796c6e,Qwen3-8B,1.0,1.0,0.0,0.61,3
livecodebench:test:12:a3d472d0fbd6,Qwen3-8B,1.0,1.0,0.0,0.66,3
livecodebench:test:433:bcfa19c3890b,Qwen3-8B,1.0,1.0,0.0,0.65,3
livecodebench:test:724:db6c8b484b40,Qwen3-8B,1.0,1.0,0.0,0.65,3
livecodebench:test:251:2355f11874e2,Qwen3-8B,0.0,1.0,1.0,0.45999999999999996,3
livecodebench:test:168:ed36d96dc934,Qwen3-8B,1.0,1.0,0.0,0.6900000000000001,3
livecodebench:test:424:c38c39854f97,Qwen3-8B,1.0,1.0,0.0,0.51,3
livecodebench:test:338:729f89886484,Qwen3-8B,1.0,1.0,0.0,0.67,3
livecodebench:test:656:91e686b9d0cd,Qwen3-8B,0.0,1.0,1.0,0.67,3
livecodebench:test:560:63bfa98e896c,Qwen3-8B,1.0,1.0,0.0,0.54,3
livecodebench:test:604:8f3cdd4613b7,Qwen3-8B,1.0,1.0,0.0,0.61,3
livecodebench:test:509:efb10a810af0,Qwen3-8B,0.0,1.0,1.0,0.7200000000000001,3
livecodebench:test:943:a5ee991bb23d,Qwen3-8B,1.0,1.0,0.0,0.65,3
livecodebench:test:469:203c7b338f7c,Qwen3-8B,0.0,0.0,0.0,0.63,3
livecodebench:test:1034:984e484fd764,Qwen3-8B,1.0,1.0,0.0,0.61,3
livecodebench:test:43:b27eb3a9d1b6,Qwen3-8B,1.0,1.0,0.0,0.74,3
livecodebench:test:183:c15d646648f8,Qwen3-8B,1.0,1.0,0.0,0.7000000000000001,3
livecodebench:test:138:3dfbd71b9de1,Qwen3-8B,1.0,1.0,0.0,0.65,3
math500:test:464:25b30ae82b79,Qwen3-8B,1.0,1.0,0.0,0.5900000000000001,3
math500:test:173:08306232ef9b,Qwen3-8B,1.0,1.0,0.0,0.69,3
math500:test:311:d617e0f458c4,Qwen3-8B,1.0,1.0,0.0,0.71,3
math500:test:481:6bb3caecbae2,Qwen3-8B,1.0,1.0,0.0,0.71,3
math500:test:33:7f11b7a5c70d,Qwen3-8B,0.0,1.0,1.0,0.72,3
math500:test:83:5bf83c63cfb0,Qwen3-8B,1.0,1.0,0.0,0.7,3
math500:test:174:86429feba2de,Qwen3-8B,1.0,1.0,0.0,0.56,3
math500:test:223:0eb62fab1b21,Qwen3-8B,1.0,1.0,0.0,0.6299999999999999,3
math500:test:244:5567e2ebab5e,Qwen3-8B,1.0,1.0,0.0,0.5800000000000001,3
math500:test:237:eeedc13aafaa,Qwen3-8B,1.0,1.0,0.0,0.6900000000000001,3
math500:test:428:ad5b14b23ed9,Qwen3-8B,1.0,1.0,0.0,0.66,3
math500:test:459:ebfbf81b2d04,Qwen3-8B,1.0,1.0,0.0,0.38,3
math500:test:84:fb2f7de9a999,Qwen3-8B,1.0,1.0,0.0,0.75,3
math500:test:381:45e5f7656e79,Qwen3-8B,1.0,1.0,0.0,0.72,3
math500:test:265:7aa14269cd71,Qwen3-8B,0.0,1.0,1.0,0.5900000000000001,3
math500:test:392:4cc7f8fed04d,Qwen3-8B,1.0,1.0,0.0,0.7100000000000001,3
math500:test:301:3cbf37a65f1d,Qwen3-8B,1.0,1.0,0.0,0.73,3
math500:test:303:d41322c91030,Qwen3-8B,1.0,1.0,0.0,0.6,3
math500:test:31:28f0bde5896e,Qwen3-8B,0.0,1.0,1.0,0.6900000000000001,3
math500:test:389:8f00399e3534,Qwen3-8B,1.0,1.0,0.0,0.44000000000000006,3
math500:test:308:54691fce5a13,Qwen3-8B,1.0,1.0,0.0,0.7,3
math500:test:342:0410748c1e76,Qwen3-8B,1.0,1.0,0.0,0.63,3
math500:test:316:3b95366916ef,Qwen3-8B,1.0,1.0,0.0,0.6399999999999999,3
math500:test:175:150eaf9aec74,Qwen3-8B,1.0,1.0,0.0,0.54,3
math500:test:290:61623a4f6df2,Qwen3-8B,1.0,1.0,0.0,0.7100000000000001,3
math500:test:179:34876d451645,Qwen3-8B,1.0,1.0,0.0,0.73,3
math500:test:235:80a5aa2cdf06,Qwen3-8B,1.0,1.0,0.0,0.6599999999999999,3
math500:test:168:2bb95410df5e,Qwen3-8B,1.0,1.0,0.0,0.62,3
math500:test:430:89ee4e5ddd25,Qwen3-8B,1.0,1.0,0.0,0.74,3
math500:test:404:3bc30c4cda03,Qwen3-8B,1.0,1.0,0.0,0.6000000000000001,3
math500:test:107:1ebb7bb0cc81,Qwen3-8B,1.0,1.0,0.0,0.5900000000000001,3
math500:test:440:d32a3fa07b18,Qwen3-8B,1.0,1.0,0.0,0.74,3
math500:test:261:7a741a2c395f,Qwen3-8B,1.0,1.0,0.0,0.73,3
math500:test:158:5d38b315c24c,Qwen3-8B,1.0,1.0,0.0,0.66,3
math500:test:43:d9f531b9527d,Qwen3-8B,1.0,1.0,0.0,0.67,3
math500:test:160:adefdc2121de,Qwen3-8B,1.0,1.0,0.0,0.67,3
math500:test:310:116237dfe3db,Qwen3-8B,1.0,1.0,0.0,0.65,3
math500:test:451:983cb8f8902a,Qwen3-8B,1.0,1.0,0.0,0.62,3
math500:test:420:50586870d070,Qwen3-8B,1.0,1.0,0.0,0.61,3
math500:test:67:a03b6b4ae366,Qwen3-8B,1.0,1.0,0.0,0.75,3
math500:test:156:4c1c2d962a0e,Qwen3-8B,1.0,1.0,0.0,0.7000000000000001,3
math500:test:426:ab8474b5c891,Qwen3-8B,1.0,1.0,0.0,0.6599999999999999,3
math500:test:446:4f5508d9d147,Qwen3-8B,1.0,1.0,0.0,0.69,3
math500:test:307:ebebe01a18f2,Qwen3-8B,0.0,1.0,1.0,0.62,3
math500:test:350:0be67f06c62d,Qwen3-8B,1.0,1.0,0.0,0.73,3
math500:test:397:d0cd918ebadb,Qwen3-8B,1.0,1.0,0.0,0.52,3
math500:test:258:cf3312d83cf0,Qwen3-8B,0.0,0.0,0.0,0.65,3
math500:test:233:45d232848655,Qwen3-8B,1.0,1.0,0.0,0.6799999999999999,3
math500:test:80:7f472ed5afd0,Qwen3-8B,1.0,1.0,0.0,0.72,3
math500:test:229:e85714844acf,Qwen3-8B,0.0,1.0,1.0,0.6499999999999999,3
math500:test:386:e38a82f12569,Qwen3-8B,1.0,1.0,0.0,0.67,3
math500:test:253:f612b9efc271,Qwen3-8B,1.0,1.0,0.0,0.7799999999999999,3
math500:test:436:59930f061998,Qwen3-8B,1.0,1.0,0.0,0.72,3
math500:test:251:b4c65e92228a,Qwen3-8B,1.0,1.0,0.0,0.71,3
math500:test:140:49d399a24200,Qwen3-8B,1.0,1.0,0.0,0.77,3
math500:test:366:eed9594538d1,Qwen3-8B,1.0,1.0,0.0,0.63,3
math500:test:138:28551dccd09c,Qwen3-8B,1.0,1.0,0.0,0.64,3
math500:test:408:4ad774d03e1d,Qwen3-8B,1.0,1.0,0.0,0.75,3
math500:test:210:f3a7efe83de3,Qwen3-8B,1.0,1.0,0.0,0.7100000000000001,3
math500:test:494:953b683f2dc4,Qwen3-8B,1.0,1.0,0.0,0.6699999999999999,3
math500:test:125:7cc8cf550e3c,Qwen3-8B,1.0,1.0,0.0,0.6900000000000001,3
math500:test:328:7c500c083448,Qwen3-8B,1.0,1.0,0.0,0.65,3
math500:test:86:a89fbb80da4f,Qwen3-8B,1.0,1.0,0.0,0.6699999999999999,3
math500:test:257:746a8f870977,Qwen3-8B,1.0,1.0,0.0,0.71,3
math500:test:46:e560d5cf6d3f,Qwen3-8B,1.0,1.0,0.0,0.65,3
math500:test:30:707c6d6754da,Qwen3-8B,1.0,1.0,0.0,0.63,3
math500:test:203:e76531f9dd29,Qwen3-8B,1.0,1.0,0.0,0.67,3
math500:test:425:cbe5b6b45a9a,Qwen3-8B,1.0,1.0,0.0,0.72,3
math500:test:278:80883c8d718e,Qwen3-8B,1.0,1.0,0.0,0.73,3
math500:test:384:30257ce512a9,Qwen3-8B,0.0,0.0,0.0,0.75,3
math500:test:42:2107ef2300b1,Qwen3-8B,1.0,1.0,0.0,0.66,3
math500:test:87:0a59d12ea19c,Qwen3-8B,1.0,1.0,0.0,0.76,3
math500:test:38:18d8d61436e0,Qwen3-8B,1.0,1.0,0.0,0.62,3
math500:test:153:bf1b475d2d82,Qwen3-8B,1.0,1.0,0.0,0.6699999999999999,3
math500:test:51:4639686b328f,Qwen3-8B,1.0,1.0,0.0,0.63,3
math500:test:279:4b89940b5a15,Qwen3-8B,1.0,1.0,0.0,0.7,3
math500:test:208:897bfae78982,Qwen3-8B,1.0,1.0,0.0,0.74,3
math500:test:58:7fc009d3f808,Qwen3-8B,1.0,1.0,0.0,0.59,3
math500:test:441:edc76d80b3d2,Qwen3-8B,1.0,1.0,0.0,0.74,3
math500:test:77:af2fadb634c9,Qwen3-8B,1.0,1.0,0.0,0.51,3
math500:test:187:07f83eec6285,Qwen3-8B,1.0,1.0,0.0,0.5900000000000001,3
math500:test:55:18a164d5c118,Qwen3-8B,1.0,1.0,0.0,0.68,3
math500:test:120:c05b2b3a40b2,Qwen3-8B,1.0,1.0,0.0,0.51,3
math500:test:104:81dd044c95a0,Qwen3-8B,1.0,1.0,0.0,0.6599999999999999,3
math500:test:374:cd12e854a059,Qwen3-8B,1.0,1.0,0.0,0.63,3
math500:test:170:e6c6322685f0,Qwen3-8B,1.0,1.0,0.0,0.6900000000000001,3
math500:test:357:05eb5a170e9f,Qwen3-8B,1.0,1.0,0.0,0.7000000000000001,3
math500:test:232:42517366b010,Qwen3-8B,1.0,1.0,0.0,0.61,3
math500:test:135:26def20db88c,Qwen3-8B,1.0,1.0,0.0,0.6699999999999999,3
math500:test:122:a4a92af384d8,Qwen3-8B,1.0,1.0,0.0,0.8099999999999999,3
math500:test:272:a5b3b535a785,Qwen3-8B,1.0,1.0,0.0,0.76,3
math500:test:94:ecf5fa925de2,Qwen3-8B,1.0,1.0,0.0,0.69,3
math500:test:324:50d8fc4d7e16,Qwen3-8B,1.0,1.0,0.0,0.76,3
math500:test:4:32c3cda4fa5f,Qwen3-8B,1.0,1.0,0.0,0.74,3
math500:test:478:fbe8ea1d8aa2,Qwen3-8B,1.0,1.0,0.0,0.64,3
math500:test:268:e77e1c6b8a5a,Qwen3-8B,1.0,1.0,0.0,0.6299999999999999,3
math500:test:332:118be303d7ab,Qwen3-8B,1.0,1.0,0.0,0.75,3
math500:test:329:0809a483e113,Qwen3-8B,1.0,1.0,0.0,0.6200000000000001,3
math500:test:217:d871815d374e,Qwen3-8B,1.0,1.0,0.0,0.6399999999999999,3
math500:test:196:746eb37011dd,Qwen3-8B,1.0,1.0,0.0,0.72,3
mathbench:test:100:e6aedbd33570,Qwen3-8B,1.0,1.0,0.0,0.6399999999999999,3
mathbench:test:6:18d620b34d09,Qwen3-8B,1.0,1.0,0.0,0.56,3
mathbench:test:32:4030eeaf215e,Qwen3-8B,1.0,1.0,0.0,0.72,3
mathbench:test:105:26d4f2e3cdda,Qwen3-8B,1.0,1.0,0.0,0.5700000000000001,3
mathbench:test:127:46fdfd3f74b7,Qwen3-8B,1.0,1.0,0.0,0.65,3
mathbench:test:126:1e991705cb54,Qwen3-8B,1.0,1.0,0.0,0.7100000000000001,3
mathbench:test:76:f0154499b335,Qwen3-8B,1.0,1.0,0.0,0.5700000000000001,3
mathbench:test:53:9dd5e2b1cbb8,Qwen3-8B,1.0,1.0,0.0,0.75,3
mathbench:test:116:33b814eaca6d,Qwen3-8B,1.0,1.0,0.0,0.7100000000000001,3
mathbench:test:96:5c844a35ca5e,Qwen3-8B,0.0,1.0,1.0,0.63,3
mathbench:test:148:6ca3cb459ef0,Qwen3-8B,1.0,1.0,0.0,0.5900000000000001,3
mathbench:test:47:c602bbea3feb,Qwen3-8B,1.0,1.0,0.0,0.72,3
mathbench:test:60:77aab5bf17a0,Qwen3-8B,1.0,1.0,0.0,0.5800000000000001,3
mathbench:test:20:3d9a6ad31daa,Qwen3-8B,1.0,1.0,0.0,0.69,3
mathbench:test:3:4aba4cab2b1b,Qwen3-8B,1.0,1.0,0.0,0.64,3
mathbench:test:17:fa557ec05980,Qwen3-8B,1.0,1.0,0.0,0.55,3
mathbench:test:142:b373a9c9bab8,Qwen3-8B,1.0,1.0,0.0,0.7000000000000001,3
mathbench:test:147:82cf89122b37,Qwen3-8B,1.0,1.0,0.0,0.65,3
mathbench:test:33:21cc27a69144,Qwen3-8B,1.0,1.0,0.0,0.73,3
mathbench:test:50:d0cd21f285fe,Qwen3-8B,1.0,1.0,0.0,0.7200000000000001,3
mathbench:test:137:e0249e19edea,Qwen3-8B,1.0,1.0,0.0,0.71,3
mathbench:test:87:5d5df7c5edc0,Qwen3-8B,1.0,1.0,0.0,0.5900000000000001,3
mathbench:test:7:154493f51813,Qwen3-8B,1.0,1.0,0.0,0.56,3
mathbench:test:104:dd93a8a7dfe1,Qwen3-8B,1.0,1.0,0.0,0.6000000000000001,3
mathbench:test:122:745a00b19e43,Qwen3-8B,1.0,1.0,0.0,0.6399999999999999,3
mathbench:test:44:da1b0aae912f,Qwen3-8B,1.0,1.0,0.0,0.66,3
mathbench:test:8:916034c75f0b,Qwen3-8B,1.0,1.0,0.0,0.64,3
mathbench:test:119:71149ede9d47,Qwen3-8B,1.0,1.0,0.0,0.5800000000000001,3
mathbench:test:128:3890e0d37570,Qwen3-8B,1.0,1.0,0.0,0.6799999999999999,3
mathbench:test:58:454b7fa929b0,Qwen3-8B,1.0,1.0,0.0,0.67,3
mbpp:test:604:ef9d1096acdf,Qwen3-8B,0.0,1.0,1.0,0.54,3
mbpp:test:577:80b7054fd25c,Qwen3-8B,0.0,1.0,1.0,0.47,3
mbpp:test:193:8f76f12196f8,Qwen3-8B,1.0,1.0,0.0,0.42999999999999994,3
mbpp:test:421:f999caa6ab6f,Qwen3-8B,1.0,1.0,0.0,0.49,3
mbpp:test:917:880b251bafc3,Qwen3-8B,0.0,1.0,1.0,0.68,3
mbpp:test:602:cecd0b069c03,Qwen3-8B,1.0,1.0,0.0,0.67,3
mbpp:test:760:688785fe4567,Qwen3-8B,0.0,1.0,1.0,0.77,3
mbpp:test:269:28df368dd802,Qwen3-8B,1.0,1.0,0.0,0.45999999999999996,3
mbpp:test:156:61319603b6b5,Qwen3-8B,0.0,1.0,1.0,0.6699999999999999,3
mbpp:test:859:7fbd94798bbb,Qwen3-8B,1.0,1.0,0.0,0.7000000000000001,3
mbpp:test:102:507cc07759ff,Qwen3-8B,1.0,1.0,0.0,0.44999999999999996,3
mbpp:test:139:9f8099227ef4,Qwen3-8B,1.0,1.0,0.0,0.64,3
mbpp:test:807:a82c6dc5d31c,Qwen3-8B,1.0,1.0,0.0,0.48000000000000004,3
mbpp:test:968:a792803c3589,Qwen3-8B,0.0,1.0,1.0,0.41999999999999993,3
mbpp:test:13:c201df62143e,Qwen3-8B,0.0,0.0,0.0,0.5499999999999999,3
mbpp:test:785:cbf0e9e214fe,Qwen3-8B,1.0,1.0,0.0,0.64,3
mbpp:test:528:107c10155f5b,Qwen3-8B,1.0,1.0,0.0,0.64,3
mbpp:test:32:031f627f0a40,Qwen3-8B,1.0,1.0,0.0,0.45999999999999996,3
mbpp:test:480:964553a17c45,Qwen3-8B,1.0,1.0,0.0,0.43999999999999995,3
mbpp:test:358:c03d8976b743,Qwen3-8B,0.0,1.0,1.0,0.48000000000000004,3
mbpp:test:637:506baef6140a,Qwen3-8B,1.0,1.0,0.0,0.6900000000000001,3
mbpp:test:492:79c5c4bdd8d2,Qwen3-8B,0.0,1.0,1.0,0.59,3
mbpp:test:178:35f3b1d54e55,Qwen3-8B,1.0,1.0,0.0,0.61,3
mbpp:test:660:5dc86f1c43f1,Qwen3-8B,0.0,0.0,0.0,0.68,3
mbpp:test:482:b234047aa886,Qwen3-8B,0.0,1.0,1.0,0.34,3
mbpp:test:331:db42d1996cc6,Qwen3-8B,0.0,1.0,1.0,0.5700000000000001,3
mbpp:test:50:84ab8d395979,Qwen3-8B,0.0,1.0,1.0,0.5599999999999999,3
mbpp:test:665:10f23755ccae,Qwen3-8B,0.0,0.0,0.0,0.61,3
mbpp:test:270:9cd3d2b8664e,Qwen3-8B,0.0,1.0,1.0,0.5599999999999999,3
mbpp:test:750:e1c46c8de360,Qwen3-8B,1.0,1.0,0.0,0.47,3
mbpp:test:641:9a9dfa72a13f,Qwen3-8B,1.0,1.0,0.0,0.7100000000000001,3
mbpp:test:960:cb66db602cd3,Qwen3-8B,0.0,1.0,1.0,0.37000000000000005,3
mbpp:test:875:cb16c343bf57,Qwen3-8B,1.0,1.0,0.0,0.53,3
mbpp:test:159:4059b976c017,Qwen3-8B,1.0,1.0,0.0,0.5399999999999999,3
mbpp:test:640:a54e93b5c33e,Qwen3-8B,1.0,1.0,0.0,0.6900000000000001,3
mbpp:test:26:93c8d899be86,Qwen3-8B,0.0,1.0,1.0,0.4099999999999999,3
mbpp:test:167:693d6b961e8d,Qwen3-8B,0.0,1.0,1.0,0.61,3
mbpp:test:452:8f5b5021c8a2,Qwen3-8B,0.0,1.0,1.0,0.76,3
mbpp:test:560:fe23fc54434b,Qwen3-8B,1.0,1.0,0.0,0.67,3
mbpp:test:536:51f30067c7a3,Qwen3-8B,0.0,1.0,1.0,0.59,3
mbpp:test:183:70a2fe4f9a7d,Qwen3-8B,0.0,0.0,0.0,0.52,3
mbpp:test:297:b42699352eb7,Qwen3-8B,0.0,1.0,1.0,0.64,3
mbpp:test:755:2547088d09a7,Qwen3-8B,0.0,1.0,1.0,0.53,3
mbpp:test:542:2a0ffeb7db99,Qwen3-8B,0.0,0.0,0.0,0.32,3
mbpp:test:494:31fd3b3fbe7b,Qwen3-8B,0.0,1.0,1.0,0.6,3
mbpp:test:530:6b1c1b7dda75,Qwen3-8B,1.0,1.0,0.0,0.59,3
mbpp:test:272:bb68c54158dd,Qwen3-8B,1.0,1.0,0.0,0.57,3
mbpp:test:537:60f07b1e7084,Qwen3-8B,1.0,1.0,0.0,0.59,3
mbpp:test:500:233f3c7ea78c,Qwen3-8B,1.0,1.0,0.0,0.5499999999999999,3
mbpp:test:784:042cdbf6e08c,Qwen3-8B,1.0,1.0,0.0,0.63,3
mbpp:test:714:b867d178ba9e,Qwen3-8B,0.0,0.0,0.0,0.7200000000000001,3
mbpp:test:574:9111150424b7,Qwen3-8B,0.0,1.0,1.0,0.63,3
mbpp:test:559:c4849f09bc2a,Qwen3-8B,0.0,1.0,1.0,0.48,3
mbpp:test:874:0ff5527b3f1e,Qwen3-8B,1.0,1.0,0.0,0.58,3
mbpp:test:3:27a80c73191c,Qwen3-8B,1.0,1.0,0.0,0.62,3
mbpp:test:353:520fe056ce2d,Qwen3-8B,0.0,1.0,1.0,0.49,3
mbpp:test:825:4d4b5db8e233,Qwen3-8B,1.0,1.0,0.0,0.7200000000000001,3
mbpp:test:232:499e1de9788d,Qwen3-8B,0.0,1.0,1.0,0.54,3
mbpp:test:188:38defe55f398,Qwen3-8B,1.0,1.0,0.0,0.62,3
mbpp:test:379:90074d999fdc,Qwen3-8B,1.0,1.0,0.0,0.54,3
mbpp:test:38:f5de2cff955e,Qwen3-8B,1.0,1.0,0.0,0.66,3
mbpp:test:850:b144ad8c1496,Qwen3-8B,1.0,1.0,0.0,0.62,3
mbpp:test:568:a2da70a45389,Qwen3-8B,1.0,1.0,0.0,0.6,3
mbpp:test:935:cf511d01033d,Qwen3-8B,0.0,1.0,1.0,0.47,3
mbpp:test:367:a75e5006e8fd,Qwen3-8B,0.0,0.0,0.0,0.62,3
mbpp:test:732:d25eb20a0f27,Qwen3-8B,0.0,1.0,1.0,0.47,3
mbpp:test:532:ec21de8d94ae,Qwen3-8B,1.0,1.0,0.0,0.43999999999999995,3
mbpp:test:410:af8c718dc9a4,Qwen3-8B,1.0,1.0,0.0,0.68,3
mbpp:test:594:931ae3141086,Qwen3-8B,0.0,1.0,1.0,0.42999999999999994,3
mbpp:test:550:eb04498069b4,Qwen3-8B,1.0,1.0,0.0,0.46,3
mbpp:test:485:e2aa36482548,Qwen3-8B,1.0,1.0,0.0,0.5,3
mbpp:test:621:51b44b21c430,Qwen3-8B,0.0,1.0,1.0,0.6,3
mbpp:test:631:fc94f3bd6b3d,Qwen3-8B,0.0,1.0,1.0,0.57,3
mbpp:test:647:4fd59f24466c,Qwen3-8B,1.0,1.0,0.0,0.33,3
mbpp:test:778:33dda71b1e61,Qwen3-8B,1.0,1.0,0.0,0.52,3
mbpp:test:397:61e739f41a1b,Qwen3-8B,0.0,0.0,0.0,0.48,3
mbpp:test:460:7e92058542ff,Qwen3-8B,1.0,1.0,0.0,0.33,3
mbpp:test:556:e29ed444dabd,Qwen3-8B,0.0,1.0,1.0,0.41000000000000003,3
mbpp:test:598:e0badfff16ef,Qwen3-8B,1.0,1.0,0.0,0.47,3
mbpp:test:703:4fab83d5af1d,Qwen3-8B,0.0,1.0,1.0,0.61,3
mbpp:test:143:6bffced588ec,Qwen3-8B,1.0,1.0,0.0,0.48,3
mbpp:test:99:0bfba6f71d33,Qwen3-8B,0.0,1.0,1.0,0.54,3
mbpp:test:392:90fd266ac8f7,Qwen3-8B,0.0,1.0,1.0,0.7100000000000001,3
mbpp:test:650:2e8280e796df,Qwen3-8B,0.0,1.0,1.0,0.64,3
mbpp:test:245:a9b618d28d5c,Qwen3-8B,0.0,1.0,1.0,0.48,3
mbpp:test:597:bb94619a24fa,Qwen3-8B,0.0,1.0,1.0,0.54,3
mbpp:test:910:b278c3cb8846,Qwen3-8B,1.0,1.0,0.0,0.64,3
mbpp:test:222:4c6357efeb3f,Qwen3-8B,1.0,1.0,0.0,0.6,3
mbpp:test:113:89d4c8a1ec19,Qwen3-8B,1.0,1.0,0.0,0.45999999999999996,3
mbpp:test:615:138d85932309,Qwen3-8B,1.0,1.0,0.0,0.44,3
mbpp:test:706:f41be29f4e58,Qwen3-8B,1.0,1.0,0.0,0.64,3
mbpp:test:155:bd3bb03e8bca,Qwen3-8B,1.0,1.0,0.0,0.67,3
mbpp:test:288:a8ad36f0f9c0,Qwen3-8B,1.0,1.0,0.0,0.54,3
mbpp:test:404:312b1ac071b2,Qwen3-8B,0.0,1.0,1.0,0.65,3
mbpp:test:48:848b3b9f1cdc,Qwen3-8B,0.0,1.0,1.0,0.54,3
mbpp:test:517:a5949b28b873,Qwen3-8B,1.0,1.0,0.0,0.59,3
mbpp:test:581:a41184fc6341,Qwen3-8B,1.0,1.0,0.0,0.65,3
mbpp:test:933:d6822eda19e6,Qwen3-8B,1.0,1.0,0.0,0.58,3
mbpp:test:603:a8751b663a88,Qwen3-8B,1.0,1.0,0.0,0.51,3
mbpp:test:739:f2be6fc5f3d2,Qwen3-8B,0.0,1.0,1.0,0.45999999999999996,3
mbpp:test:782:96b3cbeec311,Qwen3-8B,1.0,1.0,0.0,0.67,3
mbpp:test:928:68f3240901ef,Qwen3-8B,0.0,1.0,1.0,0.45999999999999996,3
mbpp:test:949:33f1cd835a29,Qwen3-8B,0.0,1.0,1.0,0.39999999999999997,3
mbpp:test:73:951dbf3d7945,Qwen3-8B,1.0,1.0,0.0,0.7000000000000001,3
mbpp:test:152:73fc738ffb21,Qwen3-8B,1.0,1.0,0.0,0.5499999999999999,3
mbpp:test:370:59719ff6aa8d,Qwen3-8B,0.0,0.0,0.0,0.5,3
mbpp:test:224:535bde2edc01,Qwen3-8B,0.0,1.0,1.0,0.61,3
mbpp:test:130:659c7f56acae,Qwen3-8B,0.0,1.0,1.0,0.49,3
mbpp:test:648:f037dca1e2b1,Qwen3-8B,1.0,1.0,0.0,0.27,3
mbpp:test:595:cdc19cdf6afa,Qwen3-8B,0.0,0.0,0.0,0.5599999999999999,3
mbpp:test:248:06bf66e25983,Qwen3-8B,0.0,1.0,1.0,0.35000000000000003,3
mbpp:test:333:ab0a0f228f4a,Qwen3-8B,1.0,1.0,0.0,0.41,3
mbpp:test:851:f1834de33895,Qwen3-8B,1.0,1.0,0.0,0.54,3
mbpp:test:569:a07d9c5db722,Qwen3-8B,1.0,1.0,0.0,0.59,3
mbpp:test:957:75c892922e8d,Qwen3-8B,0.0,1.0,1.0,0.5599999999999999,3
mbpp:test:661:c0fe4f1597ed,Qwen3-8B,0.0,1.0,1.0,0.66,3
mbpp:test:887:26d3a4da3178,Qwen3-8B,0.0,1.0,1.0,0.61,3
mbpp:test:883:2b6596e0398f,Qwen3-8B,0.0,1.0,1.0,0.63,3
mbpp:test:28:e0f9156c4ac8,Qwen3-8B,0.0,1.0,1.0,0.51,3
mbpp:test:790:a7505956c614,Qwen3-8B,1.0,1.0,0.0,0.44999999999999996,3
mbpp:test:252:7477a922baa3,Qwen3-8B,1.0,1.0,0.0,0.38999999999999996,3
mbpp:test:388:1e31715ad96e,Qwen3-8B,0.0,1.0,1.0,0.55,3
mbpp:test:617:3b6b25a739b4,Qwen3-8B,1.0,1.0,0.0,0.63,3
mbpp:test:106:9d94b81712b3,Qwen3-8B,1.0,1.0,0.0,0.42,3
mbpp:test:588:e3950d3fd72c,Qwen3-8B,1.0,1.0,0.0,0.41000000000000003,3
mbpp:test:163:aca20c4adab0,Qwen3-8B,1.0,1.0,0.0,0.52,3
mbpp:test:959:2e0145f069f7,Qwen3-8B,1.0,1.0,0.0,0.3999999999999999,3
mbpp:test:133:46f190653aab,Qwen3-8B,1.0,1.0,0.0,0.53,3
mbpp:test:513:40da56abe260,Qwen3-8B,0.0,0.0,0.0,0.55,3
mbpp:test:816:2d121af19adf,Qwen3-8B,0.0,1.0,1.0,0.41999999999999993,3
mbpp:test:520:27d18c2abcea,Qwen3-8B,1.0,1.0,0.0,0.44999999999999996,3
mbpp:test:321:cc44fcff905f,Qwen3-8B,1.0,1.0,0.0,0.43999999999999995,3
mbpp:test:462:e9b9ac1139bb,Qwen3-8B,0.0,1.0,1.0,0.67,3
mbpp:test:118:0331390a88ab,Qwen3-8B,0.0,1.0,1.0,0.5599999999999999,3
mbpp:test:780:24481aefa277,Qwen3-8B,0.0,1.0,1.0,0.62,3
mbpp:test:554:296d4a2c1392,Qwen3-8B,1.0,1.0,0.0,0.5599999999999999,3
mbpp:test:924:df88eb6ef8ab,Qwen3-8B,1.0,1.0,0.0,0.37,3
mbpp:test:663:8818650e893f,Qwen3-8B,1.0,1.0,0.0,0.4,3
mbpp:test:472:2dcd4295f10f,Qwen3-8B,1.0,1.0,0.0,0.38,3
mbpp:test:552:075a371468ae,Qwen3-8B,0.0,1.0,1.0,0.67,3
mbpp:test:733:45d60654e300,Qwen3-8B,0.0,1.0,1.0,0.48,3
mbpp:test:439:cc83f835a867,Qwen3-8B,0.0,0.0,0.0,0.64,3
mbpp:test:104:028d85dc0678,Qwen3-8B,1.0,1.0,0.0,0.55,3
mbpp:test:219:1b623cdf5e39,Qwen3-8B,0.0,1.0,1.0,0.59,3
mbpp:test:135:56a828e3c034,Qwen3-8B,1.0,1.0,0.0,0.6900000000000001,3
mbpp:test:179:b4a3b68c0049,Qwen3-8B,1.0,1.0,0.0,0.52,3
mbpp:test:366:14c095c8d846,Qwen3-8B,0.0,1.0,1.0,0.54,3
mbpp:test:187:d09082159697,Qwen3-8B,1.0,1.0,0.0,0.5,3
mbpp:test:7:df1385bc8a00,Qwen3-8B,0.0,1.0,1.0,0.44999999999999996,3
mbpp:test:175:39a350f01a25,Qwen3-8B,1.0,1.0,0.0,0.53,3
mbpp:test:835:cdf39d307e2c,Qwen3-8B,0.0,1.0,1.0,0.56,3
mbpp:test:141:b619572a9e63,Qwen3-8B,0.0,1.0,1.0,0.42999999999999994,3
mbpp:test:126:ccd528abe490,Qwen3-8B,1.0,1.0,0.0,0.62,3
mbpp:test:686:0c8fc4655751,Qwen3-8B,1.0,1.0,0.0,0.62,3
mbpp:test:849:2fa741ca6b12,Qwen3-8B,0.0,1.0,1.0,0.58,3
mbpp:test:522:5484308fa14f,Qwen3-8B,1.0,1.0,0.0,0.5399999999999999,3
mbpp:test:71:e9b149b52129,Qwen3-8B,0.0,1.0,1.0,0.55,3
mbpp:test:783:3cae7facf626,Qwen3-8B,1.0,1.0,0.0,0.51,3
mbpp:test:521:bdc6e6ccc5a5,Qwen3-8B,0.0,1.0,1.0,0.59,3
mbpp:test:253:9a41639ffd92,Qwen3-8B,1.0,1.0,0.0,0.5900000000000001,3
mbpp:test:743:6c0d46565c9f,Qwen3-8B,0.0,1.0,1.0,0.55,3
mbpp:test:486:6a6f0b5bbbc1,Qwen3-8B,1.0,1.0,0.0,0.49,3
mbpp:test:101:6229e41b893c,Qwen3-8B,1.0,1.0,0.0,0.45999999999999996,3
mbpp:test:262:b00c2446f667,Qwen3-8B,1.0,1.0,0.0,0.65,3
mbpp:test:95:1e6172447a6e,Qwen3-8B,1.0,1.0,0.0,0.67,3
mbpp:test:710:4b4a130c58dc,Qwen3-8B,1.0,1.0,0.0,0.74,3
mbpp:test:674:e7c41d269a33,Qwen3-8B,1.0,1.0,0.0,0.48,3
mbpp:test:330:5f8654f31277,Qwen3-8B,1.0,1.0,0.0,0.68,3
mbpp:test:448:b612a43441ee,Qwen3-8B,0.0,1.0,1.0,0.51,3
mbpp:test:906:1ef6038e868c,Qwen3-8B,0.0,1.0,1.0,0.54,3
mbpp:test:838:be18ba02be98,Qwen3-8B,1.0,1.0,0.0,0.41999999999999993,3
mbpp:test:509:fceeecc635f1,Qwen3-8B,0.0,1.0,1.0,0.63,3
mbpp:test:361:c02e5424a214,Qwen3-8B,1.0,1.0,0.0,0.51,3
mbpp:test:742:ddef78a56f64,Qwen3-8B,1.0,1.0,0.0,0.54,3
mbpp:test:800:91f863373768,Qwen3-8B,0.0,1.0,1.0,0.56,3
mbpp:test:652:b0f085ddef8d,Qwen3-8B,1.0,1.0,0.0,0.39999999999999997,3
mbpp:test:651:3c777e6ecc70,Qwen3-8B,0.0,1.0,1.0,0.49000000000000005,3
mbpp:test:409:5703afb139f4,Qwen3-8B,0.0,1.0,1.0,0.67,3
mbpp:test:545:4bc0f3b80a2c,Qwen3-8B,0.0,1.0,1.0,0.34,3
mbpp:test:694:cd24fd491653,Qwen3-8B,1.0,1.0,0.0,0.47,3
mbpp:test:127:5b2b5697e799,Qwen3-8B,1.0,1.0,0.0,0.64,3
mbpp:test:893:2b52a3376e3c,Qwen3-8B,1.0,1.0,0.0,0.36000000000000004,3
mbpp:test:304:683d36c71da1,Qwen3-8B,1.0,1.0,0.0,0.66,3
mbpp:test:283:0450801f7efb,Qwen3-8B,1.0,1.0,0.0,0.32,3
mbpp:test:682:6c76920e0170,Qwen3-8B,0.0,1.0,1.0,0.49,3
mbpp:test:767:823fabc0cd43,Qwen3-8B,1.0,1.0,0.0,0.65,3
mbpp:test:199:ae48594925ba,Qwen3-8B,1.0,1.0,0.0,0.63,3
mbpp:test:376:78fe3e3293d8,Qwen3-8B,0.0,1.0,1.0,0.65,3
mbpp:test:792:07169678769f,Qwen3-8B,0.0,1.0,1.0,0.61,3
mbpp:test:162:0aaff1eb32e4,Qwen3-8B,0.0,1.0,1.0,0.59,3
mbpp:test:555:d4dca04effbf,Qwen3-8B,0.0,1.0,1.0,0.5,3
mbpp:test:357:e72f3829c3b2,Qwen3-8B,1.0,1.0,0.0,0.55,3
mbpp:test:483:0c0ca9b1affa,Qwen3-8B,0.0,0.0,0.0,0.54,3
mbpp:test:802:bf3d0c89f57b,Qwen3-8B,0.0,1.0,1.0,0.36000000000000004,3
mbpp:test:748:83e0e0335031,Qwen3-8B,1.0,1.0,0.0,0.64,3
medqa:test:945:437cc5b4c2d5,Qwen3-8B,0.0,1.0,1.0,0.24000000000000002,3
medqa:test:493:88c03cec54c9,Qwen3-8B,1.0,1.0,0.0,0.29000000000000004,3
medqa:test:202:3f931fa5d8d2,Qwen3-8B,1.0,1.0,0.0,0.18000000000000002,3
medqa:test:1261:d1ddc55acd3c,Qwen3-8B,1.0,1.0,0.0,0.22,3
medqa:test:394:ed18cfe9092c,Qwen3-8B,1.0,1.0,0.0,0.22,3
medqa:test:16:9a628441de37,Qwen3-8B,0.0,1.0,1.0,0.21000000000000002,3
medqa:test:473:0ce0d3748ec9,Qwen3-8B,1.0,1.0,0.0,0.16,3
medqa:test:1074:164286f4fc39,Qwen3-8B,1.0,1.0,0.0,0.14,3
medqa:test:96:7b16f651d084,Qwen3-8B,1.0,1.0,0.0,0.19,3
medqa:test:1069:2f8c008e884b,Qwen3-8B,1.0,1.0,0.0,0.16,3
medqa:test:1058:2b0fe9465aa6,Qwen3-8B,1.0,1.0,0.0,0.14,3
medqa:test:1017:68dd113a1fea,Qwen3-8B,1.0,1.0,0.0,0.27,3
medqa:test:1135:a1ba24a9b50d,Qwen3-8B,0.0,1.0,1.0,0.22,3
medqa:test:470:2b25ce395256,Qwen3-8B,0.0,1.0,1.0,0.24999999999999997,3
medqa:test:765:0f27d795ceb8,Qwen3-8B,0.0,1.0,1.0,0.17999999999999997,3
medqa:test:916:3d8fcc54a97c,Qwen3-8B,1.0,1.0,0.0,0.19,3
medqa:test:942:f637a8031c41,Qwen3-8B,1.0,1.0,0.0,0.29,3
medqa:test:1081:e64aabd0b43e,Qwen3-8B,1.0,1.0,0.0,0.28,3
medqa:test:1073:d2176ec49355,Qwen3-8B,1.0,1.0,0.0,0.22,3
medqa:test:697:3b5d1aadb4c6,Qwen3-8B,1.0,1.0,0.0,0.15999999999999998,3
medqa:test:122:49ef551c8517,Qwen3-8B,1.0,1.0,0.0,0.13,3
medqa:test:1155:3589fddcec6f,Qwen3-8B,1.0,1.0,0.0,0.09,3
medqa:test:1059:59dea93b94fb,Qwen3-8B,1.0,1.0,0.0,0.21000000000000002,3
medqa:test:1068:c1fe51839c8a,Qwen3-8B,1.0,1.0,0.0,0.21,3
medqa:test:70:0e68a8803f5c,Qwen3-8B,1.0,1.0,0.0,0.29000000000000004,3
medqa:test:1034:c0fcd85c7c0b,Qwen3-8B,1.0,1.0,0.0,0.23,3
medqa:test:47:c46c037e35cc,Qwen3-8B,1.0,1.0,0.0,0.38,3
medqa:test:498:ba0e4057a6ac,Qwen3-8B,0.0,1.0,1.0,0.17999999999999997,3
medqa:test:1014:d8b016da0978,Qwen3-8B,1.0,1.0,0.0,0.29000000000000004,3
medqa:test:460:97268b338fe2,Qwen3-8B,1.0,1.0,0.0,0.41000000000000003,3
medqa:test:554:4ba382664808,Qwen3-8B,1.0,1.0,0.0,0.18,3
medqa:test:160:18d35f8b0d0b,Qwen3-8B,0.0,1.0,1.0,0.27,3
medqa:test:491:44bd4e09408d,Qwen3-8B,1.0,1.0,0.0,0.17,3
medqa:test:367:85212bca1bd8,Qwen3-8B,0.0,1.0,1.0,0.18,3
medqa:test:297:1a7f2da00f88,Qwen3-8B,1.0,1.0,0.0,0.21000000000000002,3
medqa:test:1041:23cb8793b3ab,Qwen3-8B,1.0,1.0,0.0,0.23000000000000004,3
medqa:test:794:6073420a8ec3,Qwen3-8B,1.0,1.0,0.0,0.22,3
medqa:test:428:56b156bc0fed,Qwen3-8B,1.0,1.0,0.0,0.16000000000000003,3
medqa:test:973:9b4589c70a36,Qwen3-8B,1.0,1.0,0.0,0.32999999999999996,3
medqa:test:1048:dd4ba3ea0733,Qwen3-8B,1.0,1.0,0.0,0.19,3
medqa:test:720:e1b4bd73704c,Qwen3-8B,0.0,1.0,1.0,0.16,3
medqa:test:732:990ff6adc51a,Qwen3-8B,1.0,1.0,0.0,0.25,3
medqa:test:502:793afd4fc0f1,Qwen3-8B,0.0,1.0,1.0,0.16999999999999998,3
medqa:test:547:b754311062e1,Qwen3-8B,0.0,1.0,1.0,0.17999999999999997,3
medqa:test:1237:75a7fdc47b7b,Qwen3-8B,1.0,1.0,0.0,0.22999999999999998,3
medqa:test:533:a2c2ee018071,Qwen3-8B,1.0,1.0,0.0,0.26999999999999996,3
medqa:test:848:d747fd1e6771,Qwen3-8B,1.0,1.0,0.0,0.32999999999999996,3
medqa:test:393:a6b6c1682be4,Qwen3-8B,1.0,1.0,0.0,0.23999999999999996,3
medqa:test:416:341b932132de,Qwen3-8B,1.0,1.0,0.0,0.12999999999999998,3
medqa:test:987:e257279dd44f,Qwen3-8B,0.0,0.0,0.0,0.13,3
medqa:test:438:3ca647309a3b,Qwen3-8B,1.0,1.0,0.0,0.22999999999999998,3
medqa:test:735:0957f9742bbe,Qwen3-8B,1.0,1.0,0.0,0.16999999999999998,3
medqa:test:690:2cf34abad0b3,Qwen3-8B,0.0,1.0,1.0,0.22,3
medqa:test:242:0013914c4dd5,Qwen3-8B,0.0,1.0,1.0,0.21,3
medqa:test:773:6853a39b1c31,Qwen3-8B,0.0,1.0,1.0,0.17999999999999997,3
medqa:test:1238:9962f61e51d8,Qwen3-8B,1.0,1.0,0.0,0.17,3
medqa:test:366:f7d43f77aca3,Qwen3-8B,1.0,1.0,0.0,0.18000000000000002,3
medqa:test:1199:4f6f615ac86d,Qwen3-8B,0.0,1.0,1.0,0.19,3
medqa:test:1013:ab7aed91848c,Qwen3-8B,1.0,1.0,0.0,0.22999999999999998,3
medqa:test:1133:70a8182a6024,Qwen3-8B,0.0,1.0,1.0,0.19999999999999998,3
medqa:test:656:c59a9047a67d,Qwen3-8B,1.0,1.0,0.0,0.16999999999999998,3
medqa:test:745:66cab98bc543,Qwen3-8B,1.0,1.0,0.0,0.16000000000000003,3
medqa:test:346:7d1905522b95,Qwen3-8B,1.0,1.0,0.0,0.31000000000000005,3
medqa:test:1062:793a650a818e,Qwen3-8B,1.0,1.0,0.0,0.36,3
medqa:test:145:61f5e42fa218,Qwen3-8B,0.0,1.0,1.0,0.16999999999999998,3
medqa:test:386:0c3054634aca,Qwen3-8B,1.0,1.0,0.0,0.24999999999999997,3
medqa:test:315:ff9500beb387,Qwen3-8B,0.0,1.0,1.0,0.28,3
medqa:test:605:468754295cd4,Qwen3-8B,1.0,1.0,0.0,0.24999999999999997,3
medqa:test:1177:1f49b85d9495,Qwen3-8B,0.0,1.0,1.0,0.18,3
medqa:test:969:f41bcc8fd3b7,Qwen3-8B,1.0,1.0,0.0,0.2,3
medqa:test:1112:46f8c9eb981f,Qwen3-8B,1.0,1.0,0.0,0.23,3
medqa:test:327:1b7d87f5bcb7,Qwen3-8B,1.0,1.0,0.0,0.24000000000000002,3
medqa:test:1106:d46e1815de9a,Qwen3-8B,1.0,1.0,0.0,0.28,3
medqa:test:871:2e1329b0fb0c,Qwen3-8B,1.0,1.0,0.0,0.30999999999999994,3
medqa:test:378:5d5d01e98d43,Qwen3-8B,1.0,1.0,0.0,0.19999999999999998,3
medqa:test:31:b7faa7c48c4c,Qwen3-8B,1.0,1.0,0.0,0.12000000000000002,3
medqa:test:1128:6c55af0afa13,Qwen3-8B,1.0,1.0,0.0,0.12999999999999998,3
medqa:test:566:15b925ac628a,Qwen3-8B,1.0,1.0,0.0,0.24,3
medqa:test:250:36f14e8dbaba,Qwen3-8B,1.0,1.0,0.0,0.15000000000000002,3
medqa:test:579:b471720c197a,Qwen3-8B,1.0,1.0,0.0,0.23999999999999996,3
medqa:test:731:1c6cb032ed12,Qwen3-8B,1.0,1.0,0.0,0.17000000000000004,3
medqa:test:711:bc43f1cfcb10,Qwen3-8B,1.0,1.0,0.0,0.17000000000000004,3
medqa:test:1211:99366f4df469,Qwen3-8B,1.0,1.0,0.0,0.29000000000000004,3
medqa:test:6:2903528959a6,Qwen3-8B,1.0,1.0,0.0,0.39,3
medqa:test:165:37f625ad4ccc,Qwen3-8B,1.0,1.0,0.0,0.28,3
medqa:test:946:88060a13140b,Qwen3-8B,0.0,1.0,1.0,0.14999999999999997,3
medqa:test:1207:9be3b15cc25d,Qwen3-8B,1.0,1.0,0.0,0.17,3
medqa:test:723:1de57b7f562e,Qwen3-8B,1.0,1.0,0.0,0.23,3
medqa:test:1042:54c5bddee38b,Qwen3-8B,1.0,1.0,0.0,0.13,3
medqa:test:441:3ccc0479f143,Qwen3-8B,1.0,1.0,0.0,0.25,3
medqa:test:432:f9c4062b083f,Qwen3-8B,0.0,1.0,1.0,0.24,3
medqa:test:61:6dbb9044c1d6,Qwen3-8B,1.0,1.0,0.0,0.22000000000000003,3
medqa:test:194:8fbbe9cb985b,Qwen3-8B,1.0,1.0,0.0,0.22000000000000003,3
medqa:test:153:faca95ed83c4,Qwen3-8B,1.0,1.0,0.0,0.10000000000000003,3
medqa:test:792:fdec3c7be6f1,Qwen3-8B,0.0,1.0,1.0,0.13,3
medqa:test:1065:1f95aa7aec0d,Qwen3-8B,1.0,1.0,0.0,0.31999999999999995,3
medqa:test:1125:8c86a44e1509,Qwen3-8B,1.0,1.0,0.0,0.18999999999999997,3
medqa:test:251:e9884d1af07a,Qwen3-8B,0.0,1.0,1.0,0.23,3
medqa:test:230:b7a530d7e262,Qwen3-8B,1.0,1.0,0.0,0.21,3
medqa:test:995:6219e2551443,Qwen3-8B,1.0,1.0,0.0,0.26,3
medqa:test:1231:36708f9640c8,Qwen3-8B,1.0,1.0,0.0,0.19,3
medqa:test:447:07f18fe771f4,Qwen3-8B,0.0,1.0,1.0,0.15,3
medqa:test:979:8bd66c20916a,Qwen3-8B,1.0,1.0,0.0,0.24999999999999997,3
medqa:test:1157:31adaed54b02,Qwen3-8B,1.0,1.0,0.0,0.26,3
medqa:test:4:452945b4ab69,Qwen3-8B,0.0,1.0,1.0,0.18999999999999997,3
medqa:test:1228:91bc426010b0,Qwen3-8B,0.0,0.0,0.0,0.24999999999999997,3
medqa:test:405:196fdf84b1c8,Qwen3-8B,1.0,1.0,0.0,0.22,3
medqa:test:62:d11f9a3d0325,Qwen3-8B,1.0,1.0,0.0,0.12999999999999998,3
medqa:test:1121:148ef0d2d9c1,Qwen3-8B,1.0,1.0,0.0,0.28,3
medqa:test:824:a369143e9ddb,Qwen3-8B,0.0,1.0,1.0,0.15,3
medqa:test:496:e0899311b422,Qwen3-8B,1.0,1.0,0.0,0.18999999999999997,3
medqa:test:670:5ccc1804ec41,Qwen3-8B,1.0,1.0,0.0,0.23999999999999996,3
medqa:test:76:497adcc9be71,Qwen3-8B,0.0,1.0,1.0,0.22,3
medqa:test:1071:978b37b3f1c7,Qwen3-8B,1.0,1.0,0.0,0.14,3
medqa:test:478:d84ffbfa016b,Qwen3-8B,0.0,1.0,1.0,0.13,3
medqa:test:900:3e599f56bb4b,Qwen3-8B,0.0,1.0,1.0,0.23,3
medqa:test:768:8a8b4de45e6e,Qwen3-8B,1.0,1.0,0.0,0.27,3
medqa:test:229:fb609a38d811,Qwen3-8B,1.0,1.0,0.0,0.31999999999999995,3
medqa:test:816:d31c5b6d99f9,Qwen3-8B,1.0,1.0,0.0,0.27,3
medqa:test:59:7f008f39622e,Qwen3-8B,1.0,1.0,0.0,0.30000000000000004,3
medqa:test:681:cbeda79b9234,Qwen3-8B,1.0,1.0,0.0,0.25,3
medqa:test:162:32b84a3cc27b,Qwen3-8B,1.0,1.0,0.0,0.23000000000000004,3
medqa:test:507:79b2b56244fa,Qwen3-8B,1.0,1.0,0.0,0.21,3
medqa:test:712:5d23268b5f4e,Qwen3-8B,1.0,1.0,0.0,0.31000000000000005,3
medqa:test:1126:167e47ae6f2f,Qwen3-8B,1.0,1.0,0.0,0.25,3
medqa:test:888:56923ffb8961,Qwen3-8B,0.0,1.0,1.0,0.19999999999999998,3
medqa:test:805:d5156c06b92b,Qwen3-8B,1.0,1.0,0.0,0.28,3
medqa:test:873:6b7a882e25a6,Qwen3-8B,1.0,1.0,0.0,0.16999999999999998,3
medqa:test:267:38fc859d3615,Qwen3-8B,1.0,1.0,0.0,0.16999999999999998,3
medqa:test:225:5893fed3e149,Qwen3-8B,1.0,1.0,0.0,0.17000000000000004,3
medqa:test:108:0d4cc6a4b66f,Qwen3-8B,0.0,1.0,1.0,0.13,3
medqa:test:771:a83b7f00be06,Qwen3-8B,1.0,1.0,0.0,0.07,3
medqa:test:308:6fcd2acb4c34,Qwen3-8B,0.0,1.0,1.0,0.16999999999999998,3
medqa:test:1172:0b00548e050b,Qwen3-8B,1.0,1.0,0.0,0.23,3
medqa:test:77:feebf9da384c,Qwen3-8B,1.0,1.0,0.0,0.30000000000000004,3
medqa:test:427:c812fbd326bc,Qwen3-8B,1.0,1.0,0.0,0.19,3
medqa:test:1191:99d08e4130c2,Qwen3-8B,1.0,1.0,0.0,0.13,3
medqa:test:1038:dc6b478a7eb7,Qwen3-8B,1.0,1.0,0.0,0.21,3
medqa:test:32:b659d6c8a067,Qwen3-8B,1.0,1.0,0.0,0.21,3
medqa:test:982:4046bb958dd1,Qwen3-8B,1.0,1.0,0.0,0.16000000000000003,3
medqa:test:821:fc9b16642bd2,Qwen3-8B,1.0,1.0,0.0,0.28,3
medqa:test:392:65e2f4ae0801,Qwen3-8B,1.0,1.0,0.0,0.27,3
medqa:test:215:840cb587339a,Qwen3-8B,1.0,1.0,0.0,0.13,3
medqa:test:646:1afe706781c5,Qwen3-8B,0.0,1.0,1.0,0.18000000000000002,3
medqa:test:822:ea5a4f212c8b,Qwen3-8B,1.0,1.0,0.0,0.16999999999999996,3
medqa:test:775:0a794df84456,Qwen3-8B,1.0,1.0,0.0,0.2,3
medqa:test:865:3db20b37545d,Qwen3-8B,1.0,1.0,0.0,0.32999999999999996,3
medqa:test:772:e0afee5b5a4c,Qwen3-8B,0.0,1.0,1.0,0.22,3
medqa:test:930:74bd8850c321,Qwen3-8B,1.0,1.0,0.0,0.17,3
medqa:test:1084:0bdaa026d608,Qwen3-8B,1.0,1.0,0.0,0.28,3
medqa:test:1066:cc21d8421249,Qwen3-8B,1.0,1.0,0.0,0.24999999999999997,3
medqa:test:384:696edb7cb121,Qwen3-8B,1.0,1.0,0.0,0.30000000000000004,3
medqa:test:641:b613647cd9e9,Qwen3-8B,1.0,1.0,0.0,0.26,3
medqa:test:678:081ea7086028,Qwen3-8B,0.0,1.0,1.0,0.36,3
medqa:test:305:88ebca760c23,Qwen3-8B,1.0,1.0,0.0,0.16999999999999998,3
medqa:test:296:cba803eaca28,Qwen3-8B,1.0,1.0,0.0,0.29000000000000004,3
medqa:test:831:815006f02d01,Qwen3-8B,1.0,1.0,0.0,0.21,3
medqa:test:548:f612ba0ac21b,Qwen3-8B,1.0,1.0,0.0,0.4,3
medqa:test:1094:eb68e3dcb90d,Qwen3-8B,1.0,1.0,0.0,0.21,3
medqa:test:612:dfc63e667c5c,Qwen3-8B,1.0,1.0,0.0,0.16999999999999998,3
medqa:test:562:6bb135cb2a14,Qwen3-8B,1.0,1.0,0.0,0.28,3
medqa:test:669:39a9c34cf751,Qwen3-8B,1.0,1.0,0.0,0.28,3
medqa:test:1152:d5897f67146c,Qwen3-8B,0.0,1.0,1.0,0.16,3
medqa:test:481:309df1b78474,Qwen3-8B,0.0,1.0,1.0,0.22,3
medqa:test:598:9bf0c1e0ce37,Qwen3-8B,1.0,1.0,0.0,0.19,3
medqa:test:1230:5844c4f43c40,Qwen3-8B,0.0,1.0,1.0,0.30999999999999994,3
medqa:test:1108:3c930e4e7396,Qwen3-8B,0.0,1.0,1.0,0.16,3
medqa:test:189:88984b528709,Qwen3-8B,1.0,1.0,0.0,0.21000000000000002,3
medqa:test:1185:7d22f9f93077,Qwen3-8B,1.0,1.0,0.0,0.19999999999999998,3
medqa:test:336:ec9868428f52,Qwen3-8B,1.0,1.0,0.0,0.32000000000000006,3
medqa:test:223:36bd061463a6,Qwen3-8B,1.0,1.0,0.0,0.18999999999999997,3
medqa:test:836:b7f3ae2e4626,Qwen3-8B,1.0,1.0,0.0,0.21,3
medqa:test:1053:0b470ba8de41,Qwen3-8B,1.0,1.0,0.0,0.23,3
medqa:test:279:1bd0804aba17,Qwen3-8B,0.0,1.0,1.0,0.36,3
medqa:test:98:b77674cf8672,Qwen3-8B,1.0,1.0,0.0,0.14,3
medqa:test:322:c54a7ef025b5,Qwen3-8B,0.0,1.0,1.0,0.33999999999999997,3
medqa:test:978:48da13b925c3,Qwen3-8B,1.0,1.0,0.0,0.37,3
medqa:test:963:c930709f89f4,Qwen3-8B,1.0,1.0,0.0,0.31999999999999995,3
medqa:test:359:a26a7b4dad1b,Qwen3-8B,0.0,1.0,1.0,0.23999999999999996,3
medqa:test:769:71c2ef46f89a,Qwen3-8B,1.0,1.0,0.0,0.18,3
medqa:test:845:8d1daab9bc11,Qwen3-8B,1.0,1.0,0.0,0.21,3
medqa:test:856:19956f7fc21e,Qwen3-8B,1.0,1.0,0.0,0.18,3
medqa:test:1160:7e8d252ad3bb,Qwen3-8B,1.0,1.0,0.0,0.17,3
medqa:test:691:de7486b6396a,Qwen3-8B,1.0,1.0,0.0,0.15,3
medqa:test:621:645fc59733a7,Qwen3-8B,1.0,1.0,0.0,0.19,3
medqa:test:1123:c5c02ecc8778,Qwen3-8B,1.0,1.0,0.0,0.25,3
medqa:test:850:0a692ba45105,Qwen3-8B,1.0,1.0,0.0,0.12000000000000002,3
medqa:test:79:570becd7a563,Qwen3-8B,0.0,1.0,1.0,0.16999999999999998,3
medqa:test:920:0234a94dc97e,Qwen3-8B,1.0,1.0,0.0,0.14,3
medqa:test:699:0fbf04f4b899,Qwen3-8B,1.0,1.0,0.0,0.24,3
medqa:test:1115:98693109b90a,Qwen3-8B,0.0,0.0,0.0,0.15,3
medqa:test:1129:f8115dcec670,Qwen3-8B,1.0,1.0,0.0,0.19,3
medqa:test:479:08e98123c313,Qwen3-8B,1.0,1.0,0.0,0.15,3
medqa:test:625:3158508b894b,Qwen3-8B,1.0,1.0,0.0,0.35,3
medqa:test:629:220f62ecaa23,Qwen3-8B,1.0,1.0,0.0,0.23999999999999996,3
medqa:test:256:299299f84894,Qwen3-8B,1.0,1.0,0.0,0.11000000000000004,3
medqa:test:211:dd7ecd58958b,Qwen3-8B,1.0,1.0,0.0,0.17999999999999997,3
medqa:test:1263:db4f42852966,Qwen3-8B,1.0,1.0,0.0,0.16,3
medqa:test:52:1db4d2b8d5a9,Qwen3-8B,1.0,1.0,0.0,0.27,3
medqa:test:434:0cc97d615b2f,Qwen3-8B,1.0,1.0,0.0,0.23999999999999996,3
medqa:test:3:470ca718df37,Qwen3-8B,1.0,1.0,0.0,0.25,3
medqa:test:1143:a2c3f5a777f7,Qwen3-8B,1.0,1.0,0.0,0.32000000000000006,3
medqa:test:298:7033427bec49,Qwen3-8B,0.0,1.0,1.0,0.26,3
medqa:test:955:8fa8e7b75070,Qwen3-8B,1.0,1.0,0.0,0.22000000000000003,3
medqa:test:820:be2e94695d1a,Qwen3-8B,1.0,1.0,0.0,0.18,3
medqa:test:682:75bfcdefb8c1,Qwen3-8B,1.0,1.0,0.0,0.28,3
medqa:test:542:1294a66d59b4,Qwen3-8B,1.0,1.0,0.0,0.04999999999999999,3
medqa:test:131:ed98bb039117,Qwen3-8B,1.0,1.0,0.0,0.25,3
medqa:test:752:04a35650c4c2,Qwen3-8B,0.0,1.0,1.0,0.23,3
medqa:test:878:7174fef2fe7a,Qwen3-8B,1.0,1.0,0.0,0.17,3
medqa:test:1004:9ee310b749a8,Qwen3-8B,0.0,1.0,1.0,0.19,3
medqa:test:466:7bba4b603038,Qwen3-8B,1.0,1.0,0.0,0.24000000000000002,3
medqa:test:895:12d8dd386a5b,Qwen3-8B,1.0,1.0,0.0,0.29000000000000004,3
medqa:test:186:247a8a18f696,Qwen3-8B,1.0,1.0,0.0,0.16000000000000003,3
medqa:test:206:10cced51fdc4,Qwen3-8B,1.0,1.0,0.0,0.14999999999999997,3
medqa:test:1150:889fa488c58e,Qwen3-8B,0.0,1.0,1.0,0.21,3
medqa:test:455:2abce47c3c27,Qwen3-8B,0.0,1.0,1.0,0.24000000000000002,3
medqa:test:1203:044182cd43cd,Qwen3-8B,1.0,1.0,0.0,0.22999999999999998,3
medqa:test:463:ef0d18ec26a4,Qwen3-8B,1.0,1.0,0.0,0.39,3
medqa:test:142:bebba5f632bc,Qwen3-8B,1.0,1.0,0.0,0.25,3
medqa:test:252:42d2164b8a52,Qwen3-8B,1.0,1.0,0.0,0.23,3
medqa:test:763:aada0cbc8f8c,Qwen3-8B,0.0,1.0,1.0,0.26,3
medqa:test:881:ee9b30a7681a,Qwen3-8B,0.0,1.0,1.0,0.17999999999999997,3
medqa:test:341:78f480460752,Qwen3-8B,0.0,1.0,1.0,0.27999999999999997,3
medqa:test:539:19f756ffecfe,Qwen3-8B,1.0,1.0,0.0,0.18000000000000002,3
medqa:test:273:f31b1128da89,Qwen3-8B,1.0,1.0,0.0,0.24000000000000002,3
medqa:test:1070:7ce48fa8f5a7,Qwen3-8B,1.0,1.0,0.0,0.25,3
medqa:test:525:2be6e852dce8,Qwen3-8B,0.0,1.0,1.0,0.21,3
medqa:test:260:d234254a358a,Qwen3-8B,1.0,1.0,0.0,0.21,3
medqa:test:1243:43c5809da6fa,Qwen3-8B,1.0,1.0,0.0,0.19999999999999998,3
medqa:test:1178:397ace7f0881,Qwen3-8B,1.0,1.0,0.0,0.19,3
medqa:test:1012:b579d90ea281,Qwen3-8B,1.0,1.0,0.0,0.16999999999999998,3
medqa:test:1266:138dc98f049e,Qwen3-8B,1.0,1.0,0.0,0.21000000000000002,3
medqa:test:631:dd9a0923db01,Qwen3-8B,0.0,1.0,1.0,0.22000000000000003,3
medqa:test:1077:77b9c273f7b3,Qwen3-8B,0.0,1.0,1.0,0.15999999999999998,3
medqa:test:892:acca81779ed5,Qwen3-8B,1.0,1.0,0.0,0.32,3
medqa:test:1027:aeb8771ab717,Qwen3-8B,0.0,1.0,1.0,0.18999999999999997,3
medqa:test:541:1c868e98c177,Qwen3-8B,1.0,1.0,0.0,0.21999999999999997,3
medqa:test:835:26d84657a9af,Qwen3-8B,1.0,1.0,0.0,0.24999999999999997,3
medqa:test:704:b39a60f0433a,Qwen3-8B,1.0,1.0,0.0,0.18,3
medqa:test:1005:0310069ce88a,Qwen3-8B,1.0,1.0,0.0,0.30000000000000004,3
medqa:test:929:f0bb09e17c0f,Qwen3-8B,1.0,1.0,0.0,0.29000000000000004,3
medqa:test:1011:f4996885e96c,Qwen3-8B,1.0,1.0,0.0,0.22,3
medqa:test:1253:ddbf12c5beac,Qwen3-8B,1.0,1.0,0.0,0.15,3
medqa:test:307:d0e99d87312f,Qwen3-8B,1.0,1.0,0.0,0.18999999999999997,3
medqa:test:526:591c53ea6d4e,Qwen3-8B,1.0,1.0,0.0,0.19999999999999998,3
medqa:test:922:f7f424883987,Qwen3-8B,1.0,1.0,0.0,0.16000000000000003,3
medqa:test:523:3b6df44e20f7,Qwen3-8B,1.0,1.0,0.0,0.21,3
medqa:test:761:11315bfdf6ab,Qwen3-8B,1.0,1.0,0.0,0.23999999999999996,3
medqa:test:589:a0e249fc58ad,Qwen3-8B,1.0,1.0,0.0,0.17999999999999997,3
medqa:test:46:a2c0dc1366ef,Qwen3-8B,1.0,1.0,0.0,0.24000000000000002,3
medqa:test:81:872fdec019b4,Qwen3-8B,1.0,1.0,0.0,0.16000000000000003,3
medqa:test:203:dfae73bf6ff0,Qwen3-8B,0.0,0.0,0.0,0.07999999999999996,3
medqa:test:484:d38272c04857,Qwen3-8B,0.0,1.0,1.0,0.26,3
meld:test:266:38b4b50bdbbd,Qwen3-8B,0.0,1.0,1.0,0.06,3
meld:test:166:fdbe8e4e3189,Qwen3-8B,0.0,1.0,1.0,0.03999999999999998,3
meld:test:731:619068d5d555,Qwen3-8B,1.0,1.0,0.0,0.04999999999999999,3
meld:test:889:39e13638baa1,Qwen3-8B,1.0,1.0,0.0,0.07,3
meld:test:672:df5e1f87c71f,Qwen3-8B,1.0,1.0,0.0,0.0,3
meld:test:650:5c6f636c177c,glm-4-9b-chat,0.0,1.0,1.0,0.010000000000000009,3
meld:test:1050:80e0d67cec88,Qwen3-8B,1.0,1.0,0.0,0.03999999999999998,3
meld:test:118:99030cdbe5ad,Qwen3-8B,1.0,1.0,0.0,0.04000000000000001,3
meld:test:550:15d366cd1612,Qwen3-8B,1.0,1.0,0.0,0.08000000000000002,3
meld:test:1079:126a6fcbdbac,glm-4-9b-chat,0.0,0.0,0.0,0.020000000000000018,3
meld:test:473:a6e0ebccf825,Qwen3-8B,1.0,1.0,0.0,0.03,3
meld:test:912:b5b8360d6cb0,Qwen3-8B,1.0,1.0,0.0,0.05000000000000002,3
meld:test:316:c4191837d704,Qwen3-8B,1.0,1.0,0.0,0.01999999999999999,3
meld:test:576:c5aebdb628bf,Qwen3-8B,1.0,1.0,0.0,0.01999999999999999,3
meld:test:358:300b14ee556c,Qwen3-8B,0.0,1.0,1.0,0.08000000000000002,3
meld:test:273:5c7896cddea4,Qwen3-8B,0.0,1.0,1.0,0.07,3
meld:test:507:fdded50d12c4,Qwen3-8B,0.0,0.0,0.0,0.04000000000000001,3
meld:test:430:5a25c4d37641,Qwen3-8B,1.0,1.0,0.0,0.0,3
meld:test:284:5bb5303bcd97,Qwen3-8B,1.0,1.0,0.0,0.06,3
meld:test:903:9cea522f82c4,Qwen3-8B,1.0,1.0,0.0,0.12,3
meld:test:880:824047590242,Qwen3-8B,1.0,1.0,0.0,0.07999999999999999,3
meld:test:520:b0eaf58522d4,Qwen3-8B,0.0,1.0,1.0,0.0,3
meld:test:824:42eb4c5ab71a,Qwen3-8B,1.0,1.0,0.0,0.12,3
meld:test:165:baf74eaa231f,Qwen3-8B,1.0,1.0,0.0,0.07,3
meld:test:547:10f79f435abf,Qwen3-8B,1.0,1.0,0.0,0.07,3
meld:test:1223:b6162d29ba9e,Qwen3-8B,0.0,1.0,1.0,0.07999999999999999,3
meld:test:169:612289f43b7d,Qwen3-8B,1.0,1.0,0.0,0.04000000000000001,3
meld:test:1144:596abcac0dde,Qwen3-8B,0.0,1.0,1.0,0.09,3
meld:test:150:248727e35f12,Qwen3-8B,0.0,0.0,0.0,0.010000000000000009,3
meld:test:995:cf57d2705108,Qwen3-8B,0.0,0.0,0.0,0.08000000000000002,3
meld:test:757:ce2f0c445dee,Qwen3-8B,1.0,1.0,0.0,0.06,3
meld:test:575:f3650a4e210c,Qwen3-8B,0.0,1.0,1.0,0.05999999999999997,3
meld:test:512:891176f41ec4,Qwen3-8B,1.0,1.0,0.0,0.05000000000000002,3
meld:test:499:a92579ca8c39,glm-4-9b-chat,0.0,0.0,0.0,0.010000000000000009,3
meld:test:1096:9510b333f49d,Qwen3-8B,1.0,1.0,0.0,0.04000000000000001,3
meld:test:287:04c4300855f4,Qwen3-8B,0.0,0.0,0.0,0.060000000000000026,3
meld:test:991:c036dadc064b,Qwen3-8B,1.0,1.0,0.0,0.04999999999999999,3
meld:test:707:d4bddf8758d5,Qwen3-8B,1.0,1.0,0.0,0.07,3
meld:test:321:ceaab8926b5b,Qwen3-8B,1.0,1.0,0.0,0.03,3
meld:test:654:36a1adc5824d,Qwen3-8B,0.0,1.0,1.0,0.05999999999999997,3
meld:test:723:d5b41d1fc49f,Qwen3-8B,1.0,1.0,0.0,0.09999999999999998,3
meld:test:139:7973ef834225,Qwen3-8B,1.0,1.0,0.0,0.07,3
meld:test:887:4129cd3d5685,Qwen3-8B,1.0,1.0,0.0,0.04999999999999999,3
meld:test:1034:ae94c559b6fa,Qwen3-8B,0.0,1.0,1.0,0.009999999999999981,3
meld:test:684:c00d1ed72d01,Qwen3-8B,1.0,1.0,0.0,0.04999999999999999,3
meld:test:455:b3d5f1008da6,Qwen3-8B,1.0,1.0,0.0,0.13,3
meld:test:1119:3e69f43642e7,Qwen3-8B,0.0,1.0,1.0,0.06,3
meld:test:1130:d1f81c7110d1,Qwen3-8B,0.0,0.0,0.0,0.06,3
meld:test:55:59a1ea31d58a,Qwen3-8B,1.0,1.0,0.0,0.010000000000000009,3
meld:test:156:ce92dd711842,Qwen3-8B,1.0,1.0,0.0,0.06,3
meld:test:10:b80cc6fd8dc9,Qwen3-8B,0.0,1.0,1.0,0.07,3
meld:test:36:1d067ee7abde,glm-4-9b-chat,0.0,0.0,0.0,0.04000000000000001,3
meld:test:1185:d31677caec4e,Qwen3-8B,1.0,1.0,0.0,0.09999999999999998,3
meld:test:376:9b8317302a67,Qwen3-8B,0.0,1.0,1.0,0.05000000000000002,3
meld:test:108:d05a85a8584a,Qwen3-8B,0.0,0.0,0.0,0.06,3
meld:test:1201:529f694dce3f,Qwen3-8B,1.0,1.0,0.0,0.01999999999999999,3
meld:test:1187:c473ec39eba7,Qwen3-8B,1.0,1.0,0.0,0.08000000000000002,3
meld:test:1221:7b6aeeb1078c,Qwen3-8B,0.0,1.0,1.0,0.04000000000000001,3
meld:test:979:539879eefca7,Qwen3-8B,1.0,1.0,0.0,0.03,3
meld:test:637:acf8c4add48c,Qwen3-8B,0.0,0.0,0.0,0.010000000000000009,3
meld:test:734:49790c9371ef,Qwen3-8B,1.0,1.0,0.0,0.11000000000000001,3
meld:test:1071:b2eb455d001f,Qwen3-8B,1.0,1.0,0.0,0.04000000000000001,3
meld:test:900:0405694647a9,Qwen3-8B,0.0,0.0,0.0,0.010000000000000009,3
meld:test:280:05f0627a5d8b,Qwen3-8B,1.0,1.0,0.0,0.07999999999999999,3
meld:test:980:b71c1b4a7498,Qwen3-8B,1.0,1.0,0.0,0.03,3
meld:test:161:0b8c28217d57,Qwen3-8B,0.0,1.0,1.0,0.009999999999999981,3
meld:test:969:8272337ea86b,Qwen3-8B,0.0,0.0,0.0,0.08000000000000002,3
meld:test:293:d8c7bac3d3f8,Qwen3-8B,1.0,1.0,0.0,0.04000000000000001,3
meld:test:221:0c9407582fd9,Qwen3-8B,0.0,1.0,1.0,0.07,3
meld:test:1045:13a6b78289fa,Qwen3-8B,0.0,1.0,1.0,0.07999999999999999,3
meld:test:601:003b2ee5f1b0,Qwen3-8B,0.0,0.0,0.0,0.06999999999999998,3
meld:test:895:50dbbcc2fe2c,Qwen3-8B,1.0,1.0,0.0,0.04999999999999999,3
meld:test:996:aa8bc1501d48,Qwen3-8B,0.0,1.0,1.0,0.04000000000000001,3
meld:test:1016:f7016c61b24c,Qwen3-8B,0.0,1.0,1.0,0.04999999999999999,3
meld:test:1154:a9e2e92ccac9,Qwen3-8B,0.0,0.0,0.0,0.009999999999999981,3
meld:test:56:22be64026c93,Qwen3-8B,0.0,1.0,1.0,0.04999999999999999,3
meld:test:516:50bf64dcecaf,Qwen3-8B,1.0,1.0,0.0,0.07,3
meld:test:386:d88c7f52e6ee,Qwen3-8B,1.0,1.0,0.0,0.01999999999999999,3
meld:test:733:03fea4d9fce5,Qwen3-8B,0.0,1.0,1.0,0.06,3
meld:test:1035:e27db5553f4f,Qwen3-8B,1.0,1.0,0.0,0.06,3
meld:test:215:237adb4605bf,Qwen3-8B,0.0,1.0,1.0,0.03999999999999998,3
meld:test:1059:1872acb6a64e,Qwen3-8B,0.0,1.0,1.0,0.04000000000000001,3
meld:test:467:4c640217d2c0,Qwen3-8B,1.0,1.0,0.0,0.03,3
meld:test:587:4c342a5c16ae,Qwen3-8B,1.0,1.0,0.0,0.01999999999999999,3
meld:test:421:98d485b23281,Qwen3-8B,0.0,0.0,0.0,0.04999999999999999,3
meld:test:666:3879c35bfb48,Qwen3-8B,0.0,1.0,1.0,0.03,3
meld:test:635:b1183f89ffa6,Qwen3-8B,1.0,1.0,0.0,0.04000000000000001,3
meld:test:393:de7a44d56672,Qwen3-8B,0.0,0.0,0.0,0.10999999999999999,3
meld:test:438:bf91afb716bc,Qwen3-8B,0.0,1.0,1.0,0.020000000000000018,3
meld:test:25:a5a5cee8da8e,Qwen3-8B,1.0,1.0,0.0,0.06,3
meld:test:444:8c236d574f6b,Qwen3-8B,1.0,1.0,0.0,0.04000000000000001,3
meld:test:883:9852720618dd,Qwen3-8B,0.0,1.0,1.0,0.10999999999999999,3
meld:test:1063:900478cee9dc,Qwen3-8B,1.0,1.0,0.0,0.09,3
meld:test:18:057652741cdb,Qwen3-8B,1.0,1.0,0.0,0.1,3
meld:test:1006:a64d30b26045,Qwen3-8B,0.0,1.0,1.0,0.07,3
meld:test:248:194c0bc8f06d,Qwen3-8B,1.0,1.0,0.0,0.06,3
meld:test:646:44c2eb317441,glm-4-9b-chat,1.0,1.0,0.0,0.009999999999999981,3
meld:test:1072:c1a82606357c,Qwen3-8B,0.0,1.0,1.0,0.05000000000000002,3
meld:test:39:ac44e1971715,Qwen3-8B,1.0,1.0,0.0,0.020000000000000018,3
meld:test:1169:f6624d80d710,Qwen3-8B,0.0,1.0,1.0,0.03,3
meld:test:738:cadf9b72767d,Qwen3-8B,1.0,1.0,0.0,0.03999999999999998,3
meld:test:504:75b7c7877e82,Qwen3-8B,1.0,1.0,0.0,0.07,3
meld:test:578:311fc36dd670,Qwen3-8B,1.0,1.0,0.0,0.04000000000000001,3
meld:test:577:3def46751083,Qwen3-8B,0.0,1.0,1.0,0.09000000000000002,3
meld:test:540:af1c37ee7ffb,Qwen3-8B,0.0,1.0,1.0,0.07,3
meld:test:1013:c9970ae94e03,Qwen3-8B,1.0,1.0,0.0,0.03,3
meld:test:997:5f0edd535f3a,Qwen3-8B,1.0,1.0,0.0,0.010000000000000009,3
meld:test:122:2a65e9bce619,Qwen3-8B,1.0,1.0,0.0,0.03999999999999998,3
meld:test:373:ba6b2fdf10f1,Qwen3-8B,0.0,1.0,1.0,0.06,3
meld:test:762:e6cef3260af3,Qwen3-8B,0.0,1.0,1.0,0.0,3
meld:test:134:26a480abc20f,Qwen3-8B,1.0,1.0,0.0,0.020000000000000018,3
meld:test:83:59da3dac19b4,Qwen3-8B,1.0,1.0,0.0,0.04999999999999999,3
meld:test:434:77b06e660bc0,Qwen3-8B,0.0,0.0,0.0,0.10999999999999999,3
meld:test:683:1528525715c0,Qwen3-8B,1.0,1.0,0.0,0.06,3
meld:test:1043:d52b65e40c60,glm-4-9b-chat,1.0,1.0,0.0,0.0,3
meld:test:992:03bb744c5dc6,Qwen3-8B,1.0,1.0,0.0,0.08000000000000002,3
meld:test:1062:2141fa2621d1,Qwen3-8B,0.0,1.0,1.0,0.06,3
meld:test:104:51ad239abcfe,Qwen3-8B,0.0,1.0,1.0,0.03,3
meld:test:803:8238a7821231,Qwen3-8B,1.0,1.0,0.0,0.04000000000000001,3
meld:test:857:222f6fe065c9,Qwen3-8B,0.0,1.0,1.0,0.07,3
meld:test:131:10d163977e14,Qwen3-8B,0.0,1.0,1.0,0.09000000000000002,3
meld:test:847:6ce331dab7c3,glm-4-9b-chat,1.0,1.0,0.0,0.01999999999999999,3
meld:test:490:6d57c6172bc6,glm-4-9b-chat,0.0,1.0,1.0,0.030000000000000027,3
meld:test:173:d92855256ad7,Qwen3-8B,1.0,1.0,0.0,0.0,3
meld:test:1182:f6707830dd83,Qwen3-8B,1.0,1.0,0.0,0.04000000000000001,3
meld:test:801:f0457e86eccf,Qwen3-8B,0.0,1.0,1.0,0.04999999999999999,3
meld:test:636:21f2f6e66d02,Qwen3-8B,1.0,1.0,0.0,0.04999999999999999,3
meld:test:574:b6e7d4daf5f0,Qwen3-8B,1.0,1.0,0.0,0.04999999999999999,3
meld:test:265:2a1507011476,Qwen3-8B,0.0,1.0,1.0,0.05000000000000002,3
meld:test:454:54612d2cc255,Qwen3-8B,1.0,1.0,0.0,0.04000000000000001,3
meld:test:525:3dcfff6b3efa,Qwen3-8B,0.0,1.0,1.0,0.01999999999999999,3
meld:test:1053:4ec6fd2f5afd,gemma-2-9b-it,1.0,1.0,0.0,0.010000000000000009,3
meld:test:652:1a5d56ebcddf,Qwen3-8B,0.0,0.0,0.0,0.0,3
meld:test:483:5a7390b44013,Qwen3-8B,1.0,1.0,0.0,0.06,3
meld:test:606:b842b47284f3,Qwen3-8B,0.0,0.0,0.0,0.06,3
meld:test:1142:fa3286eba254,Qwen3-8B,1.0,1.0,0.0,0.03999999999999998,3
meld:test:1027:a44b7dc6b549,Qwen3-8B,1.0,1.0,0.0,0.06,3
meld:test:1226:63680d99b7ff,Qwen3-8B,1.0,1.0,0.0,0.12,3
meld:test:605:0d03e96996f3,Qwen3-8B,0.0,1.0,1.0,0.07,3
meld:test:117:faa49fee29e7,Qwen3-8B,0.0,1.0,1.0,0.04000000000000001,3
meld:test:816:712935c8d006,Qwen3-8B,0.0,1.0,1.0,0.020000000000000018,3
meld:test:1117:54dcc6aa44bb,glm-4-9b-chat,1.0,1.0,0.0,0.020000000000000018,3
meld:test:802:b5ef87a1b5ad,Qwen3-8B,0.0,1.0,1.0,0.07,3
meld:test:407:aaf5ebc9dfad,Qwen3-8B,1.0,1.0,0.0,0.04999999999999999,3
meld:test:1030:73b3af4c971a,glm-4-9b-chat,0.0,1.0,1.0,0.05000000000000002,3
meld:test:486:5b28c6be7c86,Qwen3-8B,0.0,1.0,1.0,0.009999999999999981,3
meld:test:588:e8b682d17a49,Qwen3-8B,1.0,1.0,0.0,0.13,3
meld:test:22:2c8e89d30d16,Qwen3-8B,1.0,1.0,0.0,0.04999999999999999,3
meld:test:906:024729c3c071,glm-4-9b-chat,1.0,1.0,0.0,0.0,3
meld:test:227:a6bd321825af,Qwen3-8B,1.0,1.0,0.0,0.1,3
meld:test:319:7c36a37140fc,Qwen3-8B,1.0,1.0,0.0,0.12,3
meld:test:145:3a17ab89a731,Qwen3-8B,0.0,1.0,1.0,0.04999999999999999,3
meld:test:530:2a9d0f6b0077,Qwen3-8B,1.0,1.0,0.0,0.06999999999999998,3
meld:test:726:9ce2f2c8f245,Qwen3-8B,0.0,1.0,1.0,0.05000000000000002,3
meld:test:423:48e1d158096c,Qwen3-8B,1.0,1.0,0.0,0.03999999999999998,3
meld:test:1067:f30c4eacefda,Qwen3-8B,1.0,1.0,0.0,0.03999999999999998,3
meld:test:1162:66dd02660257,Qwen3-8B,0.0,0.0,0.0,0.07,3
meld:test:1101:fd6a854ebd9c,Qwen3-8B,0.0,1.0,1.0,0.010000000000000009,3
meld:test:45:50b49aee07eb,Qwen3-8B,0.0,1.0,1.0,0.13,3
meld:test:573:c47be5b74979,Qwen3-8B,1.0,1.0,0.0,0.04999999999999999,3
meld:test:31:2742e969df7d,glm-4-9b-chat,0.0,1.0,1.0,0.0,3
meld:test:856:0f8a2f15fe40,Qwen3-8B,0.0,1.0,1.0,0.04999999999999999,3
meld:test:8:05fb1b60c60f,Qwen3-8B,0.0,1.0,1.0,0.030000000000000027,3
meld:test:964:690b83c9a90d,glm-4-9b-chat,1.0,1.0,0.0,0.010000000000000009,3
meld:test:37:790ee8577155,Qwen3-8B,0.0,0.0,0.0,0.05000000000000002,3
meld:test:429:1751f04d1b21,Qwen3-8B,0.0,1.0,1.0,0.09000000000000002,3
meld:test:1143:7b369881a138,Qwen3-8B,1.0,1.0,0.0,0.01999999999999999,3
meld:test:1205:3ae079ea324f,Qwen3-8B,1.0,1.0,0.0,0.09,3
meld:test:120:16fa2a86f6ce,Qwen3-8B,0.0,1.0,1.0,0.04999999999999999,3
meld:test:1100:918f84f4c7b9,Qwen3-8B,1.0,1.0,0.0,0.03,3
meld:test:418:60d2ed30466a,Qwen3-8B,1.0,1.0,0.0,0.07,3
meld:test:214:612eb27a2bc7,Qwen3-8B,1.0,1.0,0.0,0.01999999999999999,3
meld:test:1102:7fa3b702f87d,Qwen3-8B,0.0,0.0,0.0,0.1,3
meld:test:501:8b682322c13b,Qwen3-8B,1.0,1.0,0.0,0.01999999999999999,3
meld:test:651:952ceff611f7,Qwen3-8B,1.0,1.0,0.0,0.010000000000000009,3
meld:test:1188:1797af5a9b6b,Qwen3-8B,1.0,1.0,0.0,0.07999999999999999,3
meld:test:811:5d7c5609aad7,glm-4-9b-chat,1.0,1.0,0.0,0.0,3
meld:test:989:2d0bd9f5e6ca,Qwen3-8B,0.0,1.0,1.0,0.07,3
meld:test:78:c70e3e0136bc,Qwen3-8B,1.0,1.0,0.0,0.030000000000000027,3
meld:test:353:758871e5dba3,Qwen3-8B,1.0,1.0,0.0,0.009999999999999981,3
meld:test:765:84ad9e6e27bd,Qwen3-8B,1.0,1.0,0.0,0.04999999999999999,3
meld:test:840:85ab3e9ecbeb,Qwen3-8B,0.0,0.0,0.0,0.04000000000000001,3
meld:test:1227:49a10f3850f0,Qwen3-8B,1.0,1.0,0.0,0.07,3
meld:test:978:3e25b37d8062,Qwen3-8B,0.0,1.0,1.0,0.08000000000000002,3
meld:test:713:6ae7d34c2277,Qwen3-8B,0.0,1.0,1.0,0.010000000000000009,3
meld:test:891:1a7c1599c96b,glm-4-9b-chat,0.0,1.0,1.0,0.01999999999999999,3
meld:test:283:2b36bf9e01c6,Qwen3-8B,0.0,1.0,1.0,0.01999999999999999,3
meld:test:291:c210a3d9eaea,Qwen3-8B,1.0,1.0,0.0,0.07,3
meld:test:956:999265c51d5c,Qwen3-8B,0.0,0.0,0.0,0.04999999999999999,3
meld:test:378:74940e6f9d85,glm-4-9b-chat,0.0,0.0,0.0,0.06,3
meld:test:804:379490d6564e,Qwen3-8B,1.0,1.0,0.0,0.06,3
meld:test:519:8014476ae42d,Qwen3-8B,1.0,1.0,0.0,0.060000000000000026,3
meld:test:394:1acadc297ac6,Qwen3-8B,0.0,1.0,1.0,0.010000000000000009,3
meld:test:456:4941e244e815,Qwen3-8B,0.0,1.0,1.0,0.009999999999999981,3
meld:test:417:178426c68ab2,Qwen3-8B,1.0,1.0,0.0,0.05999999999999997,3
meld:test:556:ad9c19f17961,glm-4-9b-chat,1.0,1.0,0.0,0.03,3
meld:test:133:349454770385,Qwen3-8B,0.0,1.0,1.0,0.11000000000000001,3
meld:test:306:99f773c0c60b,Qwen3-8B,1.0,1.0,0.0,0.08000000000000002,3
meld:test:965:7a559ac2bd62,Qwen3-8B,0.0,0.0,0.0,0.08000000000000002,3
meld:test:608:c95b126f9c1a,Qwen3-8B,1.0,1.0,0.0,0.03999999999999998,3
meld:test:925:3a4a6c3c59d4,Qwen3-8B,0.0,1.0,1.0,0.08000000000000002,3
meld:test:1052:87433acb6063,Qwen3-8B,1.0,1.0,0.0,0.01999999999999999,3
meld:test:962:3ab2a2d49b5f,Qwen3-8B,1.0,1.0,0.0,0.05000000000000002,3
meld:test:709:d6abbbbf471a,Qwen3-8B,1.0,1.0,0.0,0.04000000000000001,3
meld:test:1194:ee79a8ab5955,Qwen3-8B,1.0,1.0,0.0,0.04999999999999999,3
meld:test:541:9559dd89f4cf,glm-4-9b-chat,0.0,1.0,1.0,0.05000000000000002,3
meld:test:939:fd905f83ba5d,glm-4-9b-chat,1.0,1.0,0.0,0.010000000000000009,3
meld:test:237:17b60d6dfa4c,Qwen3-8B,0.0,1.0,1.0,0.04999999999999999,3
meld:test:703:765d4e474393,Qwen3-8B,0.0,1.0,1.0,0.04000000000000001,3
meld:test:1092:77769b652093,Qwen3-8B,1.0,1.0,0.0,0.020000000000000018,3
meld:test:1011:eec49ca292d8,Qwen3-8B,0.0,1.0,1.0,0.06,3
meld:test:1179:38656e09de1c,Qwen3-8B,1.0,1.0,0.0,0.12,3
meld:test:236:f75eece9ba3b,Qwen3-8B,0.0,1.0,1.0,0.04999999999999999,3
meld:test:852:6b839e1bdc59,Qwen3-8B,0.0,1.0,1.0,0.06,3
meld:test:387:2e98e2d95f80,Qwen3-8B,1.0,1.0,0.0,0.04000000000000001,3
meld:test:439:1e8fbd5f32e7,Qwen3-8B,0.0,1.0,1.0,0.06,3
meld:test:1167:2c518f598d21,Qwen3-8B,0.0,0.0,0.0,0.03,3
meld:test:639:b23a9bbe0627,Qwen3-8B,1.0,1.0,0.0,0.010000000000000009,3
meld:test:71:dc932973f955,Qwen3-8B,0.0,1.0,1.0,0.10999999999999999,3
meld:test:881:b83f240b3d58,Qwen3-8B,1.0,1.0,0.0,0.04000000000000001,3
meld:test:941:fd95aef2c955,Qwen3-8B,1.0,1.0,0.0,0.020000000000000018,3
meld:test:1139:99100f238e85,Qwen3-8B,1.0,1.0,0.0,0.08999999999999997,3
meld:test:164:85c439f0f88c,Qwen3-8B,0.0,1.0,1.0,0.04999999999999999,3
meld:test:551:b7bb205412da,Qwen3-8B,0.0,1.0,1.0,0.060000000000000026,3
meld:test:938:142921700a21,Qwen3-8B,0.0,1.0,1.0,0.04000000000000001,3
meld:test:126:17cd6cfb338d,Qwen3-8B,0.0,0.0,0.0,0.08000000000000002,3
meld:test:987:93039b5bc595,Qwen3-8B,0.0,1.0,1.0,0.03,3
meld:test:4:aedff9d7f5b1,Qwen3-8B,1.0,1.0,0.0,0.030000000000000027,3
meld:test:375:2068ae9187b6,Qwen3-8B,0.0,1.0,1.0,0.01999999999999999,3
meld:test:225:4c67099832b1,Qwen3-8B,1.0,1.0,0.0,0.010000000000000009,3
meld:test:943:c6a891e09809,Qwen3-8B,0.0,1.0,1.0,0.03999999999999998,3
meld:test:781:b3e9a77283b0,Qwen3-8B,1.0,1.0,0.0,0.04999999999999999,3
meld:test:278:225109664f5a,Qwen3-8B,0.0,0.0,0.0,0.010000000000000009,3
meld:test:1039:9d1b48130560,Qwen3-8B,1.0,1.0,0.0,0.06,3
meld:test:187:ff3a8dc15d20,glm-4-9b-chat,1.0,1.0,0.0,0.03999999999999998,3
meld:test:1014:a59365b7c9bd,Qwen3-8B,1.0,1.0,0.0,0.01999999999999999,3
meld:test:3:79760cb7af40,Qwen3-8B,1.0,1.0,0.0,0.03,3
meld:test:1110:3f35f6d69017,Qwen3-8B,0.0,0.0,0.0,0.08000000000000002,3
meld:test:219:ee8633f395f3,Qwen3-8B,0.0,1.0,1.0,0.04000000000000001,3
meld:test:1148:100d68537095,Qwen3-8B,1.0,1.0,0.0,0.09,3
meld:test:482:ad0b43663715,Qwen3-8B,0.0,1.0,1.0,0.0,3
meld:test:922:e8401be862d1,Qwen3-8B,0.0,1.0,1.0,0.09000000000000002,3
meld:test:313:2647ca16dd81,Qwen3-8B,0.0,0.0,0.0,0.0,3
meld:test:663:5163fbf93908,Qwen3-8B,1.0,1.0,0.0,0.07999999999999999,3
meld:test:609:f452bd30c30e,Qwen3-8B,1.0,1.0,0.0,0.009999999999999981,3
meld:test:312:b1e7e0b49a41,Qwen3-8B,1.0,1.0,0.0,0.03,3
mmlupro:test_1000:941:487c19cbbcb7,Qwen3-8B,0.0,1.0,1.0,0.2,3
mmlupro:test_1000:55:73ec7857d332,Qwen3-8B,1.0,1.0,0.0,0.25,3
mmlupro:test_1000:646:cdd946dab77d,Qwen3-8B,1.0,1.0,0.0,0.6299999999999999,3
mmlupro:test_1000:924:ec6f3b3d10c9,Qwen3-8B,1.0,1.0,0.0,0.22,3
mmlupro:test_1000:798:cc7018e84a8c,Qwen3-8B,1.0,1.0,0.0,0.21,3
mmlupro:test_1000:835:cd26cef6d91e,Qwen3-8B,0.0,1.0,1.0,0.14,3
mmlupro:test_1000:348:274e257f29ef,Qwen3-8B,0.0,1.0,1.0,0.13999999999999999,3
mmlupro:test_1000:252:aa6c97d79cf0,Qwen3-8B,0.0,1.0,1.0,0.16,3
mmlupro:test_1000:289:6a44fa5be054,Qwen3-8B,1.0,1.0,0.0,0.39,3
mmlupro:test_1000:805:c73693922baa,Qwen3-8B,1.0,1.0,0.0,0.37,3
mmlupro:test_1000:775:3a41be58af9d,Qwen3-8B,1.0,1.0,0.0,0.12999999999999998,3
mmlupro:test_1000:974:94d46551a281,Qwen3-8B,1.0,1.0,0.0,0.62,3
mmlupro:test_1000:643:37cf7d6ff594,Qwen3-8B,0.0,1.0,1.0,0.10999999999999996,3
mmlupro:test_1000:814:40abf8270146,Qwen3-8B,1.0,1.0,0.0,0.72,3
mmlupro:test_1000:982:cd26cef6d91e,Qwen3-8B,0.0,1.0,1.0,0.12000000000000002,3
mmlupro:test_1000:589:ab7234a0c902,Qwen3-8B,0.0,1.0,1.0,0.01999999999999999,3
mmlupro:test_1000:619:1da1921c1de0,Qwen3-8B,1.0,1.0,0.0,0.19999999999999998,3
mmlupro:test_1000:801:ac0c7610db4c,Qwen3-8B,1.0,1.0,0.0,0.35,3
mmlupro:test_1000:258:138039c2dbf0,Qwen3-8B,0.0,1.0,1.0,0.19,3
mmlupro:test_1000:874:a55087e55064,Qwen3-8B,1.0,1.0,0.0,0.62,3
mmlupro:test_1000:992:a107e4c16cd8,Qwen3-8B,1.0,1.0,0.0,0.64,3
mmlupro:test_1000:932:469015b20406,Qwen3-8B,1.0,1.0,0.0,0.47,3
mmlupro:test_1000:2:fa8d6a2f07be,Qwen3-8B,1.0,1.0,0.0,0.5700000000000001,3
mmlupro:test_1000:750:be9424f3b2d2,Qwen3-8B,1.0,1.0,0.0,0.13999999999999999,3
mmlupro:test_1000:684:78e9f8a2ef64,Qwen3-8B,0.0,0.0,0.0,0.18000000000000002,3
mmlupro:test_1000:857:ac006814dc35,Qwen3-8B,1.0,1.0,0.0,0.12,3
mmlupro:test_1000:576:0e5ff7a95ad9,Qwen3-8B,0.0,1.0,1.0,0.13999999999999999,3
mmlupro:test_1000:249:231e7c8a3759,Qwen3-8B,1.0,1.0,0.0,0.06,3
mmlupro:test_1000:837:1bca4777b9ce,Qwen3-8B,1.0,1.0,0.0,0.20999999999999996,3
mmlupro:test_1000:318:1f41b862c5fa,Qwen3-8B,1.0,1.0,0.0,0.08000000000000002,3
mmlupro:test_1000:710:736a0cdee7e2,Qwen3-8B,1.0,1.0,0.0,0.64,3
mmlupro:test_1000:697:f30772621863,Qwen3-8B,1.0,1.0,0.0,0.12,3
mmlupro:test_1000:873:b93865db3368,Qwen3-8B,1.0,1.0,0.0,0.61,3
mmlupro:test_1000:421:2c94fddf5970,Qwen3-8B,1.0,1.0,0.0,0.09,3
mmlupro:test_1000:345:b33d5dd5ad4f,Qwen3-8B,0.0,0.0,0.0,0.16999999999999998,3
mmlupro:test_1000:366:ee7c7225248f,Qwen3-8B,1.0,1.0,0.0,0.69,3
mmlupro:test_1000:368:3a41be58af9d,Qwen3-8B,0.0,1.0,1.0,0.12999999999999998,3
mmlupro:test_1000:989:9c4a6af35d0a,Qwen3-8B,1.0,1.0,0.0,0.37,3
mmlupro:test_1000:920:d7e663bca722,Qwen3-8B,1.0,1.0,0.0,0.21,3
mmlupro:test_1000:34:532a30eac6ee,Qwen3-8B,1.0,1.0,0.0,0.18,3
mmlupro:test_1000:778:4b4bbbabd4bd,Qwen3-8B,1.0,1.0,0.0,0.27,3
mmlupro:test_1000:753:e0f97bf34f47,Qwen3-8B,1.0,1.0,0.0,0.74,3
mmlupro:test_1000:585:eee603e829fc,Qwen3-8B,1.0,1.0,0.0,0.13999999999999999,3
mmlupro:test_1000:967:203cfbebdaa6,Qwen3-8B,1.0,1.0,0.0,0.76,3
mmlupro:test_1000:645:76d50c9adf93,Qwen3-8B,0.0,1.0,1.0,0.10999999999999996,3
mmlupro:test_1000:341:18501aeda9d1,Qwen3-8B,1.0,1.0,0.0,0.36,3
mmlupro:test_1000:238:2c014deb615d,Qwen3-8B,1.0,1.0,0.0,0.52,3
mmlupro:test_1000:669:bb9ed412ebd6,Qwen3-8B,1.0,1.0,0.0,0.5900000000000001,3
mmlupro:test_1000:703:a0704889cdc7,Qwen3-8B,1.0,1.0,0.0,0.27,3
mmlupro:test_1000:922:2e2fad04087b,Qwen3-8B,1.0,1.0,0.0,0.15999999999999998,3
mmlupro:test_1000:851:b04b0f6fb618,Qwen3-8B,0.0,1.0,1.0,0.15000000000000002,3
mmlupro:test_1000:845:48a7afc07b9e,Qwen3-8B,1.0,1.0,0.0,0.16,3
mmlupro:test_1000:57:97eb1e69d6a9,Qwen3-8B,1.0,1.0,0.0,0.16,3
mmlupro:test_1000:749:6aca06713792,Qwen3-8B,1.0,1.0,0.0,0.28,3
mmlupro:test_1000:658:ae70ef51091b,Qwen3-8B,0.0,1.0,1.0,0.39,3
mmlupro:test_1000:279:ca13dcde4c60,Qwen3-8B,1.0,1.0,0.0,0.21,3
mmlupro:test_1000:439:b050ee659f34,Qwen3-8B,0.0,1.0,1.0,0.62,3
mmlupro:test_1000:634:4ddc1ed5b6de,Qwen3-8B,0.0,1.0,1.0,0.63,3
mmlupro:test_1000:615:3d385316e159,Qwen3-8B,1.0,1.0,0.0,0.16,3
mmlupro:test_1000:878:dd4845c4cd7a,Qwen3-8B,1.0,1.0,0.0,0.45999999999999996,3
mmlupro:test_1000:401:8001bcaf15b2,Qwen3-8B,0.0,0.0,0.0,0.24,3
mmlupro:test_1000:808:3b30c3f717b0,Qwen3-8B,1.0,1.0,0.0,0.6399999999999999,3
mmlupro:test_1000:321:cf1e0f5a9cc5,Qwen3-8B,0.0,1.0,1.0,0.27,3
mmlupro:test_1000:10:9a7f45a1103b,Qwen3-8B,1.0,1.0,0.0,0.36,3
mmlupro:test_1000:440:8ecf91672b48,Qwen3-8B,0.0,0.0,0.0,0.09,3
mmlupro:test_1000:423:6a6f0b2e1ed0,Qwen3-8B,1.0,1.0,0.0,0.62,3
mmlupro:test_1000:918:a15d4e1e57f3,Qwen3-8B,0.0,1.0,1.0,0.20999999999999996,3
mmlupro:test_1000:113:83352927a2f8,Qwen3-8B,0.0,0.0,0.0,0.5,3
mmlupro:test_1000:167:6d3f02ecbb5c,Qwen3-8B,0.0,1.0,1.0,0.1,3
mmlupro:test_1000:902:9a93d43d5139,Qwen3-8B,1.0,1.0,0.0,0.19000000000000003,3
mmlupro:test_1000:757:801c2b69e986,Qwen3-8B,1.0,1.0,0.0,0.12999999999999998,3
mmlupro:test_1000:670:95d206668879,Qwen3-8B,1.0,1.0,0.0,0.19999999999999998,3
mmlupro:test_1000:227:90b57d402ec5,Qwen3-8B,1.0,1.0,0.0,0.67,3
mmlupro:test_1000:147:c417729d4425,Qwen3-8B,1.0,1.0,0.0,0.22,3
mmlupro:test_1000:810:dfbdd561addd,Qwen3-8B,1.0,1.0,0.0,0.41000000000000003,3
mmlupro:test_1000:558:b24ec3529613,Qwen3-8B,1.0,1.0,0.0,0.37,3
mmlupro:test_1000:881:475d01394c61,Qwen3-8B,0.0,0.0,0.0,0.09999999999999998,3
mmlupro:test_1000:667:4e5bc94e3230,Qwen3-8B,0.0,1.0,1.0,0.32,3
mmlupro:test_1000:90:273c400254dc,Qwen3-8B,0.0,1.0,1.0,0.11000000000000001,3
mmlupro:test_1000:18:862c70a6b1ad,Qwen3-8B,1.0,1.0,0.0,0.12000000000000002,3
mmlupro:test_1000:696:00c4a9d20a22,Qwen3-8B,0.0,1.0,1.0,0.43000000000000005,3
mmlupro:test_1000:548:611846b2d869,Qwen3-8B,1.0,1.0,0.0,0.75,3
mmlupro:test_1000:692:98bf12b982a1,Qwen3-8B,1.0,1.0,0.0,0.39,3
mmlupro:test_1000:894:686132997fef,Qwen3-8B,1.0,1.0,0.0,0.26,3
mmlupro:test_1000:168:38201e4e05d3,Qwen3-8B,0.0,1.0,1.0,0.19,3
mmlupro:test_1000:832:e97dd23ee1a4,Qwen3-8B,1.0,1.0,0.0,0.49,3
mmlupro:test_1000:554:3babbc2cb5ad,Qwen3-8B,0.0,1.0,1.0,0.22,3
mmlupro:test_1000:248:5beaa24aa8a0,Qwen3-8B,1.0,1.0,0.0,0.42000000000000004,3
mmlupro:test_1000:310:cb9e03e43cb4,Qwen3-8B,1.0,1.0,0.0,0.38,3
mmlupro:test_1000:127:145fe7a9bbc8,Qwen3-8B,0.0,1.0,1.0,0.38,3
mmlupro:test_1000:474:89fabd638828,Qwen3-8B,0.0,1.0,1.0,0.18999999999999997,3
mmlupro:test_1000:557:ca19e8c17934,Qwen3-8B,1.0,1.0,0.0,0.33999999999999997,3
mmlupro:test_1000:916:995c8ffe2d26,Qwen3-8B,1.0,1.0,0.0,0.6599999999999999,3
mmlupro:test_1000:720:c0db74174bde,Qwen3-8B,1.0,1.0,0.0,0.56,3
mmlupro:test_1000:584:c8934fe38ae3,Qwen3-8B,1.0,1.0,0.0,0.27,3
mmlupro:test_1000:853:32e8637a9475,Qwen3-8B,1.0,1.0,0.0,0.24999999999999997,3
mmlupro:test_1000:821:7b3b9e1173ce,Qwen3-8B,1.0,1.0,0.0,0.14,3
mmlupro:test_1000:735:a7b8c7bb823a,Qwen3-8B,1.0,1.0,0.0,0.25,3
mmlupro:test_1000:929:c556a83ec976,Qwen3-8B,1.0,1.0,0.0,0.37,3
mmlupro:test_1000:478:c96154a76e1f,Qwen3-8B,1.0,1.0,0.0,0.49,3
mmlupro:test_1000:955:576177cf7886,Qwen3-8B,1.0,1.0,0.0,0.2,3
mmlupro:test_1000:342:7d19b840842f,Qwen3-8B,0.0,1.0,1.0,0.6,3
mmlupro:test_1000:914:b0afdce6e063,Qwen3-8B,0.0,1.0,1.0,0.16999999999999998,3
mmlupro:test_1000:424:22dc9f529737,Qwen3-8B,1.0,1.0,0.0,0.49,3
mmlupro:test_1000:952:172804439e5d,Qwen3-8B,1.0,1.0,0.0,0.30999999999999994,3
mmlupro:test_1000:586:3ff1039a1857,Qwen3-8B,0.0,1.0,1.0,0.18999999999999997,3
mmlupro:test_1000:343:dd070b36daf3,Qwen3-8B,0.0,1.0,1.0,0.45999999999999996,3
mmlupro:test_1000:928:a65a2cd8e87b,Qwen3-8B,1.0,1.0,0.0,0.6000000000000001,3
mmlupro:test_1000:742:ccbfa845eef3,Qwen3-8B,0.0,0.0,0.0,0.16999999999999998,3
mmlupro:test_1000:314:8d329299bd9c,Qwen3-8B,1.0,1.0,0.0,0.17,3
mmlupro:test_1000:818:b7e3be933618,Qwen3-8B,1.0,1.0,0.0,0.30999999999999994,3
mmlupro:test_1000:397:07475e5cd8dd,Qwen3-8B,1.0,1.0,0.0,0.29000000000000004,3
mmlupro:test_1000:427:efbf8007722f,Qwen3-8B,1.0,1.0,0.0,0.39,3
mmlupro:test_1000:661:58df7507d64b,Qwen3-8B,0.0,0.0,0.0,0.08000000000000002,3
mmlupro:test_1000:847:bae64deb8239,Qwen3-8B,0.0,1.0,1.0,0.13999999999999999,3
mmlupro:test_1000:565:95a111e5d4ed,Qwen3-8B,0.0,1.0,1.0,0.17,3
mmlupro:test_1000:185:d2ac34690545,Qwen3-8B,0.0,1.0,1.0,0.13,3
mmlupro:test_1000:465:f74a951819e1,Qwen3-8B,1.0,1.0,0.0,0.61,3
mmlupro:test_1000:975:386c5055077f,Qwen3-8B,1.0,1.0,0.0,0.17999999999999997,3
mmlupro:test_1000:594:b9ec49f2b44f,Qwen3-8B,1.0,1.0,0.0,0.26,3
mmlupro:test_1000:374:e71b771d2b7b,Qwen3-8B,1.0,1.0,0.0,0.1,3
mmlupro:test_1000:784:503f86f9c755,Qwen3-8B,1.0,1.0,0.0,0.16,3
mmlupro:test_1000:693:0103bcb5b19d,Qwen3-8B,0.0,1.0,1.0,0.26,3
mmlupro:test_1000:976:31ba7cc3383d,Qwen3-8B,1.0,1.0,0.0,0.49,3
mmlupro:test_1000:16:35bf650418ad,Qwen3-8B,0.0,1.0,1.0,0.17,3
mmlupro:test_1000:713:d2955a325d67,Qwen3-8B,0.0,0.0,0.0,0.5700000000000001,3
mmlupro:test_1000:523:f0ec89f17a6f,Qwen3-8B,1.0,1.0,0.0,0.62,3
mmlupro:test_1000:121:5ec7452bae68,Qwen3-8B,1.0,1.0,0.0,0.7,3
mmlupro:test_1000:864:f805bd3ed2ad,Qwen3-8B,1.0,1.0,0.0,0.37,3
mmlupro:test_1000:866:c702251d2bb9,Qwen3-8B,1.0,1.0,0.0,0.45999999999999996,3
mmlupro:test_1000:533:3c89e0d49590,Qwen3-8B,1.0,1.0,0.0,0.3,3
mmlupro:test_1000:861:d05aaac423e9,Qwen3-8B,1.0,1.0,0.0,0.13,3
mmlupro:test_1000:410:ae5bb768a0d5,Qwen3-8B,1.0,1.0,0.0,0.5,3
mmlupro:test_1000:849:b7480464da57,Qwen3-8B,1.0,1.0,0.0,0.5700000000000001,3
mmlupro:test_1000:745:a6e2472cd11b,Qwen3-8B,1.0,1.0,0.0,0.5800000000000001,3
mmlupro:test_1000:32:2d8cdc2d30d8,Qwen3-8B,1.0,1.0,0.0,0.08999999999999997,3
mmlupro:test_1000:294:e88a075076d2,Qwen3-8B,0.0,1.0,1.0,0.14,3
mmlupro:test_1000:532:71639e54c6f0,Qwen3-8B,1.0,1.0,0.0,0.23999999999999996,3
mmlupro:test_1000:649:d2a9f77a2f76,Qwen3-8B,1.0,1.0,0.0,0.43000000000000005,3
mmlupro:test_1000:112:9372a4c0c0a2,Qwen3-8B,0.0,1.0,1.0,0.09,3
mmlupro:test_1000:475:1fbdc3667e63,Qwen3-8B,1.0,1.0,0.0,0.32999999999999996,3
mmlupro:test_1000:75:9cdc12d24773,Qwen3-8B,1.0,1.0,0.0,0.29999999999999993,3
mmlupro:test_1000:758:7ef71b7041ed,Qwen3-8B,1.0,1.0,0.0,0.56,3
mmlupro:test_1000:578:6871544b3f58,Qwen3-8B,1.0,1.0,0.0,0.17,3
mmlupro:test_1000:47:7ab6a2df3a72,Qwen3-8B,1.0,1.0,0.0,0.64,3
mmlupro:test_1000:515:9b6e2c4176a8,Qwen3-8B,0.0,1.0,1.0,0.14,3
mmlupro:test_1000:304:b66c376fef31,Qwen3-8B,1.0,1.0,0.0,0.39,3
mmlupro:test_1000:80:305c1ee4cc9f,Qwen3-8B,1.0,1.0,0.0,0.23,3
mmlupro:test_1000:966:f19fa46e876d,Qwen3-8B,0.0,0.0,0.0,0.18,3
mmlupro:test_1000:225:35ab1b622e4e,Qwen3-8B,1.0,1.0,0.0,0.12999999999999998,3
mmlupro:test_1000:599:625b81091973,Qwen3-8B,0.0,0.0,0.0,0.16,3
mmlupro:test_1000:904:7efbb8c1ce2e,Qwen3-8B,1.0,1.0,0.0,0.43000000000000005,3
mmlupro:test_1000:948:1afdaa2b9781,Qwen3-8B,1.0,1.0,0.0,0.63,3
mmlupro:test_1000:779:cc7d5b4306b3,Qwen3-8B,0.0,1.0,1.0,0.06,3
mmlupro:test_1000:29:df5486e70e60,Qwen3-8B,1.0,1.0,0.0,0.35,3
mmlupro:test_1000:451:a14062267723,Qwen3-8B,0.0,1.0,1.0,0.1,3
mmlupro:test_1000:390:94d33aace297,Qwen3-8B,1.0,1.0,0.0,0.51,3
mmlupro:test_1000:262:a03f0abb6094,Qwen3-8B,1.0,1.0,0.0,0.18999999999999997,3
mmlupro:test_1000:541:962fa8bcb855,Qwen3-8B,0.0,1.0,1.0,0.16999999999999998,3
mmlupro:test_1000:96:2bbcfa17c52a,Qwen3-8B,0.0,1.0,1.0,0.55,3
mmlupro:test_1000:531:5d5a65a38016,Qwen3-8B,1.0,1.0,0.0,0.54,3
mmlupro:test_1000:175:9fcb3079663b,Qwen3-8B,1.0,1.0,0.0,0.47,3
mmlupro:test_1000:452:c3257b96bc00,Qwen3-8B,0.0,1.0,1.0,0.19999999999999998,3
mmlupro:test_1000:122:4f9d28ba1038,Qwen3-8B,0.0,1.0,1.0,0.09000000000000002,3
mmlupro:test_1000:999:831e2e43394b,Qwen3-8B,1.0,1.0,0.0,0.43000000000000005,3
mmlupro:test_1000:323:6d5322e3dfcd,Qwen3-8B,0.0,1.0,1.0,0.17,3
mmlupro:test_1000:312:c0bd94a43635,Qwen3-8B,0.0,1.0,1.0,0.6000000000000001,3
mmlupro:test_1000:794:3c5112ecbfee,Qwen3-8B,1.0,1.0,0.0,0.13,3
mmlupro:test_1000:726:326fba8a6e6a,Qwen3-8B,1.0,1.0,0.0,0.12999999999999998,3
mmlupro:test_1000:518:868a6d7c6cc5,Qwen3-8B,1.0,1.0,0.0,0.12000000000000002,3
mmlupro:test_1000:773:94bb41bc8e25,Qwen3-8B,0.0,1.0,1.0,0.33,3
mmlupro:test_1000:179:3a5e3fe372ec,Qwen3-8B,1.0,1.0,0.0,0.18000000000000002,3
mmlupro:test_1000:172:1ea6ce26639f,Qwen3-8B,0.0,0.0,0.0,0.14,3
mmlupro:test_1000:1001:c322d9eac276,Qwen3-8B,1.0,1.0,0.0,0.12,3
mmlupro:test_1000:981:ea0f1e9b3f88,Qwen3-8B,0.0,1.0,1.0,0.38,3
mmlupro:test_1000:984:15989f815660,Qwen3-8B,0.0,1.0,1.0,0.6599999999999999,3
mmlupro:test_1000:477:44dd0fd57906,Qwen3-8B,1.0,1.0,0.0,0.7300000000000001,3
mmlupro:test_1000:953:7efb95f51dc0,Qwen3-8B,0.0,0.0,0.0,0.52,3
mmlupro:test_1000:756:22097ef6ad82,Qwen3-8B,0.0,0.0,0.0,0.09,3
mmlupro:test_1000:994:c7cc5ab4b4be,Qwen3-8B,1.0,1.0,0.0,0.07999999999999999,3
mmlupro:test_1000:888:b559286782b1,Qwen3-8B,1.0,1.0,0.0,0.27,3
mmlupro:test_1000:628:f72a55a44c24,Qwen3-8B,1.0,1.0,0.0,0.55,3
mmlupro:test_1000:799:a7489d678614,Qwen3-8B,1.0,1.0,0.0,0.21000000000000002,3
mmlupro:test_1000:840:9f4d7e800414,Qwen3-8B,1.0,1.0,0.0,0.33,3
mmlupro:test_1000:445:f93f70335009,Qwen3-8B,1.0,1.0,0.0,0.41000000000000003,3
mmlupro:test_1000:698:aa352f34a9b7,Qwen3-8B,1.0,1.0,0.0,0.12999999999999998,3
mmlupro:test_1000:785:ef86c7d309a4,Qwen3-8B,0.0,1.0,1.0,0.16,3
mmlupro:test_1000:502:fcad69bb7d53,Qwen3-8B,1.0,1.0,0.0,0.15000000000000002,3
mmlupro:test_1000:415:e226ab94cd7e,Qwen3-8B,1.0,1.0,0.0,0.6499999999999999,3
mmlupro:test_1000:963:9abae2f92fbd,Qwen3-8B,1.0,1.0,0.0,0.28,3
mmlupro:test_1000:358:5396fde30019,Qwen3-8B,1.0,1.0,0.0,0.49,3
mmlupro:test_1000:789:711fc65c6251,Qwen3-8B,1.0,1.0,0.0,0.13999999999999999,3
mmlupro:test_1000:680:b4877145a4f6,Qwen3-8B,1.0,1.0,0.0,0.11000000000000001,3
mmlupro:test_1000:389:cf025bd72a5d,Qwen3-8B,1.0,1.0,0.0,0.32,3
mmlupro:test_1000:144:15882c6fd1c6,Qwen3-8B,1.0,1.0,0.0,0.15000000000000002,3
mmlupro:test_1000:925:4e0cf1f86b94,Qwen3-8B,1.0,1.0,0.0,0.18999999999999997,3
mmlupro:test_1000:400:4643b3677286,Qwen3-8B,1.0,1.0,0.0,0.15000000000000002,3
mmlupro:test_1000:727:f8a11e9524bd,Qwen3-8B,1.0,1.0,0.0,0.27,3
mmlupro:test_1000:183:3873cd460c6e,Qwen3-8B,1.0,1.0,0.0,0.25,3
mmlupro:test_1000:964:3b3be15ed398,Qwen3-8B,0.0,1.0,1.0,0.15,3
aime:hybrid:42:3f8dfc841f22,Qwen3-8B,1.0,1.0,0.0,0.15000000000000002,4
aime:hybrid:38:b552420b5a18,Qwen3-8B,1.0,1.0,0.0,0.10999999999999999,4
aime:hybrid:37:70629b6e7c5d,Qwen3-8B,0.0,1.0,1.0,0.14,4
aime:hybrid:43:12f6b189436f,Qwen3-8B,0.0,0.0,0.0,0.10999999999999999,4
aime:hybrid:54:656d1b5d0105,GLM-Z1-9B-0414,1.0,1.0,0.0,0.010000000000000009,4
aime:hybrid:46:aa6399130b64,Qwen3-8B,1.0,1.0,0.0,0.24000000000000002,4
aime:hybrid:15:c0aff28b8c4a,Qwen3-8B,1.0,1.0,0.0,0.14999999999999997,4
aime:hybrid:31:a3145c72cb6b,Qwen3-8B,1.0,1.0,0.0,0.08999999999999997,4
aime:hybrid:26:869c98209496,Qwen3-8B,1.0,1.0,0.0,0.14999999999999997,4
aime:hybrid:51:596ba4660f86,Qwen3-8B,1.0,1.0,0.0,0.13,4
aime:hybrid:20:dc0068844c4e,Qwen3-8B,0.0,1.0,1.0,0.19,4
aime:hybrid:5:d7b202873c9f,Qwen3-8B,0.0,1.0,1.0,0.16999999999999998,4
bbh:test:305:9e133c97889c,Qwen3-8B,1.0,1.0,0.0,0.26,4
bbh:test:579:e40835a600af,Qwen3-8B,1.0,1.0,0.0,0.08999999999999997,4
bbh:test:920:49365a5cb283,Qwen3-8B,1.0,1.0,0.0,0.15999999999999998,4
bbh:test:776:6ab981c61d25,Qwen3-8B,1.0,1.0,0.0,0.1,4
bbh:test:233:619d59b9de70,Qwen3-8B,1.0,1.0,0.0,0.08999999999999997,4
bbh:test:381:c3a4ce840cd8,Qwen3-8B,1.0,1.0,0.0,0.19999999999999998,4
bbh:test:507:960b26008f41,GLM-Z1-9B-0414,0.0,1.0,1.0,0.010000000000000009,4
bbh:test:498:bac8edd0e7bc,Qwen3-8B,1.0,1.0,0.0,0.12,4
bbh:test:662:47f501f2fa38,Qwen3-8B,1.0,1.0,0.0,0.19000000000000003,4
bbh:test:610:1c93313d4731,Qwen3-8B,1.0,1.0,0.0,0.25,4
bbh:test:637:3a506bcc5d27,Qwen3-8B,1.0,1.0,0.0,0.09999999999999998,4
bbh:test:499:46d425c8c1bc,Qwen3-8B,1.0,1.0,0.0,0.09000000000000002,4
bbh:test:93:85c2ae5efa42,Qwen3-8B,1.0,1.0,0.0,0.1,4
bbh:test:312:9dc03cc40b0c,Qwen3-8B,1.0,1.0,0.0,0.25,4
bbh:test:387:88fcf95e9065,Qwen3-8B,1.0,1.0,0.0,0.11000000000000001,4
bbh:test:982:2c3ef365e3a8,Qwen3-8B,0.0,1.0,1.0,0.11000000000000001,4
bbh:test:493:9d78b0f3dd46,Qwen3-8B,1.0,1.0,0.0,0.08999999999999997,4
bbh:test:264:84ce3037c3be,Qwen3-8B,1.0,1.0,0.0,0.16999999999999998,4
bbh:test:267:d044414752f1,Qwen3-8B,1.0,1.0,0.0,0.13999999999999996,4
bbh:test:925:c5bf63012a55,Qwen3-8B,1.0,1.0,0.0,0.10999999999999999,4
bbh:test:677:20acc9c2b52f,Qwen3-8B,1.0,1.0,0.0,0.28,4
bbh:test:766:2547d35aff5b,Qwen3-8B,1.0,1.0,0.0,0.16999999999999998,4
bbh:test:822:85080668cf95,Qwen3-8B,1.0,1.0,0.0,0.19,4
bbh:test:215:73ddf8851dbd,Qwen3-8B,1.0,1.0,0.0,0.019999999999999962,4
bbh:test:304:d0abfccb8a79,Qwen3-8B,1.0,1.0,0.0,0.27,4
bbh:test:424:ca6e9f1d62c8,Qwen3-8B,0.0,1.0,1.0,0.17999999999999997,4
bbh:test:509:e80433222dce,Qwen3-8B,1.0,1.0,0.0,0.13999999999999996,4
bbh:test:738:17c3cf851711,Qwen3-8B,1.0,1.0,0.0,0.22,4
bbh:test:1043:882be00b00f5,Qwen3-8B,1.0,1.0,0.0,0.24,4
bbh:test:883:9e8e73fd435f,Qwen3-8B,1.0,1.0,0.0,0.24,4
bbh:test:957:62e62719a7ff,Qwen3-8B,1.0,1.0,0.0,0.15999999999999998,4
bbh:test:874:a82808e5af0d,Qwen3-8B,1.0,1.0,0.0,0.15,4
bbh:test:1016:df34031197bd,Qwen3-8B,1.0,1.0,0.0,0.24,4
bbh:test:356:61077bd53a9d,Qwen3-8B,1.0,1.0,0.0,0.10999999999999999,4
bbh:test:229:c04d1fa234c5,Qwen3-8B,1.0,1.0,0.0,0.09000000000000002,4
bbh:test:932:032f10b25067,Qwen3-8B,1.0,1.0,0.0,0.18,4
bbh:test:346:03643584e929,Qwen3-8B,1.0,1.0,0.0,0.12,4
bbh:test:376:04f5ad982b28,Qwen3-8B,1.0,1.0,0.0,0.13,4
bbh:test:344:f707dc550b58,Qwen3-8B,1.0,1.0,0.0,0.16000000000000003,4
bbh:test:681:b1311c7ac94b,Qwen3-8B,0.0,1.0,1.0,0.19,4
bbh:test:1073:48e9d54554c3,Qwen3-8B,1.0,1.0,0.0,0.14000000000000004,4
bbh:test:187:30ca0fbb2d3b,Qwen3-8B,1.0,1.0,0.0,0.32999999999999996,4
bbh:test:1013:d2f1712653fd,Qwen3-8B,1.0,1.0,0.0,0.23000000000000004,4
bbh:test:284:544d27e8fbd3,Qwen3-8B,1.0,1.0,0.0,0.24000000000000002,4
bbh:test:671:886f22e2184a,Qwen3-8B,1.0,1.0,0.0,0.43000000000000005,4
bbh:test:646:0d576a3f65a3,Qwen3-8B,1.0,1.0,0.0,0.22,4
bbh:test:547:024ef38a6821,Qwen3-8B,1.0,1.0,0.0,0.22,4
bbh:test:911:36899b5548d2,Qwen3-8B,1.0,1.0,0.0,0.11000000000000001,4
bbh:test:400:e61322bef801,Qwen3-8B,1.0,1.0,0.0,0.2,4
bbh:test:335:b3edb54486a2,Qwen3-8B,1.0,1.0,0.0,0.22,4
bbh:test:429:9237b5e93571,Qwen3-8B,1.0,1.0,0.0,0.15999999999999998,4
bbh:test:75:93de02aec781,Qwen3-8B,0.0,1.0,1.0,0.38,4
bbh:test:15:1760574c6c5f,Qwen3-8B,1.0,1.0,0.0,0.24,4
bbh:test:736:d2965916176c,Qwen3-8B,0.0,1.0,1.0,0.22,4
bbh:test:1:c39159b8f731,Qwen3-8B,1.0,1.0,0.0,0.19,4
bbh:test:1026:4f8d8fd1de8b,Qwen3-8B,1.0,1.0,0.0,0.33000000000000007,4
bbh:test:270:885b783493f7,Qwen3-8B,0.0,0.0,0.0,0.27,4
bbh:test:959:221a7bdeb8bc,Qwen3-8B,1.0,1.0,0.0,0.21000000000000002,4
bbh:test:790:f5b3503eab17,Qwen3-8B,1.0,1.0,0.0,0.16000000000000003,4
bbh:test:178:d99c44e19c52,Qwen3-8B,1.0,1.0,0.0,0.33999999999999997,4
bbh:test:360:6a2dec406ef2,Qwen3-8B,1.0,1.0,0.0,0.12,4
bbh:test:1063:6282fc67cb86,Qwen3-8B,1.0,1.0,0.0,0.13,4
bbh:test:37:a8423a867c01,Qwen3-8B,1.0,1.0,0.0,0.21999999999999997,4
bbh:test:142:0a3b33505ff1,Qwen3-8B,1.0,1.0,0.0,0.24999999999999997,4
bbh:test:313:22e7eacb8b24,Qwen3-8B,1.0,1.0,0.0,0.3,4
bbh:test:816:4055bde0c8a3,Qwen3-8B,0.0,1.0,1.0,0.09,4
bbh:test:3:9102a1dd6a9c,Qwen3-8B,1.0,1.0,0.0,0.26,4
bbh:test:906:6f82040d8774,Qwen3-8B,1.0,1.0,0.0,0.15999999999999998,4
bbh:test:962:63eb21884c6e,Qwen3-8B,1.0,1.0,0.0,0.07999999999999996,4
bbh:test:937:2be4bed28e85,Qwen3-8B,1.0,1.0,0.0,0.19,4
bbh:test:290:d9cc534545f1,Qwen3-8B,1.0,1.0,0.0,0.26,4
bbh:test:419:71b82e61e16a,Qwen3-8B,1.0,1.0,0.0,0.09000000000000002,4
bbh:test:440:8a8f3308cbec,Qwen3-8B,1.0,1.0,0.0,0.22,4
bbh:test:147:e2571f7ee244,Qwen3-8B,0.0,1.0,1.0,0.22999999999999998,4
bbh:test:1000:03fa3fdaedc0,Qwen3-8B,0.0,1.0,1.0,0.16999999999999998,4
bbh:test:947:98ed2bc2f793,Qwen3-8B,1.0,1.0,0.0,0.12,4
bbh:test:163:baf1c2d69482,Qwen3-8B,0.0,1.0,1.0,0.41000000000000003,4
bbh:test:291:41616864aaad,Qwen3-8B,1.0,1.0,0.0,0.20000000000000004,4
bbh:test:521:96708ac47b71,Qwen3-8B,1.0,1.0,0.0,0.22999999999999998,4
bbh:test:1054:cf82ec8d31de,Qwen3-8B,1.0,1.0,0.0,0.18999999999999997,4
bbh:test:237:0cc4fc9e1059,Qwen3-8B,1.0,1.0,0.0,0.050000000000000044,4
bbh:test:351:57b9ae2bcc9d,Qwen3-8B,1.0,1.0,0.0,0.14,4
bbh:test:949:e22e07253559,Qwen3-8B,1.0,1.0,0.0,0.15,4
bbh:test:1069:6e76ddee97af,Qwen3-8B,1.0,1.0,0.0,0.26,4
bbh:test:539:deb4393dea10,Qwen3-8B,1.0,1.0,0.0,0.12000000000000002,4
bbh:test:1030:09726b0c4041,Qwen3-8B,1.0,1.0,0.0,0.26,4
bbh:test:758:92b3d39222cb,Qwen3-8B,0.0,1.0,1.0,0.32999999999999996,4
bbh:test:266:d239de52395e,Qwen3-8B,1.0,1.0,0.0,0.21,4
bbh:test:653:58cb9416f86d,Qwen3-8B,1.0,1.0,0.0,0.27,4
bbh:test:244:bcb4d7c8e0a2,Qwen3-8B,1.0,1.0,0.0,0.26,4
bbh:test:770:f0cd518d1f2d,Qwen3-8B,1.0,1.0,0.0,0.14,4
bbh:test:19:ca9222cf62f9,Qwen3-8B,1.0,1.0,0.0,0.27,4
bbh:test:447:90320765aae2,Qwen3-8B,1.0,1.0,0.0,0.31,4
bbh:test:6:4e2ebd8a629a,Qwen3-8B,1.0,1.0,0.0,0.24,4
bbh:test:576:ca4988d19532,Qwen3-8B,1.0,1.0,0.0,0.22000000000000003,4
bbh:test:756:811b5e283150,Qwen3-8B,1.0,1.0,0.0,0.24999999999999997,4
bbh:test:255:af6b706e0b9d,Qwen3-8B,0.0,1.0,1.0,0.24,4
bbh:test:916:e4b8f2e77f0f,Qwen3-8B,1.0,1.0,0.0,0.09999999999999998,4
bbh:test:208:0e10474b03e3,Qwen3-8B,1.0,1.0,0.0,0.10000000000000003,4
bbh:test:1065:9e2520654020,Qwen3-8B,1.0,1.0,0.0,0.15999999999999998,4
bbh:test:10:b407bc96bb00,Qwen3-8B,1.0,1.0,0.0,0.22999999999999998,4
bbh:test:183:fb187f5dd376,Qwen3-8B,0.0,1.0,1.0,0.33999999999999997,4
bbh:test:867:6516e2a62a9c,Qwen3-8B,1.0,1.0,0.0,0.09999999999999998,4
bbh:test:684:d3476249c6b4,Qwen3-8B,0.0,1.0,1.0,0.22000000000000003,4
bbh:test:170:9280e6724051,Qwen3-8B,1.0,1.0,0.0,0.30000000000000004,4
bbh:test:609:6e8e1b34fb1a,Qwen3-8B,1.0,1.0,0.0,0.11999999999999997,4
bbh:test:645:73711e667a25,Qwen3-8B,1.0,1.0,0.0,0.25,4
bbh:test:805:900a3edab8cd,Qwen3-8B,1.0,1.0,0.0,0.15000000000000002,4
bbh:test:551:97b4dea03dd7,Qwen3-8B,1.0,1.0,0.0,0.19000000000000003,4
bbh:test:526:da833e2de442,Qwen3-8B,1.0,1.0,0.0,0.24999999999999997,4
bbh:test:1055:59a2d617d6d0,Qwen3-8B,1.0,1.0,0.0,0.21,4
bbh:test:281:a1b4f0d4b3a5,Qwen3-8B,1.0,1.0,0.0,0.26999999999999996,4
bbh:test:851:0bb7533f60c4,Qwen3-8B,1.0,1.0,0.0,0.04999999999999999,4
bbh:test:357:a7f1ca69871a,Qwen3-8B,1.0,1.0,0.0,0.13999999999999999,4
bbh:test:1025:4bd11cdef02e,Qwen3-8B,1.0,1.0,0.0,0.35,4
bbh:test:234:5474fb9ec17a,Qwen3-8B,1.0,1.0,0.0,0.13999999999999996,4
bbh:test:1032:67ee6abfe25f,Qwen3-8B,1.0,1.0,0.0,0.3400000000000001,4
bbh:test:540:5f5c487fe987,Qwen3-8B,1.0,1.0,0.0,0.11999999999999997,4
bbh:test:1015:afd4db531645,Qwen3-8B,1.0,1.0,0.0,0.29000000000000004,4
bbh:test:391:b1c831d5f41f,Qwen3-8B,1.0,1.0,0.0,0.22999999999999998,4
bbh:test:141:7b06d35cd1e8,Qwen3-8B,0.0,1.0,1.0,0.2,4
bbh:test:451:419d2f444c8a,Qwen3-8B,0.0,1.0,1.0,0.29,4
bbh:test:1048:8e3aae58f5e7,Qwen3-8B,1.0,1.0,0.0,0.18999999999999997,4
bbh:test:497:d436462839ba,Qwen3-8B,1.0,1.0,0.0,0.07,4
bbh:test:560:019cf294c049,Qwen3-8B,1.0,1.0,0.0,0.29,4
bbh:test:433:5fc435d0887a,Qwen3-8B,1.0,1.0,0.0,0.17,4
bbh:test:140:6d2c6bd7f88b,Qwen3-8B,1.0,1.0,0.0,0.28,4
bbh:test:897:46b59c039406,Qwen3-8B,1.0,1.0,0.0,0.15,4
bbh:test:997:68c8b9102558,Qwen3-8B,1.0,1.0,0.0,0.1,4
bbh:test:192:63081215e1c5,Qwen3-8B,1.0,1.0,0.0,0.36,4
bbh:test:60:e0e7977e5293,Qwen3-8B,1.0,1.0,0.0,0.44000000000000006,4
bbh:test:709:42ca4e0ab884,Qwen3-8B,1.0,1.0,0.0,0.19,4
bbh:test:541:043c456b3888,Qwen3-8B,1.0,1.0,0.0,0.24000000000000002,4
bbh:test:226:758e11557daa,Qwen3-8B,1.0,1.0,0.0,0.050000000000000044,4
bbh:test:629:ed831389fa27,Qwen3-8B,0.0,1.0,1.0,0.12000000000000002,4
bbh:test:848:c67b5f5167e8,Qwen3-8B,1.0,1.0,0.0,0.16,4
bbh:test:279:a7007557b254,Qwen3-8B,1.0,1.0,0.0,0.21000000000000002,4
bbh:test:833:0011ebb7c460,Qwen3-8B,1.0,1.0,0.0,0.16,4
bbh:test:752:728e0b82f298,Qwen3-8B,1.0,1.0,0.0,0.3,4
bbh:test:218:9ebcad3f2187,Qwen3-8B,1.0,1.0,0.0,0.12,4
bbh:test:114:980f6070f1f6,Qwen3-8B,1.0,1.0,0.0,0.14,4
bbh:test:382:46641e578bad,Qwen3-8B,1.0,1.0,0.0,0.17,4
bbh:test:1006:6d0dc87b2429,Qwen3-8B,1.0,1.0,0.0,0.28,4
bbh:test:189:627832a29287,Qwen3-8B,0.0,1.0,1.0,0.39,4
bbh:test:926:a83057f783ef,Qwen3-8B,1.0,1.0,0.0,0.11999999999999997,4
bbh:test:675:89ecd9e263f3,Qwen3-8B,1.0,1.0,0.0,0.36,4
bbh:test:904:456e542d43af,Qwen3-8B,1.0,1.0,0.0,0.21999999999999997,4
bbh:test:581:3ad07d902945,Qwen3-8B,1.0,1.0,0.0,0.13999999999999999,4
bbh:test:520:bb40237f5ede,Qwen3-8B,1.0,1.0,0.0,0.04999999999999999,4
bbh:test:413:1e4eb050c657,Qwen3-8B,1.0,1.0,0.0,0.04999999999999999,4
bbh:test:868:9ac88b05146f,Qwen3-8B,1.0,1.0,0.0,0.10999999999999999,4
bbh:test:891:c60b08c0922f,Qwen3-8B,1.0,1.0,0.0,0.25,4
bbh:test:512:38c793e28d36,Qwen3-8B,1.0,1.0,0.0,0.09000000000000002,4
bbh:test:809:fceefa1b1d9c,Qwen3-8B,1.0,1.0,0.0,0.15,4
bbh:test:372:7d4f690a3e95,Qwen3-8B,1.0,1.0,0.0,0.19999999999999998,4
bbh:test:213:d31fdd79cc6f,Qwen3-8B,1.0,1.0,0.0,0.12,4
bbh:test:55:c17cc84d7844,Qwen3-8B,0.0,1.0,1.0,0.26,4
bbh:test:365:aa47a461eb13,Qwen3-8B,1.0,1.0,0.0,0.26,4
bbh:test:554:8ac00a8bdbc3,Qwen3-8B,1.0,1.0,0.0,0.22999999999999998,4
bbh:test:903:b898e1456828,Qwen3-8B,1.0,1.0,0.0,0.16000000000000003,4
bbh:test:983:c11ce0bcef06,Qwen3-8B,1.0,1.0,0.0,0.19,4
bbh:test:619:5c7b78827830,Qwen3-8B,1.0,1.0,0.0,0.0,4
bbh:test:190:945a0b83aaf5,Qwen3-8B,1.0,1.0,0.0,0.29999999999999993,4
bbh:test:416:9c839a8cbc26,Qwen3-8B,0.0,1.0,1.0,0.23,4
bbh:test:386:5e5f7bc3152a,Qwen3-8B,1.0,1.0,0.0,0.17,4
bbh:test:353:ea8edc15128c,Qwen3-8B,1.0,1.0,0.0,0.05000000000000002,4
bbh:test:900:b064614c2ca7,Qwen3-8B,1.0,1.0,0.0,0.10999999999999999,4
bbh:test:181:35b8a279e2c6,Qwen3-8B,1.0,1.0,0.0,0.33999999999999997,4
bbh:test:21:34d3c8b7d2dc,Qwen3-8B,1.0,1.0,0.0,0.20999999999999996,4
bbh:test:961:7ba86d4de3be,Qwen3-8B,1.0,1.0,0.0,0.09999999999999998,4
bbh:test:452:2586c6fa23c6,Qwen3-8B,1.0,1.0,0.0,0.27999999999999997,4
bbh:test:759:65c25f39bdce,Qwen3-8B,1.0,1.0,0.0,0.27999999999999997,4
bbh:test:405:fb188b5f0202,Qwen3-8B,1.0,1.0,0.0,0.25,4
bbh:test:245:69da406a2fc6,Qwen3-8B,1.0,1.0,0.0,0.22000000000000003,4
bbh:test:89:e070653aaaa0,Qwen3-8B,1.0,1.0,0.0,0.21,4
bbh:test:402:de5c3e81b4ec,Qwen3-8B,0.0,1.0,1.0,0.19,4
bbh:test:195:2b96d68f2fbb,Qwen3-8B,1.0,1.0,0.0,0.32,4
bbh:test:922:1316949e51b3,Qwen3-8B,1.0,1.0,0.0,0.15000000000000002,4
bbh:test:970:913006b5bc1b,Qwen3-8B,1.0,1.0,0.0,0.15,4
bbh:test:668:13b1c99e8706,Qwen3-8B,1.0,1.0,0.0,0.23,4
bbh:test:835:e1086d98a523,Qwen3-8B,1.0,1.0,0.0,0.21,4
bbh:test:635:6e0fd7f999f6,Qwen3-8B,1.0,1.0,0.0,0.16,4
bbh:test:104:f3ace3123ab2,Qwen3-8B,0.0,1.0,1.0,0.12999999999999998,4
bbh:test:837:cfa1aebf5ea0,Qwen3-8B,1.0,1.0,0.0,0.16,4
bbh:test:7:7bd1193ed1e4,Qwen3-8B,1.0,1.0,0.0,0.21999999999999997,4
bbh:test:799:d85fec956f67,Qwen3-8B,0.0,1.0,1.0,0.06999999999999998,4
bbh:test:441:314f30053b13,Qwen3-8B,0.0,1.0,1.0,0.24,4
bbh:test:5:136054805cf1,Qwen3-8B,1.0,1.0,0.0,0.28,4
bbh:test:564:3937ae417b6d,Qwen3-8B,1.0,1.0,0.0,0.019999999999999962,4
bbh:test:737:5f7ccc7ee387,Qwen3-8B,0.0,1.0,1.0,0.19999999999999998,4
bbh:test:165:42058b59d2b1,Qwen3-8B,0.0,1.0,1.0,0.33999999999999997,4
bbh:test:908:17cb9e3c6d2b,Qwen3-8B,1.0,1.0,0.0,0.1,4
bbh:test:108:c02fdaaae8f4,Qwen3-8B,1.0,1.0,0.0,0.14,4
bbh:test:461:8f0a701a866d,Qwen3-8B,1.0,1.0,0.0,0.29000000000000004,4
bbh:test:446:566b6b5d0829,Qwen3-8B,0.0,1.0,1.0,0.22999999999999998,4
bbh:test:863:cf94975ca562,Qwen3-8B,1.0,1.0,0.0,0.08000000000000002,4
bbh:test:930:b69bc2fc28a6,Qwen3-8B,1.0,1.0,0.0,0.15000000000000002,4
bbh:test:490:1b9b6485bd2e,Qwen3-8B,1.0,1.0,0.0,0.14,4
bbh:test:47:88e98c17d1e0,Qwen3-8B,0.0,1.0,1.0,0.36,4
bbh:test:552:d018297e2e56,Qwen3-8B,1.0,1.0,0.0,0.26,4
bbh:test:133:a37f9479d211,Qwen3-8B,1.0,1.0,0.0,0.22000000000000003,4
bbh:test:954:2f27405369e9,Qwen3-8B,1.0,1.0,0.0,0.15,4
bbh:test:253:fe0f222799e6,Qwen3-8B,0.0,1.0,1.0,0.22000000000000003,4
bbh:test:795:940051e03e13,Qwen3-8B,1.0,1.0,0.0,0.19,4
bbh:test:787:93e60613fe50,Qwen3-8B,1.0,1.0,0.0,0.16999999999999998,4
bbh:test:587:69877bc483e8,Qwen3-8B,1.0,1.0,0.0,0.019999999999999962,4
bbh:test:724:43390aa89905,Qwen3-8B,0.0,1.0,1.0,0.31,4
bbh:test:320:3a91d3a7e289,Qwen3-8B,1.0,1.0,0.0,0.29,4
bbh:test:4:ab685293ae8d,Qwen3-8B,1.0,1.0,0.0,0.26,4
bbh:test:875:87f357d527b5,Qwen3-8B,1.0,1.0,0.0,0.06,4
bbh:test:865:3c1e1294815b,Qwen3-8B,1.0,1.0,0.0,0.09000000000000002,4
bbh:test:422:351e2aa3c853,Qwen3-8B,1.0,1.0,0.0,0.17999999999999997,4
bbh:test:48:cf3d766063b7,Qwen3-8B,0.0,1.0,1.0,0.32999999999999996,4
bbh:test:757:f54f08742c78,Qwen3-8B,0.0,1.0,1.0,0.19999999999999998,4
bbh:test:322:e254ac376dc2,Qwen3-8B,0.0,1.0,1.0,0.04999999999999999,4
bbh:test:680:9e34681b5255,Qwen3-8B,1.0,1.0,0.0,0.10999999999999999,4
emorynlp:test:116:5385b3a1cbb1,Qwen3-8B,1.0,1.0,0.0,0.18,4
emorynlp:test:433:0e35181f38a0,Qwen3-8B,0.0,0.0,0.0,0.18999999999999997,4
emorynlp:test:336:b5214861f588,Qwen3-8B,0.0,0.0,0.0,0.14999999999999997,4
emorynlp:test:432:9afe69849bbd,Qwen3-8B,1.0,1.0,0.0,0.03999999999999998,4
emorynlp:test:164:fa7596e646ef,Qwen3-8B,0.0,1.0,1.0,0.10000000000000003,4
emorynlp:test:256:25081cbaafcc,Qwen3-8B,1.0,1.0,0.0,0.060000000000000026,4
emorynlp:test:238:7b8e93fb8d79,Qwen3-8B,0.0,0.0,0.0,0.17,4
emorynlp:test:599:9040bbce12de,Qwen3-8B,1.0,1.0,0.0,0.22,4
emorynlp:test:287:1ba578c7efca,Qwen3-8B,1.0,1.0,0.0,0.12,4
emorynlp:test:171:1ac2e07bbbc1,Qwen3-8B,0.0,1.0,1.0,0.2,4
emorynlp:test:679:9f817b78e4e8,Qwen3-8B,0.0,1.0,1.0,0.12,4
emorynlp:test:622:0eb3bccee2c0,Qwen3-8B,0.0,0.0,0.0,0.13,4
emorynlp:test:28:ecb538d6dab5,Qwen3-8B,1.0,1.0,0.0,0.07999999999999999,4
emorynlp:test:537:892f39c9936e,Qwen3-8B,0.0,0.0,0.0,0.020000000000000018,4
emorynlp:test:477:8703fe175108,Qwen3-8B,0.0,0.0,0.0,0.04000000000000001,4
emorynlp:test:311:3b10da603775,Qwen3-8B,0.0,1.0,1.0,0.14,4
emorynlp:test:230:3e8af3248d62,Qwen3-8B,0.0,0.0,0.0,0.1,4
emorynlp:test:616:3b54c67e05e1,Qwen3-8B,0.0,1.0,1.0,0.18000000000000002,4
emorynlp:test:240:0f2dab25556a,Qwen3-8B,0.0,1.0,1.0,0.11000000000000001,4
emorynlp:test:382:cbbbb32e977e,Qwen3-8B,0.0,0.0,0.0,0.13,4
emorynlp:test:31:3339c1fbfc10,Qwen3-8B,0.0,1.0,1.0,0.16000000000000003,4
emorynlp:test:656:e186eec41d98,Qwen3-8B,0.0,0.0,0.0,0.16999999999999998,4
emorynlp:test:6:07b24c3f7823,Qwen3-8B,0.0,0.0,0.0,0.15999999999999998,4
emorynlp:test:76:886e46349911,Qwen3-8B,0.0,1.0,1.0,0.13,4
emorynlp:test:125:357b9f93b9a8,Qwen3-8B,0.0,1.0,1.0,0.21,4
emorynlp:test:569:042b6d35ab7f,Qwen3-8B,0.0,1.0,1.0,0.09999999999999998,4
emorynlp:test:632:146445ca9f58,Qwen3-8B,0.0,1.0,1.0,0.15000000000000002,4
emorynlp:test:534:a580d83c526f,Qwen3-8B,0.0,0.0,0.0,0.22,4
emorynlp:test:105:36fb3a2cf7d7,Qwen3-8B,0.0,1.0,1.0,0.15999999999999998,4
emorynlp:test:684:a088d06f6671,Qwen3-8B,0.0,0.0,0.0,0.13,4
emorynlp:test:268:1cd40c4587f6,Qwen3-8B,1.0,1.0,0.0,0.12000000000000002,4
emorynlp:test:421:16489443a722,Qwen3-8B,0.0,1.0,1.0,0.21,4
emorynlp:test:145:8fec1dbc5e62,Qwen3-8B,0.0,1.0,1.0,0.08999999999999997,4
emorynlp:test:434:4d6aea2c37bd,Qwen3-8B,0.0,1.0,1.0,0.21000000000000002,4
emorynlp:test:236:7eb3283e3958,Qwen3-8B,1.0,1.0,0.0,0.15999999999999998,4
emorynlp:test:630:398f75b7736e,Qwen3-8B,0.0,0.0,0.0,0.13,4
emorynlp:test:678:c2d2356ad9df,Qwen3-8B,1.0,1.0,0.0,0.23,4
emorynlp:test:29:583aea1e8e66,Qwen3-8B,0.0,1.0,1.0,0.16999999999999998,4
emorynlp:test:376:a4fafcbf0e10,Qwen3-8B,1.0,1.0,0.0,0.15000000000000002,4
emorynlp:test:606:a78ff3e4de82,Qwen3-8B,1.0,1.0,0.0,0.05000000000000002,4
emorynlp:test:297:b15a1bbc50a1,Qwen3-8B,0.0,1.0,1.0,0.09,4
emorynlp:test:319:9af0bd9c9614,Qwen3-8B,0.0,0.0,0.0,0.10999999999999999,4
emorynlp:test:158:f907c6293434,Qwen3-8B,0.0,1.0,1.0,0.19,4
emorynlp:test:84:7fcb89d1a2f1,Qwen3-8B,0.0,1.0,1.0,0.16000000000000003,4
emorynlp:test:653:ca7adf10210f,Qwen3-8B,1.0,1.0,0.0,0.08999999999999997,4
emorynlp:test:387:1e7913ad786b,Qwen3-8B,0.0,0.0,0.0,0.07,4
emorynlp:test:39:c5ee516fe558,Qwen3-8B,1.0,1.0,0.0,0.12000000000000002,4
emorynlp:test:349:19efd7cc4f59,Qwen3-8B,0.0,1.0,1.0,0.12,4
emorynlp:test:503:6f41f735f755,Qwen3-8B,1.0,1.0,0.0,0.13,4
emorynlp:test:472:29c96805c13c,Qwen3-8B,1.0,1.0,0.0,0.12,4
emorynlp:test:140:7926c38bd725,Qwen3-8B,1.0,1.0,0.0,0.12,4
emorynlp:test:264:bab225953ef6,Qwen3-8B,1.0,1.0,0.0,0.15,4
emorynlp:test:644:23b14d995e1e,Qwen3-8B,1.0,1.0,0.0,0.10999999999999999,4
emorynlp:test:23:1fc1c3aee624,Qwen3-8B,0.0,0.0,0.0,0.09,4
emorynlp:test:602:1cb3e4036c0e,Qwen3-8B,1.0,1.0,0.0,0.12,4
emorynlp:test:648:043ba459a4b8,Qwen3-8B,0.0,1.0,1.0,0.14,4
emorynlp:test:452:30b8a840ec03,Qwen3-8B,1.0,1.0,0.0,0.16,4
emorynlp:test:494:f318f2a1e8da,Qwen3-8B,1.0,1.0,0.0,0.19999999999999998,4
emorynlp:test:75:88f7c1aa5a1e,Qwen3-8B,1.0,1.0,0.0,0.08999999999999997,4
emorynlp:test:518:34dd26cc37f9,Qwen3-8B,1.0,1.0,0.0,0.15000000000000002,4
emorynlp:test:50:e709172521e7,Qwen3-8B,1.0,1.0,0.0,0.13,4
emorynlp:test:414:f82bf232bc0f,Qwen3-8B,0.0,1.0,1.0,0.12,4
emorynlp:test:279:360915ceb76c,Qwen3-8B,1.0,1.0,0.0,0.21,4
emorynlp:test:647:f47a589f8f1e,Qwen3-8B,1.0,1.0,0.0,0.18999999999999997,4
emorynlp:test:51:7a7661266cf6,Qwen3-8B,1.0,1.0,0.0,0.04000000000000001,4
emorynlp:test:302:019a7e2e3483,Qwen3-8B,0.0,1.0,1.0,0.19999999999999998,4
emorynlp:test:339:493429443268,Qwen3-8B,0.0,1.0,1.0,0.17999999999999997,4
emorynlp:test:539:0457b2b1c8e4,Qwen3-8B,0.0,0.0,0.0,0.16999999999999998,4
emorynlp:test:314:8c640aa77247,Qwen3-8B,0.0,1.0,1.0,0.15,4
emorynlp:test:322:cd02f63f4392,Qwen3-8B,0.0,1.0,1.0,0.15,4
emorynlp:test:559:61499453e041,Qwen3-8B,0.0,1.0,1.0,0.13,4
emorynlp:test:651:a44b87cca382,Qwen3-8B,0.0,1.0,1.0,0.13,4
emorynlp:test:377:67e942433daf,Qwen3-8B,0.0,1.0,1.0,0.13999999999999996,4
emorynlp:test:225:47145a1c0d6f,Qwen3-8B,0.0,1.0,1.0,0.09999999999999998,4
emorynlp:test:205:c3c83e2affa9,Qwen3-8B,0.0,1.0,1.0,0.10999999999999999,4
emorynlp:test:347:c0d6a717f239,Qwen3-8B,1.0,1.0,0.0,0.09999999999999998,4
emorynlp:test:639:2c5a568d403f,Qwen3-8B,0.0,1.0,1.0,0.09,4
emorynlp:test:573:8f1962772a3c,Qwen3-8B,0.0,1.0,1.0,0.09999999999999998,4
emorynlp:test:101:71afced61c81,Qwen3-8B,0.0,1.0,1.0,0.15,4
emorynlp:test:351:8be56d7d6fe1,Qwen3-8B,1.0,1.0,0.0,0.15999999999999998,4
emorynlp:test:149:c76ba2373afe,Qwen3-8B,0.0,1.0,1.0,0.18,4
emorynlp:test:490:fd0e87463d17,Qwen3-8B,0.0,0.0,0.0,0.12,4
emorynlp:test:665:3e1961b0807c,Qwen3-8B,0.0,0.0,0.0,0.19999999999999998,4
emorynlp:test:202:6d6c920872e2,Qwen3-8B,1.0,1.0,0.0,0.1,4
emorynlp:test:275:24115a437ea9,Qwen3-8B,1.0,1.0,0.0,0.12,4
emorynlp:test:483:90a7ecdfcbc1,Qwen3-8B,0.0,1.0,1.0,0.18999999999999997,4
emorynlp:test:430:d0727443bec8,Qwen3-8B,1.0,1.0,0.0,0.10999999999999999,4
emorynlp:test:530:313212b34b11,Qwen3-8B,0.0,1.0,1.0,0.15,4
emorynlp:test:546:7a361692157e,Qwen3-8B,1.0,1.0,0.0,0.10000000000000003,4
emorynlp:test:22:efa04a0dcf07,Qwen3-8B,0.0,0.0,0.0,0.21,4
emorynlp:test:455:e0bac60ca073,Qwen3-8B,1.0,1.0,0.0,0.08000000000000002,4
emorynlp:test:68:6c9cdf779d89,Qwen3-8B,0.0,1.0,1.0,0.14,4
emorynlp:test:120:f9a5c90370d8,Qwen3-8B,0.0,0.0,0.0,0.12000000000000002,4
emorynlp:test:257:885601b0bfee,Qwen3-8B,0.0,1.0,1.0,0.09999999999999998,4
emorynlp:test:465:c49d256033aa,Qwen3-8B,1.0,1.0,0.0,0.1,4
emorynlp:test:535:e2f4c0bcd035,Qwen3-8B,1.0,1.0,0.0,0.1,4
emorynlp:test:119:5d648c70b200,Qwen3-8B,0.0,0.0,0.0,0.12,4
emorynlp:test:685:1a041be65a23,Qwen3-8B,0.0,1.0,1.0,0.13,4
emorynlp:test:296:2b191402f4f0,Qwen3-8B,0.0,1.0,1.0,0.15000000000000002,4
emorynlp:test:83:219fd4651ff4,Qwen3-8B,1.0,1.0,0.0,0.16,4
emorynlp:test:259:1818d42ea936,Qwen3-8B,0.0,1.0,1.0,0.16,4
emorynlp:test:113:10782e6c0620,Qwen3-8B,1.0,1.0,0.0,0.09,4
emorynlp:test:334:91d54e53c3eb,Qwen3-8B,1.0,1.0,0.0,0.13,4
emorynlp:test:7:50cd4c61a158,Qwen3-8B,0.0,0.0,0.0,0.17999999999999997,4
emorynlp:test:431:b0a43ef49bb9,Qwen3-8B,0.0,1.0,1.0,0.04999999999999999,4
emorynlp:test:570:b8430225f016,Qwen3-8B,0.0,0.0,0.0,0.12999999999999998,4
emorynlp:test:464:cb9e69ca7621,Qwen3-8B,1.0,1.0,0.0,0.21,4
emorynlp:test:526:27e887f0263b,Qwen3-8B,0.0,0.0,0.0,0.18000000000000002,4
emorynlp:test:524:c02b6b159f03,Qwen3-8B,0.0,1.0,1.0,0.13,4
emorynlp:test:346:0fbf17d27c2a,Qwen3-8B,0.0,0.0,0.0,0.09000000000000002,4
emorynlp:test:367:af3458621692,Qwen3-8B,1.0,1.0,0.0,0.14,4
emorynlp:test:650:53424fad889d,Qwen3-8B,0.0,1.0,1.0,0.15999999999999998,4
emorynlp:test:129:3072149af0e1,Qwen3-8B,0.0,0.0,0.0,0.09999999999999998,4
emorynlp:test:372:39191bcfb48a,Qwen3-8B,1.0,1.0,0.0,0.10999999999999999,4
emorynlp:test:493:15d2d3dcbd8d,Qwen3-8B,0.0,0.0,0.0,0.09,4
emorynlp:test:519:9013383248bc,Qwen3-8B,1.0,1.0,0.0,0.14,4
emorynlp:test:265:b802979fb788,Qwen3-8B,0.0,1.0,1.0,0.13,4
emorynlp:test:306:4882dea7211d,Qwen3-8B,1.0,1.0,0.0,0.06999999999999998,4
emorynlp:test:273:912c8a8d729d,Qwen3-8B,0.0,1.0,1.0,0.10999999999999999,4
emorynlp:test:231:df562e75841e,Qwen3-8B,1.0,1.0,0.0,0.15000000000000002,4
emorynlp:test:258:686dbee42826,Qwen3-8B,0.0,0.0,0.0,0.23,4
emorynlp:test:179:90f95eb5816a,Qwen3-8B,0.0,0.0,0.0,0.15999999999999998,4
emorynlp:test:118:b7dce3f84dd4,Qwen3-8B,0.0,0.0,0.0,0.12,4
emorynlp:test:251:5da74843b5e1,Qwen3-8B,0.0,1.0,1.0,0.11000000000000001,4
emorynlp:test:407:7ef9676a99b3,Qwen3-8B,0.0,1.0,1.0,0.18999999999999997,4
emorynlp:test:78:23704d5eed6c,Qwen3-8B,1.0,1.0,0.0,0.14,4
emorynlp:test:327:9503572b58fc,Qwen3-8B,1.0,1.0,0.0,0.13,4
emorynlp:test:86:6f866ab7fa65,Qwen3-8B,0.0,1.0,1.0,0.15000000000000002,4
emorynlp:test:310:a7c2db388b2b,Qwen3-8B,1.0,1.0,0.0,0.14,4
emorynlp:test:335:3f5841711e92,Qwen3-8B,1.0,1.0,0.0,0.13,4
emorynlp:test:552:fab93cdabee9,Qwen3-8B,1.0,1.0,0.0,0.1,4
emorynlp:test:361:6c1101607439,Qwen3-8B,1.0,1.0,0.0,0.14,4
emorynlp:test:154:aaa71aa8f699,Qwen3-8B,0.0,1.0,1.0,0.14,4
emorynlp:test:529:04ccf44b4094,Qwen3-8B,1.0,1.0,0.0,0.04999999999999996,4
emorynlp:test:500:6883ca95623d,Qwen3-8B,0.0,0.0,0.0,0.17,4
emorynlp:test:386:4279f525c0e2,Qwen3-8B,0.0,0.0,0.0,0.23,4
emorynlp:test:368:5bab93bdb5a2,Qwen3-8B,0.0,0.0,0.0,0.13,4
emorynlp:test:165:3d5f7c67b61d,Qwen3-8B,0.0,0.0,0.0,0.1,4
emorynlp:test:384:b50e824a8bef,Qwen3-8B,0.0,1.0,1.0,0.11000000000000001,4
finqa:test:352:16b1d0826c35,Qwen3-8B,1.0,1.0,0.0,0.28,4
finqa:test:899:d2d25042fa80,Qwen3-8B,0.0,0.0,0.0,0.24000000000000002,4
finqa:test:819:d7e3e3312248,Qwen3-8B,1.0,1.0,0.0,0.19,4
finqa:test:300:67899b08b1c2,Qwen3-8B,1.0,1.0,0.0,0.26999999999999996,4
finqa:test:918:db113a5180d1,Qwen3-8B,1.0,1.0,0.0,0.28,4
finqa:test:128:09a87341dcdc,Qwen3-8B,1.0,1.0,0.0,0.31999999999999995,4
finqa:test:542:0af77e66beaa,Qwen3-8B,0.0,1.0,1.0,0.24999999999999997,4
finqa:test:982:3a861b9b7f21,Qwen3-8B,1.0,1.0,0.0,0.29,4
finqa:test:308:10d34cca5fa1,Qwen3-8B,1.0,1.0,0.0,0.36,4
finqa:test:452:2fe14b90d7ff,Qwen3-8B,1.0,1.0,0.0,0.28,4
finqa:test:975:7b60b423d91b,Qwen3-8B,1.0,1.0,0.0,0.29999999999999993,4
finqa:test:5:e76eb10d2fa6,Qwen3-8B,0.0,1.0,1.0,0.27,4
finqa:test:596:4e9f9f7a3668,Qwen3-8B,0.0,0.0,0.0,0.2899999999999999,4
finqa:test:737:effa6e65dbfd,Qwen3-8B,1.0,1.0,0.0,0.18,4
finqa:test:1052:f50ce78c803a,Qwen3-8B,1.0,1.0,0.0,0.22999999999999998,4
finqa:test:367:83ce4315ffee,Qwen3-8B,0.0,1.0,1.0,0.32999999999999996,4
finqa:test:625:17b0c2685983,Qwen3-8B,1.0,1.0,0.0,0.22999999999999998,4
finqa:test:151:0a9e0a96dc10,Qwen3-8B,0.0,0.0,0.0,0.25999999999999995,4
finqa:test:179:070247e591c0,NVIDIA-Nemotron-Nano-9B-v2,1.0,1.0,0.0,0.02999999999999997,4
finqa:test:177:3ae8c3416bbe,Qwen3-8B,1.0,1.0,0.0,0.27,4
finqa:test:720:3ce6c82f68f6,Qwen3-8B,1.0,1.0,0.0,0.23999999999999996,4
finqa:test:745:b95b5c013ec9,Qwen3-8B,1.0,1.0,0.0,0.25,4
finqa:test:65:9c1f5aced09c,Qwen3-8B,1.0,1.0,0.0,0.25999999999999995,4
finqa:test:203:f63fbaa69701,Qwen3-8B,1.0,1.0,0.0,0.26,4
finqa:test:246:09c46a0afd83,Qwen3-8B,1.0,1.0,0.0,0.31999999999999995,4
finqa:test:288:b18d88798435,Qwen3-8B,1.0,1.0,0.0,0.25,4
finqa:test:366:f0eada726b90,Qwen3-8B,1.0,1.0,0.0,0.27,4
finqa:test:102:f1610700fe94,Qwen3-8B,1.0,1.0,0.0,0.26,4
finqa:test:503:2eacce57e13f,Qwen3-8B,0.0,0.0,0.0,0.22,4
finqa:test:150:08f191643736,Qwen3-8B,1.0,1.0,0.0,0.24999999999999997,4
finqa:test:628:623b2c267dfd,Qwen3-8B,0.0,0.0,0.0,0.38,4
finqa:test:64:9563023ffac6,Qwen3-8B,1.0,1.0,0.0,0.33,4
finqa:test:1110:f6fcb63850f1,Qwen3-8B,1.0,1.0,0.0,0.28,4
finqa:test:646:120dd58db6b6,Qwen3-8B,1.0,1.0,0.0,0.36,4
finqa:test:390:5243bd2d9f81,Qwen3-8B,1.0,1.0,0.0,0.08999999999999997,4
finqa:test:121:e6ab56629c62,Qwen3-8B,0.0,0.0,0.0,0.33999999999999997,4
finqa:test:410:46ccc25359ac,Qwen3-8B,1.0,1.0,0.0,0.31999999999999995,4
finqa:test:931:06a2ffec37d2,Qwen3-8B,1.0,1.0,0.0,0.24000000000000002,4
finqa:test:618:7513e0d28735,Qwen3-8B,0.0,0.0,0.0,0.27,4
finqa:test:802:7b625c05593e,Qwen3-8B,0.0,1.0,1.0,0.28,4
finqa:test:1145:200656c7f31c,Qwen3-8B,1.0,1.0,0.0,0.16,4
finqa:test:659:fd6580dbe118,Qwen3-8B,1.0,1.0,0.0,0.29000000000000004,4
finqa:test:152:f277276cfae2,Qwen3-8B,0.0,0.0,0.0,0.24,4
finqa:test:380:274ab55b5acc,Qwen3-8B,1.0,1.0,0.0,0.43999999999999995,4
finqa:test:161:e6dd284b42d1,Qwen3-8B,0.0,0.0,0.0,0.33999999999999997,4
finqa:test:483:93feb3852e15,Qwen3-8B,1.0,1.0,0.0,0.19999999999999996,4
finqa:test:1114:88fcfadbaf4c,Qwen3-8B,1.0,1.0,0.0,0.26,4
finqa:test:657:f94d698e20ef,Qwen3-8B,1.0,1.0,0.0,0.33,4
finqa:test:493:aac4a2fd7207,Qwen3-8B,0.0,0.0,0.0,0.3,4
finqa:test:884:8b938a92899c,Qwen3-8B,1.0,1.0,0.0,0.36,4
finqa:test:883:3f65b42c52a9,Qwen3-8B,0.0,0.0,0.0,0.28,4
finqa:test:478:96516bff16df,Qwen3-8B,1.0,1.0,0.0,0.28,4
finqa:test:725:79ae596975a4,Qwen3-8B,1.0,1.0,0.0,0.26,4
finqa:test:933:7478355b8449,Qwen3-8B,1.0,1.0,0.0,0.18,4
finqa:test:821:f71a01e41efa,Qwen3-8B,0.0,1.0,1.0,0.24000000000000002,4
finqa:test:1033:5b55c1fd2234,Qwen3-8B,1.0,1.0,0.0,0.18000000000000002,4
finqa:test:370:ac818a9c046c,Qwen3-8B,0.0,1.0,1.0,0.28,4
finqa:test:863:c8d37f4bef82,Qwen3-8B,0.0,1.0,1.0,0.31999999999999995,4
finqa:test:169:2f8528d6079c,Qwen3-8B,1.0,1.0,0.0,0.33999999999999997,4
finqa:test:693:fd8975ea1f8e,Qwen3-8B,0.0,1.0,1.0,0.22000000000000003,4
finqa:test:658:9d6a045ecffd,Qwen3-8B,1.0,1.0,0.0,0.24999999999999997,4
finqa:test:383:f3fb0fdc8692,Qwen3-8B,1.0,1.0,0.0,0.23,4
finqa:test:513:d2d3307bbb71,Qwen3-8B,1.0,1.0,0.0,0.25,4
finqa:test:763:a65ae600e7b3,Qwen3-8B,1.0,1.0,0.0,0.26,4
finqa:test:455:2d078bdaeef6,Qwen3-8B,1.0,1.0,0.0,0.27,4
finqa:test:508:ae311f2a681e,Qwen3-8B,0.0,0.0,0.0,0.37,4
finqa:test:607:1749c87e1835,Qwen3-8B,1.0,1.0,0.0,0.28,4
finqa:test:237:9caee885c653,Qwen3-8B,1.0,1.0,0.0,0.32999999999999996,4
finqa:test:415:6e88baf7859a,Qwen3-8B,0.0,1.0,1.0,0.22,4
finqa:test:482:fd2687cb9805,Qwen3-8B,0.0,1.0,1.0,0.31999999999999995,4
finqa:test:1126:4c7ddd326e17,Qwen3-8B,1.0,1.0,0.0,0.23,4
finqa:test:739:37cd39260014,Qwen3-8B,1.0,1.0,0.0,0.24999999999999997,4
finqa:test:360:edc2ff1ef2fe,Qwen3-8B,0.0,1.0,1.0,0.27999999999999997,4
finqa:test:609:f55833c69581,Qwen3-8B,1.0,1.0,0.0,0.33,4
finqa:test:707:7816d4d65150,Qwen3-8B,1.0,1.0,0.0,0.29000000000000004,4
finqa:test:305:3238ca5b2bda,Qwen3-8B,1.0,1.0,0.0,0.24000000000000002,4
finqa:test:1000:5c4ebc463005,Qwen3-8B,1.0,1.0,0.0,0.21,4
finqa:test:414:8195bb2817ac,Qwen3-8B,1.0,1.0,0.0,0.22,4
finqa:test:408:ced532c73c51,Qwen3-8B,1.0,1.0,0.0,0.25,4
finqa:test:564:7537a70268fd,Qwen3-8B,1.0,1.0,0.0,0.30999999999999994,4
finqa:test:135:42463188e2b0,Qwen3-8B,1.0,1.0,0.0,0.30000000000000004,4
finqa:test:573:f1b06c777125,Qwen3-8B,1.0,1.0,0.0,0.22,4
finqa:test:759:9eb72645610c,Qwen3-8B,1.0,1.0,0.0,0.33999999999999997,4
finqa:test:340:4b3c427ebb97,Qwen3-8B,1.0,1.0,0.0,0.16,4
finqa:test:175:76ed2b4c24b6,Qwen3-8B,0.0,1.0,1.0,0.29,4
finqa:test:958:959176cab2c8,Qwen3-8B,1.0,1.0,0.0,0.32999999999999996,4
finqa:test:1057:985a6a5c01fb,Qwen3-8B,1.0,1.0,0.0,0.32,4
finqa:test:813:935f32484d6b,Qwen3-8B,1.0,1.0,0.0,0.22,4
finqa:test:649:7bfee9406282,Qwen3-8B,1.0,1.0,0.0,0.29000000000000004,4
finqa:test:35:0571cf2b5d37,Qwen3-8B,0.0,0.0,0.0,0.2,4
finqa:test:369:533f73d3fd2d,Qwen3-8B,1.0,1.0,0.0,0.27999999999999997,4
finqa:test:281:9271fdebf181,Qwen3-8B,1.0,1.0,0.0,0.26,4
finqa:test:226:4c9fd22fe8a5,Qwen3-8B,1.0,1.0,0.0,0.24999999999999997,4
finqa:test:492:a21bc80a606e,Qwen3-8B,1.0,1.0,0.0,0.22,4
finqa:test:901:1b86df06c93e,Qwen3-8B,1.0,1.0,0.0,0.32,4
finqa:test:321:525f8ab67239,Qwen3-8B,1.0,1.0,0.0,0.22999999999999998,4
finqa:test:868:e7e1f16cd900,Qwen3-8B,1.0,1.0,0.0,0.37,4
finqa:test:349:d28b761c6273,Qwen3-8B,0.0,1.0,1.0,0.31999999999999995,4
finqa:test:799:b116c66a1a0e,Qwen3-8B,1.0,1.0,0.0,0.18,4
finqa:test:1102:3e4ef3cfab9d,Qwen3-8B,1.0,1.0,0.0,0.31999999999999995,4
finqa:test:242:f56129d1c98d,Qwen3-8B,1.0,1.0,0.0,0.31999999999999995,4
finqa:test:897:513483adde72,Qwen3-8B,0.0,0.0,0.0,0.29,4
finqa:test:337:69f424a93e4b,Qwen3-8B,1.0,1.0,0.0,0.35,4
finqa:test:887:3da1bfe182bc,Qwen3-8B,1.0,1.0,0.0,0.24,4
finqa:test:719:ca1a72affa67,Qwen3-8B,1.0,1.0,0.0,0.25,4
finqa:test:470:2f8f7b6a0835,Qwen3-8B,1.0,1.0,0.0,0.22,4
finqa:test:267:27b4f8a23819,Qwen3-8B,1.0,1.0,0.0,0.26999999999999996,4
finqa:test:33:2d548be81e11,Qwen3-8B,1.0,1.0,0.0,0.33999999999999997,4
finqa:test:210:b78ff3f09a2a,Qwen3-8B,0.0,1.0,1.0,0.19999999999999998,4
finqa:test:855:184b4c89d1a7,Qwen3-8B,0.0,1.0,1.0,0.29,4
finqa:test:1086:14308db13ca3,Qwen3-8B,1.0,1.0,0.0,0.28,4
finqa:test:709:6e60e54aa40e,Qwen3-8B,0.0,1.0,1.0,0.27999999999999997,4
finqa:test:998:cde5f4155957,Qwen3-8B,1.0,1.0,0.0,0.26,4
finqa:test:411:3390f7c33f49,Qwen3-8B,0.0,1.0,1.0,0.29000000000000004,4
finqa:test:171:16a9c53e1320,Qwen3-8B,0.0,0.0,0.0,0.18000000000000002,4
finqa:test:459:999dee9d74ca,Qwen3-8B,1.0,1.0,0.0,0.17,4
finqa:test:631:b1077f2cf13a,Qwen3-8B,1.0,1.0,0.0,0.18,4
finqa:test:270:dca3d35de173,Qwen3-8B,1.0,1.0,0.0,0.19000000000000003,4
finqa:test:75:39414820c152,Qwen3-8B,1.0,1.0,0.0,0.24000000000000002,4
finqa:test:405:c4d64e475fe0,Qwen3-8B,1.0,1.0,0.0,0.35,4
finqa:test:488:fec720618f4f,Qwen3-8B,0.0,1.0,1.0,0.25999999999999995,4
finqa:test:1071:72f31b0a29c2,Qwen3-8B,1.0,1.0,0.0,0.38,4
finqa:test:1077:549dc1b6d152,Qwen3-8B,0.0,1.0,1.0,0.19999999999999998,4
finqa:test:1082:5c4ff1e88902,Qwen3-8B,1.0,1.0,0.0,0.4,4
finqa:test:192:c913c4677ed7,Qwen3-8B,1.0,1.0,0.0,0.17,4
finqa:test:610:e70003cc3b24,Qwen3-8B,0.0,1.0,1.0,0.35,4
finqa:test:804:e3658b21a6d0,Qwen3-8B,0.0,0.0,0.0,0.20999999999999996,4
finqa:test:296:2b8f730cfcde,Qwen3-8B,1.0,1.0,0.0,0.24000000000000002,4
finqa:test:395:1c50343c29f6,Qwen3-8B,1.0,1.0,0.0,0.29000000000000004,4
finqa:test:468:c57c917e8a28,Qwen3-8B,0.0,1.0,1.0,0.44999999999999996,4
finqa:test:567:b289fe7b624a,Qwen3-8B,1.0,1.0,0.0,0.26,4
finqa:test:1127:8cb33feaaa1f,Qwen3-8B,0.0,0.0,0.0,0.36,4
finqa:test:206:905de6947f40,Qwen3-8B,1.0,1.0,0.0,0.22999999999999998,4
finqa:test:949:73039f101a99,Qwen3-8B,0.0,1.0,1.0,0.34,4
finqa:test:230:4259ac5c430f,Qwen3-8B,1.0,1.0,0.0,0.25,4
finqa:test:445:51c0973e8baa,Qwen3-8B,1.0,1.0,0.0,0.25,4
finqa:test:1142:bbb3d8f72e2c,Qwen3-8B,0.0,0.0,0.0,0.31,4
finqa:test:409:80e15b0d1e89,Qwen3-8B,0.0,1.0,1.0,0.27,4
finqa:test:91:b858b9b5f95d,Qwen3-8B,1.0,1.0,0.0,0.28,4
finqa:test:144:1d936b955338,Qwen3-8B,1.0,1.0,0.0,0.22999999999999998,4
finqa:test:458:9422806e08ef,Qwen3-8B,1.0,1.0,0.0,0.3,4
finqa:test:640:5e528e50d0a1,Qwen3-8B,1.0,1.0,0.0,0.31999999999999995,4
finqa:test:361:36f6a3da602c,Qwen3-8B,1.0,1.0,0.0,0.17,4
finqa:test:892:2a0cb9cc66e2,Qwen3-8B,0.0,1.0,1.0,0.31999999999999995,4
finqa:test:1098:875d4db6df3f,Qwen3-8B,1.0,1.0,0.0,0.29,4
finqa:test:653:e9543d02b8fc,Qwen3-8B,0.0,1.0,1.0,0.39,4
finqa:test:514:0c72e6cf9ea2,Qwen3-8B,1.0,1.0,0.0,0.33999999999999997,4
finqa:test:163:bdf556cbc16d,Qwen3-8B,1.0,1.0,0.0,0.22999999999999998,4
finqa:test:13:c7c32ec55e30,Qwen3-8B,1.0,1.0,0.0,0.35,4
finqa:test:215:b2e08f326aa3,Qwen3-8B,1.0,1.0,0.0,0.41000000000000003,4
finqa:test:575:ab97a628c11b,Qwen3-8B,1.0,1.0,0.0,0.24000000000000002,4
finqa:test:588:eda4ef424149,Qwen3-8B,1.0,1.0,0.0,0.2,4
finqa:test:780:14c4990519e2,Qwen3-8B,1.0,1.0,0.0,0.18000000000000002,4
finqa:test:490:555f1ade3e6e,Qwen3-8B,1.0,1.0,0.0,0.25,4
finqa:test:563:5cdb9331c88d,Qwen3-8B,1.0,1.0,0.0,0.24000000000000002,4
finqa:test:87:bcd36c8deda3,Qwen3-8B,1.0,1.0,0.0,0.21000000000000002,4
finqa:test:77:71c04fc10f1d,Qwen3-8B,1.0,1.0,0.0,0.39,4
finqa:test:692:67f23cd87982,Qwen3-8B,1.0,1.0,0.0,0.22999999999999998,4
finqa:test:184:f8bae29a5937,Qwen3-8B,1.0,1.0,0.0,0.29,4
finqa:test:1074:c4e43f2d2184,Qwen3-8B,1.0,1.0,0.0,0.19000000000000003,4
finqa:test:687:459cb0a1708e,Qwen3-8B,1.0,1.0,0.0,0.20999999999999996,4
finqa:test:1049:7196c805ccb5,Qwen3-8B,1.0,1.0,0.0,0.19999999999999998,4
finqa:test:738:d20a6d08eb1c,Qwen3-8B,0.0,1.0,1.0,0.29,4
finqa:test:920:02d34197feaa,Qwen3-8B,1.0,1.0,0.0,0.19000000000000003,4
finqa:test:316:c8dbf4ef94f7,Qwen3-8B,0.0,1.0,1.0,0.39,4
finqa:test:422:5ed5315cf3d6,Qwen3-8B,1.0,1.0,0.0,0.26,4
finqa:test:671:9c19699bda8d,Qwen3-8B,0.0,0.0,0.0,0.24999999999999997,4
finqa:test:900:66ca31a607ac,Qwen3-8B,1.0,1.0,0.0,0.22,4
finqa:test:1135:8424dc95d6f2,Qwen3-8B,1.0,1.0,0.0,0.25,4
finqa:test:965:555f1ade3e6e,Qwen3-8B,1.0,1.0,0.0,0.25999999999999995,4
finqa:test:12:6afe53bc33a2,Qwen3-8B,0.0,1.0,1.0,0.24999999999999997,4
finqa:test:764:a763954ed569,Qwen3-8B,1.0,1.0,0.0,0.31999999999999995,4
finqa:test:854:b119e41f3335,Qwen3-8B,1.0,1.0,0.0,0.17000000000000004,4
finqa:test:188:a075a2ff8bb2,Qwen3-8B,1.0,1.0,0.0,0.21,4
finqa:test:1039:6cbd5b74749e,Qwen3-8B,0.0,1.0,1.0,0.31,4
finqa:test:438:c4a52e2ca6fe,Qwen3-8B,1.0,1.0,0.0,0.31999999999999995,4
finqa:test:418:a9e4dedc686c,Qwen3-8B,1.0,1.0,0.0,0.29999999999999993,4
finqa:test:449:54b682ff720e,Qwen3-8B,1.0,1.0,0.0,0.29999999999999993,4
finqa:test:335:83434e31554e,Qwen3-8B,1.0,1.0,0.0,0.22000000000000003,4
finqa:test:120:15d4bcd1589b,Qwen3-8B,0.0,1.0,1.0,0.29,4
finqa:test:808:2bb79af8fceb,Qwen3-8B,0.0,0.0,0.0,0.24,4
finqa:test:382:2d423fdad60e,Qwen3-8B,1.0,1.0,0.0,0.23,4
finqa:test:770:41c458dbf7ab,Qwen3-8B,1.0,1.0,0.0,0.26,4
finqa:test:301:daae9b9aa01d,Qwen3-8B,0.0,1.0,1.0,0.19999999999999998,4
finqa:test:876:21795412a56b,Qwen3-8B,1.0,1.0,0.0,0.27,4
finqa:test:941:881687f72c08,Qwen3-8B,0.0,0.0,0.0,0.26,4
finqa:test:754:d9ceb2a97021,Qwen3-8B,1.0,1.0,0.0,0.3,4
finqa:test:460:65d2fa26a8e3,Qwen3-8B,0.0,0.0,0.0,0.22,4
finqa:test:280:b42d9f730851,Qwen3-8B,1.0,1.0,0.0,0.31000000000000005,4
finqa:test:525:00a7d66a8332,Qwen3-8B,1.0,1.0,0.0,0.27,4
finqa:test:332:1d0607e924d3,Qwen3-8B,1.0,1.0,0.0,0.22999999999999998,4
finqa:test:641:0c93a145edc6,Qwen3-8B,1.0,1.0,0.0,0.15999999999999998,4
finqa:test:72:8c467aba3619,Qwen3-8B,1.0,1.0,0.0,0.19999999999999998,4
finqa:test:45:8ca3c7937e1a,Qwen3-8B,1.0,1.0,0.0,0.29,4
finqa:test:600:cc48390edfd6,Qwen3-8B,0.0,1.0,1.0,0.26,4
finqa:test:93:63b98d3fd8c5,Qwen3-8B,1.0,1.0,0.0,0.19999999999999998,4
finqa:test:851:6f313600d56f,Qwen3-8B,1.0,1.0,0.0,0.16,4
finqa:test:959:044cf7d96d96,Qwen3-8B,0.0,1.0,1.0,0.24000000000000002,4
finqa:test:423:9e3322971b4c,Qwen3-8B,0.0,1.0,1.0,0.27,4
finqa:test:1124:5c8ae852f214,Qwen3-8B,1.0,1.0,0.0,0.23,4
finqa:test:1138:4b032d5a130d,Qwen3-8B,1.0,1.0,0.0,0.26,4
finqa:test:924:e62b993863ac,Qwen3-8B,1.0,1.0,0.0,0.39,4
finqa:test:1134:c123f110500c,Qwen3-8B,1.0,1.0,0.0,0.42999999999999994,4
finqa:test:559:ea8f5330ea89,Qwen3-8B,1.0,1.0,0.0,0.29,4
finqa:test:212:40e6d1a5b840,Qwen3-8B,0.0,1.0,1.0,0.36,4
finqa:test:108:74c64f2815fa,Qwen3-8B,1.0,1.0,0.0,0.26,4
finqa:test:446:51d78839645e,Qwen3-8B,1.0,1.0,0.0,0.32999999999999996,4
finqa:test:1062:94f9aa15e131,Qwen3-8B,1.0,1.0,0.0,0.26,4
finqa:test:351:3b1351f5768d,Qwen3-8B,0.0,1.0,1.0,0.30000000000000004,4
finqa:test:1008:5984c09cc240,Qwen3-8B,1.0,1.0,0.0,0.22999999999999998,4
finqa:test:1042:1bd5f82538ba,Qwen3-8B,0.0,1.0,1.0,0.16,4
finqa:test:44:608bbdc6505c,Qwen3-8B,1.0,1.0,0.0,0.31999999999999995,4
finqa:test:434:7689af2bcfd0,Qwen3-8B,1.0,1.0,0.0,0.24,4
finqa:test:89:39b8bc0c43b9,Qwen3-8B,1.0,1.0,0.0,0.26,4
finqa:test:861:4df3e4941f16,Qwen3-8B,1.0,1.0,0.0,0.14999999999999997,4
finqa:test:561:bc0fdfb0700c,Qwen3-8B,1.0,1.0,0.0,0.19999999999999998,4
finqa:test:1076:efc66fb1a6ea,Qwen3-8B,1.0,1.0,0.0,0.24,4
finqa:test:462:e6bcb5f6f1b6,Qwen3-8B,0.0,0.0,0.0,0.35,4
finqa:test:23:0fce1c3ae9bc,Qwen3-8B,0.0,1.0,1.0,0.26,4
finqa:test:922:ea1e1f207bf2,Qwen3-8B,1.0,1.0,0.0,0.21999999999999997,4
finqa:test:806:feef2881bfad,Qwen3-8B,0.0,0.0,0.0,0.29000000000000004,4
finqa:test:569:d0ec37820d38,Qwen3-8B,1.0,1.0,0.0,0.22999999999999998,4
finqa:test:165:050014e92a94,Qwen3-8B,1.0,1.0,0.0,0.24999999999999997,4
finqa:test:118:98340329a0e9,Qwen3-8B,1.0,1.0,0.0,0.21999999999999997,4
finqa:test:831:81e73ad0ab2c,Qwen3-8B,0.0,1.0,1.0,0.30000000000000004,4
finqa:test:796:b7e8cddf4cf7,Qwen3-8B,0.0,1.0,1.0,0.22999999999999998,4
finqa:test:589:13b9bcc3f7b2,Qwen3-8B,1.0,1.0,0.0,0.16999999999999998,4
finqa:test:229:891346ffb279,Qwen3-8B,1.0,1.0,0.0,0.27,4
finqa:test:731:1d166ab447c2,Qwen3-8B,0.0,0.0,0.0,0.41000000000000003,4
gpqa:test:35:8e8d66633608,Qwen3-8B,1.0,1.0,0.0,0.24000000000000002,4
gpqa:test:54:1f101bccd200,Qwen3-8B,0.0,1.0,1.0,0.32999999999999996,4
gpqa:test:114:dc40ca632cd5,Qwen3-8B,0.0,1.0,1.0,0.31000000000000005,4
gpqa:test:74:a7bc97066792,Qwen3-8B,1.0,1.0,0.0,0.06,4
gpqa:test:180:92ea493323cd,Qwen3-8B,0.0,1.0,1.0,0.10999999999999999,4
gpqa:test:149:4c8dd7600126,Qwen3-8B,1.0,1.0,0.0,0.15,4
gpqa:test:6:065a53d88899,Qwen3-8B,1.0,1.0,0.0,0.31,4
gpqa:test:177:5fb04957154b,Qwen3-8B,1.0,1.0,0.0,0.15,4
gpqa:test:179:5604822d0a06,Qwen3-8B,1.0,1.0,0.0,0.24000000000000002,4
gpqa:test:178:e78b80add210,Qwen3-8B,0.0,1.0,1.0,0.21,4
gpqa:test:8:969ea98b896f,Qwen3-8B,1.0,1.0,0.0,0.16000000000000003,4
gpqa:test:148:d160134fd023,Qwen3-8B,0.0,1.0,1.0,0.23,4
gpqa:test:183:6e2bd9ec28ef,Qwen3-8B,1.0,1.0,0.0,0.19999999999999996,4
gpqa:test:147:e66bf73e080f,Qwen3-8B,1.0,1.0,0.0,0.15,4
gpqa:test:182:06e0bfc5ed70,Qwen3-8B,1.0,1.0,0.0,0.22999999999999998,4
gpqa:test:115:ad6e13a148c2,Qwen3-8B,1.0,1.0,0.0,0.10999999999999999,4
gpqa:test:191:cbf82e5f02a0,Qwen3-8B,1.0,1.0,0.0,0.3,4
gpqa:test:139:2cb17974e763,Qwen3-8B,0.0,1.0,1.0,0.31,4
gpqa:test:143:ee5980d4dad4,Qwen3-8B,0.0,1.0,1.0,0.33999999999999997,4
gpqa:test:196:86636ced40d4,Qwen3-8B,1.0,1.0,0.0,0.27999999999999997,4
gpqa:test:138:81e4d25697ac,Qwen3-8B,1.0,1.0,0.0,0.16,4
gpqa:test:145:1f06efeb2323,Qwen3-8B,0.0,1.0,1.0,0.23999999999999996,4
gpqa:test:30:29e6a1db070b,Qwen3-8B,0.0,1.0,1.0,0.18999999999999997,4
gpqa:test:34:f7b052e34ab4,Qwen3-8B,0.0,1.0,1.0,0.3,4
gpqa:test:91:df02875c7567,Qwen3-8B,1.0,1.0,0.0,0.26,4
gpqa:test:127:188c5d277845,Qwen3-8B,0.0,0.0,0.0,0.31,4
gpqa:test:29:df4a1c42f235,Qwen3-8B,1.0,1.0,0.0,0.06,4
gpqa:test:108:a13d0d9b917d,Qwen3-8B,1.0,1.0,0.0,0.22999999999999998,4
gpqa:test:121:c1f013c71ec1,Qwen3-8B,1.0,1.0,0.0,0.21,4
gpqa:test:42:f56e41493e43,Qwen3-8B,1.0,1.0,0.0,0.15999999999999998,4
gpqa:test:40:bd548773be23,Qwen3-8B,1.0,1.0,0.0,0.21,4
gpqa:test:33:8485e5579301,Qwen3-8B,0.0,1.0,1.0,0.33999999999999997,4
gpqa:test:132:4bab53f38320,Qwen3-8B,0.0,1.0,1.0,0.18999999999999997,4
gpqa:test:79:2faccf7741fc,Qwen3-8B,0.0,1.0,1.0,0.4,4
gpqa:test:155:9baafcf8c4a7,Qwen3-8B,1.0,1.0,0.0,0.08999999999999997,4
gpqa:test:171:7a57ba0f934f,Qwen3-8B,0.0,1.0,1.0,0.19999999999999998,4
gpqa:test:32:60f0f78342af,Qwen3-8B,1.0,1.0,0.0,0.12,4
gpqa:test:184:f4486aea8f80,Qwen3-8B,0.0,1.0,1.0,0.30999999999999994,4
gpqa:test:187:92641aeff065,Qwen3-8B,0.0,1.0,1.0,0.26,4
humaneval:test:118:dd53cad57418,Qwen3-8B,1.0,1.0,0.0,0.30999999999999994,4
humaneval:test:89:6fd95d8a6e1a,Qwen3-8B,1.0,1.0,0.0,0.43,4
humaneval:test:16:d01d93fa2d1d,Qwen3-8B,1.0,1.0,0.0,0.37,4
humaneval:test:32:d3ad280e99db,Qwen3-8B,1.0,1.0,0.0,0.41000000000000003,4
humaneval:test:162:2e693286b131,Qwen3-8B,0.0,1.0,1.0,0.36,4
humaneval:test:57:4f417b21349b,Qwen3-8B,1.0,1.0,0.0,0.33000000000000007,4
humaneval:test:143:dc480d36428e,Qwen3-8B,0.0,1.0,1.0,0.43,4
humaneval:test:90:1018d3a04601,Qwen3-8B,1.0,1.0,0.0,0.32000000000000006,4
humaneval:test:30:c1ce4e679a66,Qwen3-8B,1.0,1.0,0.0,0.37,4
humaneval:test:124:a91c55f58fcf,Qwen3-8B,1.0,1.0,0.0,0.49,4
humaneval:test:10:cbf5be9504bf,Qwen3-8B,1.0,1.0,0.0,0.51,4
humaneval:test:126:2b3b61dc1c6a,Qwen3-8B,1.0,1.0,0.0,0.39999999999999997,4
humaneval:test:31:5210ecef0445,Qwen3-8B,1.0,1.0,0.0,0.48000000000000004,4
humaneval:test:56:0ff88cea10cf,Qwen3-8B,1.0,1.0,0.0,0.42,4
humaneval:test:6:6ef7152e7088,Qwen3-8B,1.0,1.0,0.0,0.44,4
humaneval:test:38:0a6f53a3997e,Qwen3-8B,0.0,1.0,1.0,0.45,4
humaneval:test:27:1b0f92e8cea8,Qwen3-8B,1.0,1.0,0.0,0.37,4
humaneval:test:3:5dcba96cb065,Qwen3-8B,0.0,1.0,1.0,0.33000000000000007,4
humaneval:test:139:f655208f823f,Qwen3-8B,1.0,1.0,0.0,0.36,4
humaneval:test:60:22fe541ae53b,Qwen3-8B,0.0,1.0,1.0,0.37999999999999995,4
humaneval:test:140:cdadfd46df0e,Qwen3-8B,1.0,1.0,0.0,0.48000000000000004,4
humaneval:test:152:459f242f0b2d,Qwen3-8B,0.0,1.0,1.0,0.43,4
humaneval:test:85:742e96841a4b,Qwen3-8B,1.0,1.0,0.0,0.43,4
humaneval:test:138:32a04bf43c4c,Qwen3-8B,1.0,1.0,0.0,0.44999999999999996,4
humaneval:test:114:f6bc10d8080f,Qwen3-8B,0.0,1.0,1.0,0.37999999999999995,4
humaneval:test:97:828f1591a571,Qwen3-8B,0.0,1.0,1.0,0.51,4
humaneval:test:155:5b64d88ad3ed,Qwen3-8B,1.0,1.0,0.0,0.35,4
humaneval:test:86:e82f9c2d3aad,Qwen3-8B,1.0,1.0,0.0,0.39999999999999997,4
humaneval:test:63:ae79c4f44f2f,Qwen3-8B,1.0,1.0,0.0,0.51,4
humaneval:test:102:30d1babd70dd,Qwen3-8B,1.0,1.0,0.0,0.30000000000000004,4
humaneval:test:137:8f343626b09d,Qwen3-8B,1.0,1.0,0.0,0.41,4
humaneval:test:121:a5d4f17678ee,Qwen3-8B,1.0,1.0,0.0,0.57,4
kandk:test:11:f23ff7fb9505,Qwen3-8B,1.0,1.0,0.0,0.2,4
kandk:test:7:7fc888a113fe,Qwen3-8B,0.0,1.0,1.0,0.18,4
kandk:test:644:a1c8a3cff8b4,Qwen3-8B,1.0,1.0,0.0,0.15999999999999998,4
kandk:test:219:50f0981f3a23,Qwen3-8B,0.0,1.0,1.0,0.15999999999999998,4
kandk:test:455:2081796d58bc,Qwen3-8B,1.0,1.0,0.0,0.21000000000000002,4
kandk:test:254:44a2813acaa1,Qwen3-8B,1.0,1.0,0.0,0.18,4
kandk:test:454:86c74c03ad14,Qwen3-8B,1.0,1.0,0.0,0.19,4
kandk:test:299:3785714556bf,Qwen3-8B,1.0,1.0,0.0,0.10999999999999999,4
kandk:test:508:2f29612166b4,Qwen3-8B,0.0,1.0,1.0,0.14999999999999997,4
kandk:test:626:ad51e6856e94,Qwen3-8B,1.0,1.0,0.0,0.22999999999999998,4
kandk:test:313:dd655ed65878,Qwen3-8B,1.0,1.0,0.0,0.2,4
kandk:test:29:e4107ee6e8e7,Qwen3-8B,1.0,1.0,0.0,0.15999999999999998,4
kandk:test:471:4254d53a4577,Qwen3-8B,1.0,1.0,0.0,0.24,4
kandk:test:428:cbda13691f80,Qwen3-8B,1.0,1.0,0.0,0.22999999999999998,4
kandk:test:485:706ebe369a75,Qwen3-8B,1.0,1.0,0.0,0.15999999999999998,4
kandk:test:180:5c17b551da84,Qwen3-8B,1.0,1.0,0.0,0.16999999999999998,4
kandk:test:335:cee75564409d,Qwen3-8B,1.0,1.0,0.0,0.24999999999999997,4
kandk:test:430:c9d4c4d29cd0,Qwen3-8B,1.0,1.0,0.0,0.25,4
kandk:test:468:47feb7e4d3d8,Qwen3-8B,1.0,1.0,0.0,0.16999999999999998,4
kandk:test:352:6bfcb8170a93,Qwen3-8B,0.0,1.0,1.0,0.15999999999999998,4
kandk:test:309:24595632b44d,Qwen3-8B,1.0,1.0,0.0,0.13,4
kandk:test:443:e25753235282,Qwen3-8B,0.0,1.0,1.0,0.19,4
kandk:test:150:0ab8da24b0ab,Qwen3-8B,1.0,1.0,0.0,0.26,4
kandk:test:2:3f16e0d06607,Qwen3-8B,1.0,1.0,0.0,0.14,4
kandk:test:445:2c24d1c584f5,Qwen3-8B,1.0,1.0,0.0,0.19,4
kandk:test:565:4a4e110f59d3,Qwen3-8B,1.0,1.0,0.0,0.15999999999999998,4
kandk:test:258:6936a88c3d94,Qwen3-8B,1.0,1.0,0.0,0.2,4
kandk:test:37:f44b4c8a858c,Qwen3-8B,1.0,1.0,0.0,0.21999999999999997,4
kandk:test:415:76f9495c0642,Qwen3-8B,1.0,1.0,0.0,0.10999999999999999,4
kandk:test:397:9b73e5dcbc4e,Qwen3-8B,1.0,1.0,0.0,0.30000000000000004,4
kandk:test:48:46a771360cc6,Qwen3-8B,1.0,1.0,0.0,0.15000000000000002,4
kandk:test:276:9f9d276faf61,Qwen3-8B,1.0,1.0,0.0,0.24999999999999997,4
kandk:test:71:a8426f6a91b7,Qwen3-8B,1.0,1.0,0.0,0.16000000000000003,4
kandk:test:92:2f3ced9f5923,Qwen3-8B,1.0,1.0,0.0,0.18,4
kandk:test:378:3a3ef317eeb7,Qwen3-8B,1.0,1.0,0.0,0.19,4
kandk:test:534:e245a3c0ecdd,Qwen3-8B,1.0,1.0,0.0,0.14999999999999997,4
kandk:test:681:ae953498abcb,Qwen3-8B,0.0,1.0,1.0,0.19999999999999996,4
kandk:test:74:4ead07656d5e,Qwen3-8B,1.0,1.0,0.0,0.12,4
kandk:test:205:540e1fe85071,Qwen3-8B,0.0,1.0,1.0,0.16999999999999998,4
kandk:test:556:1f8717322742,Qwen3-8B,1.0,1.0,0.0,0.16999999999999998,4
kandk:test:535:6d82b6582cb9,Qwen3-8B,1.0,1.0,0.0,0.28,4
kandk:test:328:34ed70fe9198,Qwen3-8B,1.0,1.0,0.0,0.15999999999999998,4
kandk:test:639:ca3db2a2333c,Qwen3-8B,1.0,1.0,0.0,0.22999999999999998,4
kandk:test:138:96997671dc78,Qwen3-8B,1.0,1.0,0.0,0.14999999999999997,4
kandk:test:201:77d45ccdd4ee,Qwen3-8B,1.0,1.0,0.0,0.19,4
kandk:test:517:b62040b19691,Qwen3-8B,1.0,1.0,0.0,0.24999999999999997,4
kandk:test:19:a4fe781487ef,Qwen3-8B,0.0,1.0,1.0,0.2,4
kandk:test:261:f2135b18b7e3,Qwen3-8B,1.0,1.0,0.0,0.10999999999999999,4
kandk:test:194:061a0f4667fb,Qwen3-8B,1.0,1.0,0.0,0.19,4
kandk:test:515:db958fbc6608,Qwen3-8B,0.0,1.0,1.0,0.19,4
kandk:test:49:e2c07e127e4e,Qwen3-8B,1.0,1.0,0.0,0.27,4
kandk:test:478:42e5f85e1738,Qwen3-8B,1.0,1.0,0.0,0.10000000000000003,4
kandk:test:4:e32c922f379e,Qwen3-8B,0.0,1.0,1.0,0.21999999999999997,4
kandk:test:469:97e9cf561a74,Qwen3-8B,1.0,1.0,0.0,0.14,4
kandk:test:569:0f521985b851,Qwen3-8B,1.0,1.0,0.0,0.19,4
kandk:test:130:d5beb39e0e2d,Qwen3-8B,1.0,1.0,0.0,0.14,4
kandk:test:111:45b68b3cc51a,Qwen3-8B,1.0,1.0,0.0,0.10999999999999999,4
kandk:test:122:8213b4902f5a,Qwen3-8B,1.0,1.0,0.0,0.12999999999999995,4
kandk:test:600:ef77d5826428,Qwen3-8B,0.0,1.0,1.0,0.26,4
kandk:test:269:790238293336,Qwen3-8B,0.0,1.0,1.0,0.14,4
kandk:test:251:c92e17cbcc97,Qwen3-8B,1.0,1.0,0.0,0.15999999999999998,4
kandk:test:686:f5d88bc6af76,Qwen3-8B,1.0,1.0,0.0,0.20999999999999996,4
kandk:test:493:d340456161f1,Qwen3-8B,1.0,1.0,0.0,0.22999999999999998,4
kandk:test:287:4361bb9ba60e,Qwen3-8B,1.0,1.0,0.0,0.14,4
kandk:test:620:2c8fc92f627f,Qwen3-8B,0.0,1.0,1.0,0.12999999999999995,4
kandk:test:76:e34a02bb4aaf,Qwen3-8B,1.0,1.0,0.0,0.23,4
kandk:test:208:b8f9336a6788,Qwen3-8B,0.0,1.0,1.0,0.16999999999999998,4
kandk:test:331:d49d63a06e5e,Qwen3-8B,0.0,1.0,1.0,0.26,4
kandk:test:479:eb9402199b6d,Qwen3-8B,1.0,1.0,0.0,0.16999999999999998,4
kandk:test:512:e307b6ba4e58,Qwen3-8B,1.0,1.0,0.0,0.23000000000000004,4
kandk:test:459:48bf3ce31fcb,Qwen3-8B,1.0,1.0,0.0,0.16999999999999998,4
kandk:test:562:0c5ba8f8f61a,Qwen3-8B,1.0,1.0,0.0,0.22000000000000003,4
kandk:test:606:99fbe3d87b39,Qwen3-8B,0.0,1.0,1.0,0.13,4
kandk:test:589:9ce957a7b162,Qwen3-8B,1.0,1.0,0.0,0.24999999999999997,4
kandk:test:28:e14a13c96002,Qwen3-8B,1.0,1.0,0.0,0.29000000000000004,4
kandk:test:662:a808ec1005cf,Qwen3-8B,1.0,1.0,0.0,0.16999999999999998,4
kandk:test:185:1203d4a55731,Qwen3-8B,1.0,1.0,0.0,0.11000000000000004,4
kandk:test:32:f0f6559a3adc,Qwen3-8B,0.0,1.0,1.0,0.19,4
kandk:test:338:edc14548b863,Qwen3-8B,1.0,1.0,0.0,0.07,4
kandk:test:9:949b5e79d83a,Qwen3-8B,1.0,1.0,0.0,0.2,4
kandk:test:173:b643d4570474,Qwen3-8B,1.0,1.0,0.0,0.15000000000000002,4
kandk:test:694:07cfd6387ce5,Qwen3-8B,1.0,1.0,0.0,0.12,4
kandk:test:5:3633ce2296d6,Qwen3-8B,1.0,1.0,0.0,0.18,4
kandk:test:659:0041c8614024,Qwen3-8B,0.0,1.0,1.0,0.21000000000000002,4
kandk:test:518:7399ca32e046,Qwen3-8B,1.0,1.0,0.0,0.15000000000000002,4
kandk:test:232:dff54ed32c62,Qwen3-8B,1.0,1.0,0.0,0.27,4
kandk:test:207:8fcfab5aaa75,Qwen3-8B,1.0,1.0,0.0,0.24,4
kandk:test:25:fba72211d03d,Qwen3-8B,1.0,1.0,0.0,0.21000000000000002,4
kandk:test:8:cece34fa04c9,Qwen3-8B,1.0,1.0,0.0,0.18,4
kandk:test:628:d11f21aeb3b8,Qwen3-8B,0.0,1.0,1.0,0.16999999999999998,4
kandk:test:363:9c357efee240,Qwen3-8B,1.0,1.0,0.0,0.14,4
kandk:test:353:2f1b578a865c,Qwen3-8B,1.0,1.0,0.0,0.18,4
kandk:test:689:995b5a76cd38,Qwen3-8B,1.0,1.0,0.0,0.2,4
kandk:test:641:5f487f877fe2,Qwen3-8B,1.0,1.0,0.0,0.19,4
kandk:test:506:ba18189bd322,Qwen3-8B,1.0,1.0,0.0,0.2,4
kandk:test:139:ffc79a5180fc,Qwen3-8B,1.0,1.0,0.0,0.21999999999999997,4
kandk:test:34:a0d08beca8dd,Qwen3-8B,1.0,1.0,0.0,0.18,4
kandk:test:533:5adf013d3a86,Qwen3-8B,1.0,1.0,0.0,0.14,4
kandk:test:17:e400cf9910c5,Qwen3-8B,1.0,1.0,0.0,0.24999999999999997,4
kandk:test:452:db228e00b2fb,Qwen3-8B,0.0,1.0,1.0,0.14999999999999997,4
kandk:test:84:6bfc15a843ce,Qwen3-8B,1.0,1.0,0.0,0.16999999999999998,4
kandk:test:543:ca644587bf92,Qwen3-8B,0.0,1.0,1.0,0.19,4
kandk:test:120:4112ee04cb2e,Qwen3-8B,1.0,1.0,0.0,0.13,4
kandk:test:68:4ad018980ae7,Qwen3-8B,1.0,1.0,0.0,0.19,4
kandk:test:677:517b4ae2b755,Qwen3-8B,1.0,1.0,0.0,0.19,4
kandk:test:622:4f5b40717ffd,Qwen3-8B,1.0,1.0,0.0,0.20999999999999996,4
kandk:test:289:38013c192910,Qwen3-8B,1.0,1.0,0.0,0.18,4
kandk:test:580:bef4cd898880,Qwen3-8B,1.0,1.0,0.0,0.21000000000000002,4
kandk:test:568:3c984203e313,Qwen3-8B,0.0,1.0,1.0,0.13,4
kandk:test:652:beb5c7c0fdb2,Qwen3-8B,1.0,1.0,0.0,0.20999999999999996,4
kandk:test:594:5fc9a6f6a920,Qwen3-8B,1.0,1.0,0.0,0.07,4
kandk:test:43:0ac6d0ae15e2,Qwen3-8B,0.0,1.0,1.0,0.09000000000000002,4
kandk:test:268:1417bb661e4e,Qwen3-8B,1.0,1.0,0.0,0.20999999999999996,4
kandk:test:449:4d36250829bf,Qwen3-8B,0.0,1.0,1.0,0.19,4
kandk:test:402:05a28fee4fab,Qwen3-8B,1.0,1.0,0.0,0.19,4
kandk:test:413:df06f04bc9f7,Qwen3-8B,0.0,1.0,1.0,0.15999999999999998,4
kandk:test:18:adddd21bf42e,Qwen3-8B,1.0,1.0,0.0,0.31000000000000005,4
kandk:test:204:7bd79d5ea30e,Qwen3-8B,0.0,1.0,1.0,0.22999999999999998,4
kandk:test:266:eb7a6450d03c,Qwen3-8B,0.0,1.0,1.0,0.20999999999999996,4
kandk:test:305:a18a28c56546,Qwen3-8B,1.0,1.0,0.0,0.22000000000000003,4
kandk:test:682:06a6dba677fc,Qwen3-8B,1.0,1.0,0.0,0.09000000000000002,4
kandk:test:354:2987a05573ed,Qwen3-8B,1.0,1.0,0.0,0.11000000000000004,4
kandk:test:348:796a8c223d30,Qwen3-8B,1.0,1.0,0.0,0.2,4
kandk:test:167:d00dd4ae8110,Qwen3-8B,1.0,1.0,0.0,0.13,4
kandk:test:101:b1d75862be2f,Qwen3-8B,1.0,1.0,0.0,0.18,4
kandk:test:153:9598df80dca8,Qwen3-8B,1.0,1.0,0.0,0.18,4
kandk:test:588:993a244fa66e,Qwen3-8B,1.0,1.0,0.0,0.16999999999999998,4
kandk:test:436:38deacc9488e,Qwen3-8B,1.0,1.0,0.0,0.19,4
kandk:test:633:1b61e52427aa,Qwen3-8B,0.0,1.0,1.0,0.18,4
kandk:test:545:b5264c6254f4,Qwen3-8B,1.0,1.0,0.0,0.2,4
kandk:test:676:27eb35642788,Qwen3-8B,1.0,1.0,0.0,0.21000000000000002,4
kandk:test:605:d9f8edfc037f,Qwen3-8B,1.0,1.0,0.0,0.21999999999999997,4
kandk:test:337:87e50f10fac3,Qwen3-8B,0.0,1.0,1.0,0.18,4
kandk:test:687:2edc4f17cedb,Qwen3-8B,1.0,1.0,0.0,0.22999999999999998,4
kandk:test:685:70aacea819a7,Qwen3-8B,0.0,0.0,0.0,0.21000000000000002,4
kandk:test:151:05884de8c7ca,Qwen3-8B,1.0,1.0,0.0,0.16999999999999998,4
kandk:test:360:b0643a5001f7,Qwen3-8B,1.0,1.0,0.0,0.18,4
kandk:test:665:13e5f3e551d8,Qwen3-8B,1.0,1.0,0.0,0.10000000000000003,4
kandk:test:396:beb7b25ea18f,Qwen3-8B,1.0,1.0,0.0,0.13999999999999996,4
kandk:test:223:8ef60acc66ef,Qwen3-8B,1.0,1.0,0.0,0.15999999999999998,4
korbench:test:659:195cf3adfb29,Qwen3-8B,0.0,0.0,0.0,0.37,4
korbench:test:777:bd831573c00f,Qwen3-8B,1.0,1.0,0.0,0.24,4
korbench:test:130:18072913adb4,Qwen3-8B,0.0,1.0,1.0,0.35,4
korbench:test:50:6171745be3fd,Qwen3-8B,1.0,1.0,0.0,0.33999999999999997,4
korbench:test:987:c2eb2e3895aa,Qwen3-8B,1.0,1.0,0.0,0.25,4
korbench:test:279:886ea67a5024,Qwen3-8B,1.0,1.0,0.0,0.07,4
korbench:test:340:cb16ddfbf072,Qwen3-8B,1.0,1.0,0.0,0.010000000000000009,4
korbench:test:604:e35ca160f64d,Qwen3-8B,0.0,0.0,0.0,0.22,4
korbench:test:1054:185e78b9a732,Qwen3-8B,1.0,1.0,0.0,0.19,4
korbench:test:656:59cd740b828a,Qwen3-8B,0.0,0.0,0.0,0.3,4
korbench:test:395:7d97608f8d69,Qwen3-8B,0.0,0.0,0.0,0.0,4
korbench:test:403:599e9182d96d,Qwen3-8B,0.0,0.0,0.0,0.06,4
korbench:test:293:4568d1c9d83c,GLM-Z1-9B-0414,1.0,1.0,0.0,0.13999999999999996,4
korbench:test:113:bf02eb6c0768,Qwen3-8B,0.0,0.0,0.0,0.37,4
korbench:test:389:6aff979d7208,Qwen3-8B,1.0,1.0,0.0,0.16999999999999998,4
korbench:test:432:d14109733bd9,GLM-Z1-9B-0414,1.0,1.0,0.0,0.030000000000000027,4
korbench:test:937:1f9605b7c7d7,Qwen3-8B,1.0,1.0,0.0,0.26999999999999996,4
korbench:test:311:01f1e51de5f3,GLM-Z1-9B-0414,1.0,1.0,0.0,0.0,4
korbench:test:16:0f448f477db9,Qwen3-8B,1.0,1.0,0.0,0.45999999999999996,4
korbench:test:724:d0b4315cb882,Qwen3-8B,0.0,0.0,0.0,0.35,4
korbench:test:625:b22ce658f3fc,Qwen3-8B,0.0,0.0,0.0,0.21,4
korbench:test:562:5db3354c6ed1,Qwen3-8B,1.0,1.0,0.0,0.2,4
korbench:test:343:63c12233a2e3,Qwen3-8B,1.0,1.0,0.0,0.06,4
korbench:test:798:d1e1eb827278,Qwen3-8B,1.0,1.0,0.0,0.25,4
korbench:test:142:a623174a1288,Qwen3-8B,1.0,1.0,0.0,0.3,4
korbench:test:657:1f830ba9773f,Qwen3-8B,0.0,0.0,0.0,0.31,4
korbench:test:1176:0a39518f038a,Qwen3-8B,1.0,1.0,0.0,0.10999999999999999,4
korbench:test:923:f016fe660c4c,Qwen3-8B,1.0,1.0,0.0,0.26,4
korbench:test:1039:bb0742491ea7,Qwen3-8B,0.0,0.0,0.0,0.22,4
korbench:test:387:7b4a088cf64e,Qwen3-8B,1.0,1.0,0.0,0.04999999999999999,4
korbench:test:838:d8af4dd2aab7,Qwen3-8B,1.0,1.0,0.0,0.23,4
korbench:test:275:a353f2c916bc,Qwen3-8B,1.0,1.0,0.0,0.15000000000000002,4
korbench:test:714:af0c4a3f2ed7,Qwen3-8B,1.0,1.0,0.0,0.38,4
korbench:test:153:3464a40b8509,Qwen3-8B,0.0,0.0,0.0,0.38,4
korbench:test:548:c32e79aaf31c,Qwen3-8B,1.0,1.0,0.0,0.21999999999999997,4
korbench:test:443:54bd9e2e7ea1,Qwen3-8B,1.0,1.0,0.0,0.010000000000000009,4
korbench:test:567:11f40d30f6f7,Qwen3-8B,0.0,0.0,0.0,0.12000000000000002,4
korbench:test:328:ee529eb10823,Qwen3-8B,1.0,1.0,0.0,0.010000000000000009,4
korbench:test:893:3ec4a7446836,Qwen3-8B,1.0,1.0,0.0,0.22,4
korbench:test:522:b67e50078d6a,Qwen3-8B,0.0,0.0,0.0,0.26,4
korbench:test:730:7bfd22dabb9a,Qwen3-8B,0.0,0.0,0.0,0.37,4
korbench:test:540:097742725d50,Qwen3-8B,0.0,0.0,0.0,0.25,4
korbench:test:611:c9fcaa484002,Qwen3-8B,0.0,1.0,1.0,0.27,4
korbench:test:577:47944553726d,Qwen3-8B,0.0,0.0,0.0,0.32999999999999996,4
korbench:test:438:79a1acff48f6,Qwen3-8B,1.0,1.0,0.0,0.06,4
korbench:test:690:ec5b77c52763,Qwen3-8B,0.0,0.0,0.0,0.36,4
korbench:test:786:59f2250d8ed7,Qwen3-8B,1.0,1.0,0.0,0.29,4
korbench:test:214:56747ca15a51,Qwen3-8B,0.0,1.0,1.0,0.35,4
korbench:test:1201:27bf5c4c5a64,Qwen3-8B,1.0,1.0,0.0,0.30999999999999994,4
korbench:test:1123:eba7f4ad0fa1,Qwen3-8B,0.0,1.0,1.0,0.17,4
korbench:test:1124:f400b2be60e0,Qwen3-8B,0.0,1.0,1.0,0.10999999999999999,4
korbench:test:223:57296e966304,Qwen3-8B,1.0,1.0,0.0,0.33,4
korbench:test:967:e43dcd673187,Qwen3-8B,1.0,1.0,0.0,0.16,4
korbench:test:784:a18e629a3b04,Qwen3-8B,1.0,1.0,0.0,0.41000000000000003,4
korbench:test:155:39ef25c5207b,Qwen3-8B,0.0,0.0,0.0,0.34,4
korbench:test:96:396f787ef593,Qwen3-8B,1.0,1.0,0.0,0.31,4
korbench:test:401:0ba9de5fe175,Qwen3-8B,0.0,0.0,0.0,0.010000000000000009,4
korbench:test:491:318f23f9de51,Qwen3-8B,0.0,1.0,1.0,0.2,4
korbench:test:20:f1998143e21d,Qwen3-8B,1.0,1.0,0.0,0.29,4
korbench:test:736:0d0441c8804d,Qwen3-8B,1.0,1.0,0.0,0.35,4
korbench:test:408:34b3aa171d2c,Qwen3-8B,1.0,1.0,0.0,0.030000000000000027,4
korbench:test:851:bcb5590e981a,Qwen3-8B,1.0,1.0,0.0,0.31,4
korbench:test:1206:f6469b34bf59,Qwen3-8B,1.0,1.0,0.0,0.27999999999999997,4
korbench:test:51:3c3a0d54fab0,Qwen3-8B,0.0,1.0,1.0,0.34,4
korbench:test:488:f5be727607aa,Qwen3-8B,1.0,1.0,0.0,0.23999999999999996,4
korbench:test:773:d00e6f6b26f2,Qwen3-8B,1.0,1.0,0.0,0.25,4
korbench:test:230:04dbb6e3ccb4,Qwen3-8B,0.0,1.0,1.0,0.31999999999999995,4
korbench:test:67:38f387430f93,Qwen3-8B,1.0,1.0,0.0,0.35,4
korbench:test:449:cfe4fc1eb341,Qwen3-8B,1.0,1.0,0.0,0.09999999999999998,4
korbench:test:686:9c9215836df0,Qwen3-8B,0.0,0.0,0.0,0.33999999999999997,4
korbench:test:316:31b49ae619e5,Qwen3-8B,1.0,1.0,0.0,0.02999999999999997,4
korbench:test:1021:92d4b931acde,Qwen3-8B,0.0,1.0,1.0,0.16,4
korbench:test:1179:683dee943f06,Qwen3-8B,1.0,1.0,0.0,0.15,4
korbench:test:1007:954fc32f0ec2,Qwen3-8B,1.0,1.0,0.0,0.21000000000000002,4
korbench:test:981:e008d4a68657,Qwen3-8B,1.0,1.0,0.0,0.3,4
korbench:test:217:d4321ef3b239,Qwen3-8B,0.0,1.0,1.0,0.38,4
korbench:test:952:3b4e1d1abb67,Qwen3-8B,1.0,1.0,0.0,0.27,4
korbench:test:1155:cb12728cd32b,Qwen3-8B,1.0,1.0,0.0,0.15999999999999998,4
korbench:test:1034:b0670d60a7fa,Qwen3-8B,0.0,1.0,1.0,0.19000000000000003,4
korbench:test:91:d658d297ea20,Qwen3-8B,1.0,1.0,0.0,0.39,4
korbench:test:1110:632a709b5f82,Qwen3-8B,1.0,1.0,0.0,0.22,4
korbench:test:382:6bbd03a003b9,Qwen3-8B,0.0,0.0,0.0,0.03999999999999998,4
korbench:test:837:537333a4acbc,Qwen3-8B,1.0,1.0,0.0,0.26,4
korbench:test:347:da578c8dab30,Qwen3-8B,0.0,1.0,1.0,0.08000000000000002,4
korbench:test:361:f5833e0d5556,Qwen3-8B,0.0,1.0,1.0,0.07,4
korbench:test:226:7f73f2a5f93d,Qwen3-8B,0.0,1.0,1.0,0.29000000000000004,4
korbench:test:927:dd32d31afaff,Qwen3-8B,1.0,1.0,0.0,0.21999999999999997,4
korbench:test:292:ddfc8c696cfd,GLM-Z1-9B-0414,1.0,1.0,0.0,0.030000000000000027,4
korbench:test:17:6bacec66b61e,Qwen3-8B,1.0,1.0,0.0,0.31999999999999995,4
korbench:test:793:dd55aa410ddc,Qwen3-8B,1.0,1.0,0.0,0.22999999999999998,4
korbench:test:37:d1cf40277c2a,Qwen3-8B,1.0,1.0,0.0,0.35,4
korbench:test:941:8dc82290a643,Qwen3-8B,1.0,1.0,0.0,0.18999999999999997,4
korbench:test:122:d2f3bec847e9,Qwen3-8B,0.0,1.0,1.0,0.34,4
korbench:test:379:cea5e1820656,Qwen3-8B,1.0,1.0,0.0,0.03999999999999998,4
korbench:test:1045:3ba0d6dfd701,Qwen3-8B,0.0,1.0,1.0,0.19999999999999998,4
korbench:test:968:6c6bb0399ed1,Qwen3-8B,0.0,1.0,1.0,0.29,4
korbench:test:759:01f8feb5c38b,Qwen3-8B,1.0,1.0,0.0,0.29,4
korbench:test:162:11a66e2e523f,Qwen3-8B,1.0,1.0,0.0,0.35,4
korbench:test:902:06062b53e38d,Qwen3-8B,1.0,1.0,0.0,0.15,4
korbench:test:1071:fb5ab1356b78,Qwen3-8B,1.0,1.0,0.0,0.25,4
korbench:test:679:1c2adbbe1607,Qwen3-8B,0.0,0.0,0.0,0.4,4
korbench:test:1095:2e0de959cd82,Qwen3-8B,0.0,1.0,1.0,0.06,4
korbench:test:28:7c9a4f2d20cd,Qwen3-8B,1.0,1.0,0.0,0.12,4
korbench:test:787:2bb6435b0ab4,Qwen3-8B,1.0,1.0,0.0,0.33999999999999997,4
korbench:test:607:04acb9a5363c,Qwen3-8B,0.0,0.0,0.0,0.28,4
korbench:test:770:932861c4708a,Qwen3-8B,1.0,1.0,0.0,0.30000000000000004,4
korbench:test:1138:25c511a7e7e0,Qwen3-8B,1.0,1.0,0.0,0.18,4
korbench:test:486:7d1f14584abc,Qwen3-8B,0.0,1.0,1.0,0.22999999999999998,4
korbench:test:1209:220049d8c8d6,Qwen3-8B,1.0,1.0,0.0,0.27999999999999997,4
korbench:test:861:15b772e4126c,Qwen3-8B,1.0,1.0,0.0,0.27999999999999997,4
korbench:test:255:c5d6b09b9c0f,Qwen3-8B,0.0,1.0,1.0,0.10000000000000003,4
korbench:test:1104:ac9419f45eeb,Qwen3-8B,1.0,1.0,0.0,0.15999999999999998,4
korbench:test:746:51d61e88d04d,Qwen3-8B,0.0,0.0,0.0,0.41000000000000003,4
korbench:test:957:22f6fdb692ec,Qwen3-8B,1.0,1.0,0.0,0.19,4
korbench:test:741:29b15f2e2f37,Qwen3-8B,0.0,0.0,0.0,0.4,4
korbench:test:964:4a542ca10228,Qwen3-8B,0.0,1.0,1.0,0.15999999999999998,4
korbench:test:983:c583a43de8a8,Qwen3-8B,1.0,1.0,0.0,0.18000000000000005,4
korbench:test:858:d88a6574306d,Qwen3-8B,0.0,1.0,1.0,0.42999999999999994,4
korbench:test:1096:dd50f5d21d51,Qwen3-8B,0.0,1.0,1.0,0.23999999999999996,4
korbench:test:525:c2a3a336266f,Qwen3-8B,0.0,0.0,0.0,0.32,4
korbench:test:534:eb732257238b,Qwen3-8B,0.0,1.0,1.0,0.35,4
korbench:test:219:37c8e964c983,Qwen3-8B,1.0,1.0,0.0,0.38,4
korbench:test:547:fe8f120d3f83,Qwen3-8B,1.0,1.0,0.0,0.16999999999999998,4
korbench:test:59:075eccf487f5,Qwen3-8B,0.0,0.0,0.0,0.38,4
korbench:test:507:fe169817a5d3,Qwen3-8B,1.0,1.0,0.0,0.12999999999999998,4
korbench:test:294:fa07347db248,Qwen3-8B,1.0,1.0,0.0,0.07,4
korbench:test:903:38f6efa0dc36,Qwen3-8B,1.0,1.0,0.0,0.27,4
korbench:test:1130:f557c00817b2,Qwen3-8B,1.0,1.0,0.0,0.22999999999999998,4
korbench:test:997:79ee73c33b05,Qwen3-8B,1.0,1.0,0.0,0.3,4
korbench:test:225:233ee4476b37,Qwen3-8B,0.0,1.0,1.0,0.35,4
korbench:test:1200:0dea55528ffa,Qwen3-8B,1.0,1.0,0.0,0.11000000000000001,4
korbench:test:875:b5e872620615,Qwen3-8B,1.0,1.0,0.0,0.08000000000000002,4
korbench:test:945:4c2a00a78012,Qwen3-8B,1.0,1.0,0.0,0.21999999999999997,4
korbench:test:1008:6bedb9476332,Qwen3-8B,1.0,1.0,0.0,0.18,4
korbench:test:555:7e5ce20871c5,Qwen3-8B,1.0,1.0,0.0,0.23000000000000004,4
korbench:test:532:31982ba5b398,Qwen3-8B,1.0,1.0,0.0,0.21999999999999997,4
korbench:test:97:822f68f1b749,Qwen3-8B,0.0,1.0,1.0,0.33,4
korbench:test:1250:3d16015420d1,Qwen3-8B,0.0,1.0,1.0,0.18999999999999997,4
korbench:test:71:066931654320,Qwen3-8B,0.0,1.0,1.0,0.3,4
korbench:test:1225:d674c504202f,Qwen3-8B,0.0,1.0,1.0,0.04999999999999999,4
korbench:test:552:3c287a1506c4,Qwen3-8B,0.0,1.0,1.0,0.18999999999999997,4
korbench:test:342:c5a91af12c3f,Qwen3-8B,1.0,1.0,0.0,0.019999999999999962,4
korbench:test:576:b9b8f8cd08e8,Qwen3-8B,0.0,0.0,0.0,0.47,4
korbench:test:460:b81660462f2c,Qwen3-8B,1.0,1.0,0.0,0.09999999999999998,4
korbench:test:321:8b9ba28bd8eb,Qwen3-8B,1.0,1.0,0.0,0.10999999999999999,4
korbench:test:500:6767874146c6,Qwen3-8B,0.0,1.0,1.0,0.13,4
korbench:test:850:beda846bef1c,Qwen3-8B,1.0,1.0,0.0,0.26999999999999996,4
korbench:test:472:5343c75229c9,Qwen3-8B,1.0,1.0,0.0,0.2,4
korbench:test:350:63ffbf4e4176,Qwen3-8B,0.0,1.0,1.0,0.03999999999999998,4
korbench:test:377:78e1389a1ad0,Qwen3-8B,1.0,1.0,0.0,0.10000000000000003,4
korbench:test:6:7410384617e6,Qwen3-8B,1.0,1.0,0.0,0.34,4
korbench:test:1190:0afb97d0251f,Qwen3-8B,0.0,1.0,1.0,0.11000000000000001,4
korbench:test:1114:add96e070e4e,Qwen3-8B,1.0,1.0,0.0,0.15,4
korbench:test:986:7b14f2436814,Qwen3-8B,1.0,1.0,0.0,0.36,4
korbench:test:477:172ba3c6b167,Qwen3-8B,0.0,1.0,1.0,0.18,4
korbench:test:597:3e07108101a0,Qwen3-8B,0.0,1.0,1.0,0.06,4
korbench:test:326:34dbdaf123bd,Qwen3-8B,1.0,1.0,0.0,0.08000000000000002,4
korbench:test:985:30714c7b99c9,Qwen3-8B,1.0,1.0,0.0,0.25,4
korbench:test:356:1374ab49fcfa,GLM-Z1-9B-0414,1.0,1.0,0.0,0.019999999999999962,4
korbench:test:738:01aca4e5f7d9,Qwen3-8B,1.0,1.0,0.0,0.35,4
korbench:test:827:4d2602eaf823,Qwen3-8B,1.0,1.0,0.0,0.19999999999999996,4
korbench:test:950:6ab041d5b822,Qwen3-8B,1.0,1.0,0.0,0.24999999999999997,4
korbench:test:876:6f2ad67640c5,Qwen3-8B,1.0,1.0,0.0,0.33999999999999997,4
korbench:test:163:9818fe5f66fb,Qwen3-8B,0.0,0.0,0.0,0.33,4
korbench:test:212:92de17b597e9,Qwen3-8B,0.0,0.0,0.0,0.4,4
korbench:test:1040:f6e60eee718f,Qwen3-8B,0.0,1.0,1.0,0.18999999999999997,4
korbench:test:1235:7740784c975d,Qwen3-8B,1.0,1.0,0.0,0.12000000000000002,4
korbench:test:151:bbbe10498e56,Qwen3-8B,0.0,0.0,0.0,0.37,4
korbench:test:634:c2268538beb7,Qwen3-8B,0.0,0.0,0.0,0.35,4
korbench:test:780:cac58b51aa69,Qwen3-8B,1.0,1.0,0.0,0.33999999999999997,4
korbench:test:166:888df6b3b03d,Qwen3-8B,0.0,1.0,1.0,0.33,4
korbench:test:924:3fcfb448efe6,Qwen3-8B,1.0,1.0,0.0,0.19,4
korbench:test:120:9502d84ccf85,Qwen3-8B,0.0,0.0,0.0,0.33999999999999997,4
korbench:test:712:43ec502e79be,Qwen3-8B,0.0,0.0,0.0,0.38,4
korbench:test:737:54b489a40c2c,Qwen3-8B,1.0,1.0,0.0,0.3,4
korbench:test:304:046f9d328996,Qwen3-8B,1.0,1.0,0.0,0.09999999999999998,4
korbench:test:934:d64391fbd42a,Qwen3-8B,1.0,1.0,0.0,0.24,4
korbench:test:1236:c76de0721fa8,Qwen3-8B,1.0,1.0,0.0,0.16,4
korbench:test:330:4ee104439ab0,Qwen3-8B,1.0,1.0,0.0,0.07,4
korbench:test:570:56ca5ec6507f,Qwen3-8B,0.0,0.0,0.0,0.10999999999999999,4
korbench:test:125:5856ecf6e2dd,Qwen3-8B,1.0,1.0,0.0,0.34,4
korbench:test:527:a18e3b7d49d8,Qwen3-8B,0.0,0.0,0.0,0.22999999999999998,4
korbench:test:332:6fb9a128a7d0,Qwen3-8B,1.0,1.0,0.0,0.10000000000000003,4
korbench:test:233:a41db587bda6,Qwen3-8B,1.0,1.0,0.0,0.35,4
korbench:test:1141:b72f4dcbc172,Qwen3-8B,0.0,1.0,1.0,0.23,4
korbench:test:975:948ead0b7c57,Qwen3-8B,1.0,1.0,0.0,0.17,4
korbench:test:658:9c01112eb72b,Qwen3-8B,0.0,0.0,0.0,0.36000000000000004,4
korbench:test:1140:c78249714734,Qwen3-8B,0.0,0.0,0.0,0.09000000000000002,4
korbench:test:870:877bb2bb893d,Qwen3-8B,1.0,1.0,0.0,0.12000000000000002,4
korbench:test:956:1c81f4245d3e,Qwen3-8B,1.0,1.0,0.0,0.26999999999999996,4
korbench:test:700:81366a19adb4,Qwen3-8B,0.0,0.0,0.0,0.43000000000000005,4
korbench:test:366:63a1579137e9,GLM-Z1-9B-0414,0.0,0.0,0.0,0.010000000000000009,4
korbench:test:508:dfd1946310c9,Qwen3-8B,0.0,0.0,0.0,0.19000000000000003,4
korbench:test:415:207b4eca9170,Qwen3-8B,0.0,0.0,0.0,0.14999999999999997,4
korbench:test:1014:6140df128970,Qwen3-8B,1.0,1.0,0.0,0.23,4
korbench:test:819:0a5dae73eb89,Qwen3-8B,1.0,1.0,0.0,0.15000000000000002,4
korbench:test:1167:7e6c3f83a922,Qwen3-8B,1.0,1.0,0.0,0.08999999999999997,4
korbench:test:648:a4d01e6abf28,Qwen3-8B,0.0,0.0,0.0,0.43999999999999995,4
korbench:test:710:0a70d82e43c1,Qwen3-8B,0.0,0.0,0.0,0.41000000000000003,4
korbench:test:421:fd29561705dc,Qwen3-8B,1.0,1.0,0.0,0.16999999999999998,4
korbench:test:752:9155f1788ca7,Qwen3-8B,1.0,1.0,0.0,0.39,4
korbench:test:771:0c6c6e647a2a,Qwen3-8B,1.0,1.0,0.0,0.19,4
korbench:test:205:233ee4476b37,Qwen3-8B,1.0,1.0,0.0,0.38,4
korbench:test:337:e807ee82b57a,Qwen3-8B,1.0,1.0,0.0,0.06,4
korbench:test:228:87101eb65a0c,Qwen3-8B,1.0,1.0,0.0,0.25999999999999995,4
korbench:test:267:a55fcd437256,Qwen3-8B,0.0,1.0,1.0,0.13,4
korbench:test:251:113773046f08,GLM-Z1-9B-0414,1.0,1.0,0.0,0.02999999999999997,4
korbench:test:1018:6c8874b7d491,Qwen3-8B,0.0,0.0,0.0,0.16999999999999998,4
korbench:test:1243:fa38e1b5d780,Qwen3-8B,1.0,1.0,0.0,0.26,4
korbench:test:306:f967d635565b,Qwen3-8B,0.0,1.0,1.0,0.16,4
korbench:test:1144:809b7f6f37dd,Qwen3-8B,0.0,1.0,1.0,0.15,4
korbench:test:498:5a2310ca15d5,Qwen3-8B,1.0,1.0,0.0,0.07,4
korbench:test:490:158d27e90083,Qwen3-8B,1.0,1.0,0.0,0.16999999999999998,4
korbench:test:1042:9bdb9ca8dfef,Qwen3-8B,0.0,0.0,0.0,0.36,4
korbench:test:470:146b6e5e1076,Qwen3-8B,0.0,1.0,1.0,0.23000000000000004,4
korbench:test:1020:d639cf187174,Qwen3-8B,1.0,1.0,0.0,0.13,4
korbench:test:1210:1683d2dc05e6,Qwen3-8B,1.0,1.0,0.0,0.33,4
korbench:test:370:244811b6c4bd,Qwen3-8B,1.0,1.0,0.0,0.02999999999999997,4
korbench:test:761:50a4d19f641a,Qwen3-8B,1.0,1.0,0.0,0.22999999999999998,4
korbench:test:313:65819d908226,Qwen3-8B,1.0,1.0,0.0,0.08999999999999997,4
korbench:test:852:dc724a099f4d,Qwen3-8B,1.0,1.0,0.0,0.35,4
korbench:test:910:3f09e6660d62,Qwen3-8B,1.0,1.0,0.0,0.30000000000000004,4
korbench:test:557:28d990e92460,Qwen3-8B,1.0,1.0,0.0,0.19999999999999998,4
korbench:test:348:380ff82c0488,GLM-Z1-9B-0414,1.0,1.0,0.0,0.03999999999999998,4
korbench:test:665:767ee978d0df,Qwen3-8B,1.0,1.0,0.0,0.4,4
korbench:test:599:9a3bbba23e9f,Qwen3-8B,1.0,1.0,0.0,0.050000000000000044,4
korbench:test:878:d58eebafb77d,Qwen3-8B,1.0,1.0,0.0,0.25,4
korbench:test:702:443be1055ead,Qwen3-8B,0.0,1.0,1.0,0.38,4
korbench:test:1165:3f6bb3de8921,Qwen3-8B,1.0,1.0,0.0,0.16,4
korbench:test:1109:fd6976f74339,Qwen3-8B,0.0,1.0,1.0,0.32,4
korbench:test:666:6f052a0778fe,Qwen3-8B,1.0,1.0,0.0,0.38,4
korbench:test:138:6cd64ad90926,Qwen3-8B,0.0,1.0,1.0,0.31,4
korbench:test:215:58f211642c4a,Qwen3-8B,0.0,1.0,1.0,0.37,4
korbench:test:524:19cb67cfc546,Qwen3-8B,0.0,0.0,0.0,0.32,4
korbench:test:1026:e6f93eb8f67b,Qwen3-8B,1.0,1.0,0.0,0.08000000000000002,4
korbench:test:1097:47983d6fcec9,Qwen3-8B,0.0,0.0,0.0,0.19,4
korbench:test:797:a8a43c9b0988,Qwen3-8B,1.0,1.0,0.0,0.19,4
korbench:test:423:59da86612c16,Qwen3-8B,1.0,1.0,0.0,0.18999999999999997,4
korbench:test:175:27e437bf0f33,Qwen3-8B,0.0,0.0,0.0,0.38,4
korbench:test:806:0965020a25fe,Qwen3-8B,1.0,1.0,0.0,0.4,4
korbench:test:1229:981a07b4ebf7,Qwen3-8B,1.0,1.0,0.0,0.16,4
korbench:test:899:ef521fdcb54a,Qwen3-8B,0.0,1.0,1.0,0.19,4
korbench:test:303:2066e88acf90,Qwen3-8B,1.0,1.0,0.0,0.03999999999999998,4
korbench:test:646:1d7c194e637d,Qwen3-8B,0.0,0.0,0.0,0.44999999999999996,4
korbench:test:66:52ab6e25c478,Qwen3-8B,1.0,1.0,0.0,0.32,4
korbench:test:441:563f37e5b496,GLM-Z1-9B-0414,1.0,1.0,0.0,0.0,4
korbench:test:560:6e52267c6380,Qwen3-8B,0.0,0.0,0.0,0.25,4
korbench:test:1247:00796d3c1317,Qwen3-8B,1.0,1.0,0.0,0.11999999999999997,4
korbench:test:1013:b9930575d9f5,Qwen3-8B,0.0,1.0,1.0,0.13,4
korbench:test:98:f394b0241816,Qwen3-8B,0.0,1.0,1.0,0.32,4
livecodebench:test:332:6d780032017f,Qwen3-8B,0.0,1.0,1.0,0.56,4
livecodebench:test:657:459eb8244f99,Qwen3-8B,0.0,0.0,0.0,0.39999999999999997,4
livecodebench:test:530:e01702da75c1,Qwen3-8B,1.0,1.0,0.0,0.3500000000000001,4
livecodebench:test:95:70f84638c44a,Qwen3-8B,1.0,1.0,0.0,0.44999999999999996,4
livecodebench:test:98:3ffaadd764ef,Qwen3-8B,1.0,1.0,0.0,0.55,4
livecodebench:test:206:53472ffbd886,Qwen3-8B,1.0,1.0,0.0,0.30000000000000004,4
livecodebench:test:322:d0e0a5433eca,Qwen3-8B,1.0,1.0,0.0,0.37999999999999995,4
livecodebench:test:312:c9014febc567,Qwen3-8B,1.0,1.0,0.0,0.37000000000000005,4
livecodebench:test:670:2c52fab4a3c6,Qwen3-8B,0.0,0.0,0.0,0.39000000000000007,4
livecodebench:test:988:1f81e08de7ef,Qwen3-8B,1.0,1.0,0.0,0.48,4
livecodebench:test:668:5b43a325dae1,Qwen3-8B,0.0,0.0,0.0,0.39,4
livecodebench:test:134:ee0ca7adff0a,Qwen3-8B,1.0,1.0,0.0,0.37000000000000005,4
livecodebench:test:323:fb8d18f383af,Qwen3-8B,1.0,1.0,0.0,0.37000000000000005,4
livecodebench:test:385:71688ed717cb,Qwen3-8B,1.0,1.0,0.0,0.36,4
livecodebench:test:194:d39494cba031,Qwen3-8B,0.0,1.0,1.0,0.37000000000000005,4
livecodebench:test:692:819af3b20f39,Qwen3-8B,1.0,1.0,0.0,0.49,4
livecodebench:test:1004:fd70506fbf5d,Qwen3-8B,1.0,1.0,0.0,0.28,4
livecodebench:test:42:39ba43064df3,Qwen3-8B,1.0,1.0,0.0,0.58,4
livecodebench:test:832:8c2532c31224,Qwen3-8B,1.0,1.0,0.0,0.46,4
livecodebench:test:430:05287a409746,Qwen3-8B,0.0,0.0,0.0,0.42,4
livecodebench:test:928:3b1cb7aa6786,Qwen3-8B,0.0,0.0,0.0,0.49,4
livecodebench:test:1021:c1916a002c3e,Qwen3-8B,0.0,0.0,0.0,0.41999999999999993,4
livecodebench:test:167:b8112e8114cf,Qwen3-8B,1.0,1.0,0.0,0.43,4
livecodebench:test:653:c89d833f6dd6,Qwen3-8B,1.0,1.0,0.0,0.27999999999999997,4
livecodebench:test:665:bfd702ff24bc,Qwen3-8B,0.0,0.0,0.0,0.42,4
livecodebench:test:796:c7ff41285961,Qwen3-8B,1.0,1.0,0.0,0.31,4
livecodebench:test:16:8651b2629217,Qwen3-8B,1.0,1.0,0.0,0.42999999999999994,4
livecodebench:test:135:b9d4059e9a14,Qwen3-8B,0.0,1.0,1.0,0.5,4
livecodebench:test:774:357a8f1c5d9a,Qwen3-8B,0.0,1.0,1.0,0.47,4
livecodebench:test:13:b5368b409bd4,Qwen3-8B,1.0,1.0,0.0,0.41999999999999993,4
livecodebench:test:3:ef9e5eb35bc2,Qwen3-8B,1.0,1.0,0.0,0.5,4
livecodebench:test:399:56b80f10d573,Qwen3-8B,1.0,1.0,0.0,0.37000000000000005,4
livecodebench:test:760:a19f9c91b6fa,Qwen3-8B,1.0,1.0,0.0,0.33000000000000007,4
livecodebench:test:719:59f89dfc149d,Qwen3-8B,1.0,1.0,0.0,0.22999999999999998,4
livecodebench:test:985:4ffe7d817261,Qwen3-8B,0.0,1.0,1.0,0.41,4
livecodebench:test:324:13afecf5f66c,Qwen3-8B,1.0,1.0,0.0,0.44999999999999996,4
livecodebench:test:675:d00901b953fb,Qwen3-8B,0.0,0.0,0.0,0.29000000000000004,4
livecodebench:test:631:751586e5739e,Qwen3-8B,1.0,1.0,0.0,0.35000000000000003,4
livecodebench:test:201:ad789af37541,Qwen3-8B,1.0,1.0,0.0,0.5,4
livecodebench:test:233:30fcf96388c3,Qwen3-8B,1.0,1.0,0.0,0.43999999999999995,4
livecodebench:test:40:9440bd2ce647,Qwen3-8B,1.0,1.0,0.0,0.53,4
livecodebench:test:163:317c839e1b66,Qwen3-8B,0.0,1.0,1.0,0.38999999999999996,4
livecodebench:test:377:728e517dad7a,Qwen3-8B,1.0,1.0,0.0,0.39999999999999997,4
livecodebench:test:884:a5c7cb5777f0,Qwen3-8B,1.0,1.0,0.0,0.14999999999999997,4
livecodebench:test:820:9055fa2b680e,Qwen3-8B,1.0,1.0,0.0,0.21000000000000002,4
livecodebench:test:79:3b5ca0e71ab0,Qwen3-8B,1.0,1.0,0.0,0.48,4
livecodebench:test:612:45b30361bf82,Qwen3-8B,0.0,1.0,1.0,0.5,4
livecodebench:test:355:1be677571e42,Qwen3-8B,1.0,1.0,0.0,0.41,4
livecodebench:test:503:b1e297e49e9f,Qwen3-8B,1.0,1.0,0.0,0.53,4
livecodebench:test:778:b10cdd46cd92,Qwen3-8B,0.0,1.0,1.0,0.32,4
livecodebench:test:602:a6a85cf5780b,Qwen3-8B,1.0,1.0,0.0,0.49,4
livecodebench:test:764:09fd82fb81af,Qwen3-8B,1.0,1.0,0.0,0.48,4
livecodebench:test:73:9210ec5b29e2,Qwen3-8B,1.0,1.0,0.0,0.43999999999999995,4
livecodebench:test:649:b0b11d67035f,Qwen3-8B,0.0,0.0,0.0,0.41,4
livecodebench:test:264:280725b74232,Qwen3-8B,0.0,0.0,0.0,0.24,4
livecodebench:test:620:b37c8153dba3,Qwen3-8B,0.0,1.0,1.0,0.43999999999999995,4
livecodebench:test:155:50fdce27fe1a,Qwen3-8B,0.0,0.0,0.0,0.43999999999999995,4
livecodebench:test:929:516e924c106d,Qwen3-8B,1.0,1.0,0.0,0.53,4
livecodebench:test:372:8027c2446334,Qwen3-8B,1.0,1.0,0.0,0.42999999999999994,4
livecodebench:test:950:0bfcc9b7f77a,Qwen3-8B,0.0,1.0,1.0,0.47,4
livecodebench:test:780:2a4ac7c53898,Qwen3-8B,1.0,1.0,0.0,0.37999999999999995,4
livecodebench:test:173:134cefdb0a61,Qwen3-8B,1.0,1.0,0.0,0.37000000000000005,4
livecodebench:test:762:51b8404cae7d,Qwen3-8B,0.0,1.0,1.0,0.42999999999999994,4
livecodebench:test:397:0ee6b4baccec,Qwen3-8B,1.0,1.0,0.0,0.42,4
livecodebench:test:802:03728763285e,Qwen3-8B,0.0,1.0,1.0,0.44999999999999996,4
livecodebench:test:49:044dcc4514fd,Qwen3-8B,1.0,1.0,0.0,0.38,4
livecodebench:test:159:bad778345a14,Qwen3-8B,1.0,1.0,0.0,0.42999999999999994,4
livecodebench:test:710:adb046ab4af7,Qwen3-8B,1.0,1.0,0.0,0.44999999999999996,4
livecodebench:test:880:af8e77e77214,Qwen3-8B,0.0,0.0,0.0,0.44,4
livecodebench:test:422:02a956a1b501,Qwen3-8B,1.0,1.0,0.0,0.48,4
livecodebench:test:938:d6aa833b78cf,Qwen3-8B,0.0,0.0,0.0,0.39999999999999997,4
livecodebench:test:1052:dbf376b288cc,Qwen3-8B,0.0,0.0,0.0,0.44,4
livecodebench:test:586:9625a844e3e3,Qwen3-8B,1.0,1.0,0.0,0.48,4
livecodebench:test:640:3b3378f660e3,Qwen3-8B,1.0,1.0,0.0,0.3999999999999999,4
livecodebench:test:211:9f38643f5ada,Qwen3-8B,0.0,1.0,1.0,0.38999999999999996,4
livecodebench:test:19:9b4232154858,Qwen3-8B,1.0,1.0,0.0,0.38999999999999996,4
livecodebench:test:827:f9adeeea06ba,Qwen3-8B,0.0,1.0,1.0,0.37000000000000005,4
livecodebench:test:389:4e2ee263cf45,Qwen3-8B,1.0,1.0,0.0,0.44999999999999996,4
livecodebench:test:199:1aa6029cea68,Qwen3-8B,1.0,1.0,0.0,0.38999999999999996,4
livecodebench:test:1023:d69ae906e23b,Qwen3-8B,0.0,1.0,1.0,0.47,4
livecodebench:test:209:a8e7a6c70720,Qwen3-8B,1.0,1.0,0.0,0.39000000000000007,4
livecodebench:test:23:446abcf3fea0,Qwen3-8B,1.0,1.0,0.0,0.38000000000000006,4
livecodebench:test:358:7de77a429c51,Qwen3-8B,1.0,1.0,0.0,0.44,4
livecodebench:test:184:28683da9da3a,Qwen3-8B,1.0,1.0,0.0,0.31000000000000005,4
livecodebench:test:325:be2331ba33be,Qwen3-8B,1.0,1.0,0.0,0.42,4
livecodebench:test:956:252b4d03fbef,Qwen3-8B,1.0,1.0,0.0,0.43,4
livecodebench:test:249:cbb61a885ea2,Qwen3-8B,1.0,1.0,0.0,0.35000000000000003,4
livecodebench:test:523:87a761c1c2af,Qwen3-8B,1.0,1.0,0.0,0.44999999999999996,4
livecodebench:test:76:ba9d2e69d924,Qwen3-8B,1.0,1.0,0.0,0.52,4
livecodebench:test:757:673c7a6702ea,Qwen3-8B,1.0,1.0,0.0,0.38999999999999996,4
livecodebench:test:93:5e809b86ba85,Qwen3-8B,1.0,1.0,0.0,0.39999999999999997,4
livecodebench:test:453:8c4e6ccef0e5,Qwen3-8B,0.0,0.0,0.0,0.48,4
livecodebench:test:891:2eb82d385c66,Qwen3-8B,0.0,1.0,1.0,0.36999999999999994,4
livecodebench:test:196:8b2ad2213aeb,Qwen3-8B,0.0,0.0,0.0,0.24,4
livecodebench:test:685:0e02160ad460,Qwen3-8B,1.0,1.0,0.0,0.5,4
livecodebench:test:866:0f6dbad5034c,Qwen3-8B,0.0,0.0,0.0,0.48,4
livecodebench:test:534:eb5a59609242,Qwen3-8B,1.0,1.0,0.0,0.24,4
livecodebench:test:483:3e0a822dddd8,Qwen3-8B,1.0,1.0,0.0,0.44999999999999996,4
livecodebench:test:913:dba3587f7516,Qwen3-8B,1.0,1.0,0.0,0.44999999999999996,4
livecodebench:test:445:bd6d72a86c35,Qwen3-8B,1.0,1.0,0.0,0.51,4
livecodebench:test:954:a68507f9ef17,Qwen3-8B,0.0,0.0,0.0,0.39999999999999997,4
livecodebench:test:37:2bd53326234f,Qwen3-8B,1.0,1.0,0.0,0.48,4
livecodebench:test:914:0efb71c2a115,Qwen3-8B,0.0,0.0,0.0,0.31000000000000005,4
livecodebench:test:187:ab8b8a7822cc,Qwen3-8B,1.0,1.0,0.0,0.49,4
livecodebench:test:812:9507c48d1fa6,Qwen3-8B,0.0,0.0,0.0,0.26,4
livecodebench:test:310:77e3716774df,Qwen3-8B,1.0,1.0,0.0,0.41,4
livecodebench:test:446:1ffa6f9d5c9e,Qwen3-8B,1.0,1.0,0.0,0.36000000000000004,4
livecodebench:test:412:7b5af2c0e6ee,Qwen3-8B,1.0,1.0,0.0,0.44999999999999996,4
livecodebench:test:730:28b19260008c,Qwen3-8B,0.0,0.0,0.0,0.32000000000000006,4
livecodebench:test:563:40f21ef3f8e2,Qwen3-8B,1.0,1.0,0.0,0.29000000000000004,4
livecodebench:test:798:fad65b8f7f0b,Qwen3-8B,0.0,0.0,0.0,0.41,4
livecodebench:test:565:4ad5ffe62ce9,Qwen3-8B,1.0,1.0,0.0,0.41,4
livecodebench:test:283:b6e01552ac33,Qwen3-8B,1.0,1.0,0.0,0.44999999999999996,4
livecodebench:test:823:460c72b9b2e3,Qwen3-8B,1.0,1.0,0.0,0.38999999999999996,4
livecodebench:test:294:2267dd541a2b,Qwen3-8B,1.0,1.0,0.0,0.41999999999999993,4
livecodebench:test:564:5fb843644e57,Qwen3-8B,1.0,1.0,0.0,0.24,4
livecodebench:test:111:aab513c34a39,Qwen3-8B,0.0,1.0,1.0,0.41,4
livecodebench:test:407:f6feff94fcda,Qwen3-8B,1.0,1.0,0.0,0.33000000000000007,4
livecodebench:test:639:a17b687d99b2,Qwen3-8B,0.0,0.0,0.0,0.5,4
livecodebench:test:905:ca4cee63f2af,Qwen3-8B,0.0,0.0,0.0,0.42,4
livecodebench:test:1005:5446c8768d1e,Qwen3-8B,0.0,0.0,0.0,0.39999999999999997,4
livecodebench:test:452:28a0919732b3,Qwen3-8B,0.0,0.0,0.0,0.37000000000000005,4
livecodebench:test:661:ed8f80204e58,Qwen3-8B,1.0,1.0,0.0,0.24000000000000002,4
livecodebench:test:717:643cc77f893d,Qwen3-8B,0.0,0.0,0.0,0.30000000000000004,4
livecodebench:test:968:b6fc63e7dc9a,Qwen3-8B,0.0,0.0,0.0,0.29000000000000004,4
livecodebench:test:838:5786eb9ec61e,Qwen3-8B,0.0,1.0,1.0,0.49,4
livecodebench:test:967:5695d334cd57,Qwen3-8B,0.0,0.0,0.0,0.42999999999999994,4
livecodebench:test:594:b86c66dbc516,Qwen3-8B,1.0,1.0,0.0,0.61,4
livecodebench:test:573:65a9ce7bcd36,Qwen3-8B,0.0,1.0,1.0,0.5599999999999999,4
livecodebench:test:415:351d31e37878,Qwen3-8B,1.0,1.0,0.0,0.44999999999999996,4
livecodebench:test:746:cff60a9c8d54,Qwen3-8B,0.0,0.0,0.0,0.23999999999999996,4
livecodebench:test:258:b5e46f6cb57f,Qwen3-8B,1.0,1.0,0.0,0.38999999999999996,4
livecodebench:test:231:c2bb2a54214e,Qwen3-8B,1.0,1.0,0.0,0.42999999999999994,4
livecodebench:test:334:59e6c2bacf5c,Qwen3-8B,0.0,1.0,1.0,0.47,4
livecodebench:test:299:15c190c84722,Qwen3-8B,1.0,1.0,0.0,0.29000000000000004,4
livecodebench:test:873:b870a701ec7e,Qwen3-8B,0.0,0.0,0.0,0.45999999999999996,4
livecodebench:test:725:d0d0d68face5,Qwen3-8B,1.0,1.0,0.0,0.4099999999999999,4
livecodebench:test:621:14b4a7c82af2,Qwen3-8B,1.0,1.0,0.0,0.56,4
livecodebench:test:795:091cd7388a58,Qwen3-8B,0.0,1.0,1.0,0.44999999999999996,4
livecodebench:test:191:c2c10e281f8c,Qwen3-8B,1.0,1.0,0.0,0.4099999999999999,4
livecodebench:test:18:09e4946cea9b,Qwen3-8B,1.0,1.0,0.0,0.52,4
livecodebench:test:619:33d6d62ed30c,Qwen3-8B,0.0,0.0,0.0,0.43,4
livecodebench:test:528:01eaf53aadaf,Qwen3-8B,1.0,1.0,0.0,0.43,4
livecodebench:test:1014:4c5182a37f34,Qwen3-8B,0.0,0.0,0.0,0.41,4
livecodebench:test:990:3cbe3193ae33,Qwen3-8B,0.0,0.0,0.0,0.29000000000000004,4
livecodebench:test:1019:23be400702bf,Qwen3-8B,1.0,1.0,0.0,0.45999999999999996,4
livecodebench:test:554:ae90acca614d,Qwen3-8B,1.0,1.0,0.0,0.47,4
livecodebench:test:813:8b63954b8390,Qwen3-8B,0.0,0.0,0.0,0.27,4
livecodebench:test:687:456fcafc9e57,Qwen3-8B,0.0,0.0,0.0,0.55,4
livecodebench:test:537:5197821ef5f3,Qwen3-8B,1.0,1.0,0.0,0.41999999999999993,4
livecodebench:test:787:f6869f772a2e,Qwen3-8B,1.0,1.0,0.0,0.3400000000000001,4
livecodebench:test:625:ffbba28d2f07,Qwen3-8B,1.0,1.0,0.0,0.36000000000000004,4
livecodebench:test:951:515bb81256d0,Qwen3-8B,0.0,1.0,1.0,0.3,4
livecodebench:test:205:52e037872b96,Qwen3-8B,1.0,1.0,0.0,0.38000000000000006,4
livecodebench:test:1046:1a45fb26ba41,Qwen3-8B,0.0,1.0,1.0,0.44,4
livecodebench:test:331:2805285ac929,Qwen3-8B,0.0,0.0,0.0,0.47,4
livecodebench:test:235:ae37cabf9399,Qwen3-8B,1.0,1.0,0.0,0.35,4
livecodebench:test:80:ffd5c7d5bda3,Qwen3-8B,0.0,1.0,1.0,0.48,4
livecodebench:test:768:ba2b7892364a,Qwen3-8B,1.0,1.0,0.0,0.42,4
livecodebench:test:569:6a5acb011e0d,Qwen3-8B,1.0,1.0,0.0,0.42999999999999994,4
livecodebench:test:735:ce56860e4c8e,Qwen3-8B,1.0,1.0,0.0,0.35000000000000003,4
livecodebench:test:296:1d3fafcdf9f1,Qwen3-8B,1.0,1.0,0.0,0.39999999999999997,4
livecodebench:test:659:5fe5d371dfa5,Qwen3-8B,1.0,1.0,0.0,0.32000000000000006,4
livecodebench:test:524:6a6d6e4b5e61,Qwen3-8B,1.0,1.0,0.0,0.32000000000000006,4
livecodebench:test:224:9cb063f4bbd2,Qwen3-8B,1.0,1.0,0.0,0.41999999999999993,4
livecodebench:test:506:6765810f506c,Qwen3-8B,1.0,1.0,0.0,0.44,4
livecodebench:test:598:e4b57bd6abae,Qwen3-8B,1.0,1.0,0.0,0.38999999999999996,4
livecodebench:test:329:455010f04d6f,Qwen3-8B,1.0,1.0,0.0,0.41999999999999993,4
livecodebench:test:188:cf43b887fcf6,Qwen3-8B,0.0,1.0,1.0,0.54,4
livecodebench:test:699:578614a9a1ea,Qwen3-8B,1.0,1.0,0.0,0.42,4
livecodebench:test:175:495987d17859,Qwen3-8B,1.0,1.0,0.0,0.34,4
livecodebench:test:1035:c2e8a4fd394f,Qwen3-8B,0.0,0.0,0.0,0.45999999999999996,4
livecodebench:test:889:fcd1c0a7d10a,Qwen3-8B,1.0,1.0,0.0,0.27,4
livecodebench:test:255:e6454235f967,Qwen3-8B,0.0,1.0,1.0,0.39999999999999997,4
livecodebench:test:340:abae4dcaa526,Qwen3-8B,1.0,1.0,0.0,0.49,4
livecodebench:test:830:4aa336e873f1,Qwen3-8B,0.0,1.0,1.0,0.4099999999999999,4
livecodebench:test:555:c04117d7d1be,Qwen3-8B,0.0,0.0,0.0,0.38000000000000006,4
livecodebench:test:366:6960ccd3b412,Qwen3-8B,1.0,1.0,0.0,0.38,4
livecodebench:test:577:b5a35d36340b,Qwen3-8B,1.0,1.0,0.0,0.39,4
livecodebench:test:527:1dfffa9dd53e,Qwen3-8B,0.0,0.0,0.0,0.38000000000000006,4
livecodebench:test:78:c046282306b5,Qwen3-8B,0.0,1.0,1.0,0.38999999999999996,4
livecodebench:test:477:52537b1312d8,Qwen3-8B,1.0,1.0,0.0,0.5599999999999999,4
livecodebench:test:658:1088f0ec01b9,Qwen3-8B,0.0,0.0,0.0,0.37000000000000005,4
livecodebench:test:38:1d5fb2c82cc3,Qwen3-8B,1.0,1.0,0.0,0.53,4
livecodebench:test:417:f69a7a9e67fc,Qwen3-8B,1.0,1.0,0.0,0.43999999999999995,4
livecodebench:test:381:17383ca14d2a,Qwen3-8B,1.0,1.0,0.0,0.41,4
livecodebench:test:83:491370b3cd34,Qwen3-8B,1.0,1.0,0.0,0.5,4
livecodebench:test:401:1cf1ce654d79,Qwen3-8B,1.0,1.0,0.0,0.47000000000000003,4
livecodebench:test:349:89be7b6c8574,Qwen3-8B,0.0,1.0,1.0,0.29000000000000004,4
livecodebench:test:782:f9cc07e8e8d6,Qwen3-8B,1.0,1.0,0.0,0.43,4
livecodebench:test:300:27d2823f6b5a,Qwen3-8B,1.0,1.0,0.0,0.53,4
livecodebench:test:883:c60625835b45,Qwen3-8B,1.0,1.0,0.0,0.33000000000000007,4
livecodebench:test:428:79dd8bcb3c54,Qwen3-8B,0.0,0.0,0.0,0.30000000000000004,4
livecodebench:test:339:40eaef7cee0c,Qwen3-8B,1.0,1.0,0.0,0.39,4
livecodebench:test:157:e7c66a064273,Qwen3-8B,1.0,1.0,0.0,0.41,4
livecodebench:test:623:fa80027915d2,Qwen3-8B,0.0,0.0,0.0,0.35000000000000003,4
livecodebench:test:517:eabae610888e,Qwen3-8B,1.0,1.0,0.0,0.37,4
livecodebench:test:773:4e1827174bfb,Qwen3-8B,1.0,1.0,0.0,0.47,4
livecodebench:test:61:accd59ad7aac,Qwen3-8B,1.0,1.0,0.0,0.5,4
livecodebench:test:690:77130503d2f8,Qwen3-8B,0.0,1.0,1.0,0.52,4
livecodebench:test:887:750175d18450,Qwen3-8B,0.0,1.0,1.0,0.48,4
livecodebench:test:488:d195166d386c,Qwen3-8B,1.0,1.0,0.0,0.5,4
livecodebench:test:461:e7a8bbc9ec86,Qwen3-8B,1.0,1.0,0.0,0.54,4
livecodebench:test:698:440d603c8daa,Qwen3-8B,0.0,1.0,1.0,0.42999999999999994,4
livecodebench:test:973:2e8b7e92a372,Qwen3-8B,0.0,0.0,0.0,0.38000000000000006,4
livecodebench:test:890:a4a8b0fd387c,Qwen3-8B,0.0,0.0,0.0,0.4099999999999999,4
livecodebench:test:274:dab6ec1f4cde,Qwen3-8B,1.0,1.0,0.0,0.45999999999999996,4
livecodebench:test:941:5fc99c963833,Qwen3-8B,0.0,0.0,0.0,0.41999999999999993,4
livecodebench:test:75:34cfd2b1061a,Qwen3-8B,1.0,1.0,0.0,0.5,4
livecodebench:test:449:db52126c5927,Qwen3-8B,1.0,1.0,0.0,0.26,4
livecodebench:test:920:ab3949ff380f,Qwen3-8B,1.0,1.0,0.0,0.37000000000000005,4
math500:test:165:3b4ca6dce0a0,Qwen3-8B,1.0,1.0,0.0,0.14999999999999997,4
math500:test:449:c97bae96c69a,Qwen3-8B,1.0,1.0,0.0,0.10999999999999999,4
math500:test:200:d66a40c796e8,GLM-Z1-9B-0414,1.0,1.0,0.0,0.08000000000000002,4
math500:test:18:eee9872e8e8a,Qwen3-8B,1.0,1.0,0.0,0.04999999999999999,4
math500:test:422:1e6f33c6a63e,Qwen3-8B,1.0,1.0,0.0,0.10999999999999999,4
math500:test:358:9ecc4ef949d9,Qwen3-8B,1.0,1.0,0.0,0.010000000000000009,4
math500:test:260:79b7b095949b,GLM-Z1-9B-0414,1.0,1.0,0.0,0.12,4
math500:test:491:e0cb6d0fac52,Qwen3-8B,1.0,1.0,0.0,0.020000000000000018,4
math500:test:54:21b63c00bc0a,Qwen3-8B,1.0,1.0,0.0,0.12,4
math500:test:400:c4f4fd84bb52,GLM-Z1-9B-0414,1.0,1.0,0.0,0.04999999999999999,4
math500:test:285:997fde687668,Qwen3-8B,0.0,0.0,0.0,0.14,4
math500:test:166:5c91e3632a6b,Qwen3-8B,1.0,1.0,0.0,0.09999999999999998,4
math500:test:363:ee02cd5b28fb,Qwen3-8B,1.0,1.0,0.0,0.10999999999999999,4
math500:test:445:324f53c548e3,Qwen3-8B,0.0,1.0,1.0,0.31,4
math500:test:417:ec4a6e5635d2,Qwen3-8B,1.0,1.0,0.0,0.04999999999999999,4
math500:test:460:cdaeb4bf71f6,Qwen3-8B,1.0,1.0,0.0,0.040000000000000036,4
math500:test:339:ab7e10c4af73,Qwen3-8B,0.0,1.0,1.0,0.14999999999999997,4
math500:test:444:310d3a0451c5,Qwen3-8B,1.0,1.0,0.0,0.04999999999999999,4
math500:test:234:072eba222d90,GLM-Z1-9B-0414,1.0,1.0,0.0,0.010000000000000009,4
math500:test:270:3447eebbdcaa,Qwen3-8B,1.0,1.0,0.0,0.13,4
math500:test:111:ced521d94764,Qwen3-8B,0.0,1.0,1.0,0.09999999999999998,4
math500:test:123:d41930bf262e,GLM-Z1-9B-0414,1.0,1.0,0.0,0.010000000000000009,4
math500:test:167:d66dea6f6059,Qwen3-8B,1.0,1.0,0.0,0.10999999999999999,4
math500:test:198:c09864a50ddd,Qwen3-8B,1.0,1.0,0.0,0.07,4
math500:test:21:cce9209bc28f,Qwen3-8B,1.0,1.0,0.0,0.07,4
math500:test:267:c16492850cbf,Qwen3-8B,1.0,1.0,0.0,0.06,4
math500:test:121:96a8c62f9c87,Qwen3-8B,1.0,1.0,0.0,0.030000000000000027,4
math500:test:353:7295bd92760d,Qwen3-8B,1.0,1.0,0.0,0.2,4
math500:test:402:ea0162ad089a,Qwen3-8B,1.0,1.0,0.0,0.19,4
math500:test:492:17002c400ab5,NVIDIA-Nemotron-Nano-9B-v2,1.0,1.0,0.0,0.010000000000000009,4
math500:test:304:f5538ac4bbbe,Qwen3-8B,1.0,1.0,0.0,0.13,4
math500:test:40:e8bbc51e4f0c,Qwen3-8B,1.0,1.0,0.0,0.040000000000000036,4
math500:test:496:4ecfbe0b1cc7,Qwen3-8B,1.0,1.0,0.0,0.020000000000000018,4
math500:test:431:2ca7e059eeb0,GLM-Z1-9B-0414,1.0,1.0,0.0,0.03999999999999998,4
math500:test:181:4ecc75de961c,Qwen3-8B,1.0,1.0,0.0,0.08000000000000002,4
math500:test:276:1abaefe28152,Qwen3-8B,1.0,1.0,0.0,0.15999999999999998,4
math500:test:348:76bb173b20d4,Qwen3-8B,1.0,1.0,0.0,0.14999999999999997,4
math500:test:457:1adc8b1cc056,Qwen3-8B,1.0,1.0,0.0,0.15999999999999998,4
math500:test:354:f25c15fb3535,Qwen3-8B,1.0,1.0,0.0,0.06,4
math500:test:96:2469e03a667a,Qwen3-8B,1.0,1.0,0.0,0.08000000000000002,4
math500:test:306:d308b5bba1d4,Qwen3-8B,1.0,1.0,0.0,0.12,4
math500:test:399:2cd7714989b8,Qwen3-8B,1.0,1.0,0.0,0.09999999999999998,4
math500:test:450:5df990bd825b,Qwen3-8B,1.0,1.0,0.0,0.10000000000000003,4
math500:test:369:9fb726184d4d,Qwen3-8B,1.0,1.0,0.0,0.03999999999999998,4
math500:test:134:21082726712a,GLM-Z1-9B-0414,1.0,1.0,0.0,0.03999999999999998,4
math500:test:98:ecdad8d7b2a1,Qwen3-8B,1.0,1.0,0.0,0.08000000000000002,4
math500:test:50:3d1f09ed5cfd,Qwen3-8B,1.0,1.0,0.0,0.02999999999999997,4
math500:test:78:21e3aa0cdbfe,Qwen3-8B,1.0,1.0,0.0,0.07,4
math500:test:410:5b62e67bc327,Qwen3-8B,1.0,1.0,0.0,0.08999999999999997,4
math500:test:177:b223f2dd3f63,Qwen3-8B,1.0,1.0,0.0,0.10999999999999999,4
math500:test:315:4b5b19174e5d,Qwen3-8B,1.0,1.0,0.0,0.09999999999999998,4
math500:test:24:2aeafb5e569f,Qwen3-8B,1.0,1.0,0.0,0.13,4
math500:test:356:02e1cce43113,Qwen3-8B,1.0,1.0,0.0,0.14999999999999997,4
math500:test:14:8d5123e58587,Qwen3-8B,1.0,1.0,0.0,0.08000000000000002,4
math500:test:63:f5ace075c490,Qwen3-8B,1.0,1.0,0.0,0.15000000000000002,4
math500:test:259:7c50e325b6a4,GLM-Z1-9B-0414,1.0,1.0,0.0,0.010000000000000009,4
math500:test:32:b366ba898e33,Qwen3-8B,1.0,1.0,0.0,0.19,4
math500:test:146:90a95247aec2,Qwen3-8B,1.0,1.0,0.0,0.09000000000000002,4
math500:test:85:e684634d63b6,Qwen3-8B,1.0,1.0,0.0,0.07999999999999996,4
math500:test:131:57d488b1dac9,Qwen3-8B,1.0,1.0,0.0,0.09000000000000002,4
math500:test:28:ba83e92e963a,Qwen3-8B,1.0,1.0,0.0,0.14,4
math500:test:490:24b6ac402f7f,Qwen3-8B,1.0,1.0,0.0,0.12,4
math500:test:182:0d469d0ece1c,Qwen3-8B,1.0,1.0,0.0,0.02999999999999997,4
math500:test:213:6f0e66a3f1cb,Qwen3-8B,1.0,1.0,0.0,0.11000000000000004,4
math500:test:368:2bf2a416429c,Qwen3-8B,1.0,1.0,0.0,0.08999999999999997,4
math500:test:13:a3f40663ba19,Qwen3-8B,1.0,1.0,0.0,0.020000000000000018,4
math500:test:1:292f04c1337f,Qwen3-8B,1.0,1.0,0.0,0.16999999999999998,4
math500:test:163:de2d1c474b9e,Qwen3-8B,1.0,1.0,0.0,0.14,4
math500:test:362:27304254dfee,Qwen3-8B,1.0,1.0,0.0,0.07,4
math500:test:109:a0041119ec9c,Qwen3-8B,1.0,1.0,0.0,0.18,4
math500:test:16:24a265b2a94e,Qwen3-8B,1.0,1.0,0.0,0.15000000000000002,4
math500:test:467:d708ac38968b,Qwen3-8B,1.0,1.0,0.0,0.03999999999999998,4
math500:test:395:3b7adb5c0f93,Qwen3-8B,1.0,1.0,0.0,0.16999999999999998,4
math500:test:282:10dc53719ddb,Qwen3-8B,1.0,1.0,0.0,0.18999999999999997,4
math500:test:133:2ec5d51bbf8d,Qwen3-8B,1.0,1.0,0.0,0.019999999999999962,4
math500:test:142:607ec7f40a3b,Qwen3-8B,1.0,1.0,0.0,0.04999999999999999,4
math500:test:144:2757934eba88,Qwen3-8B,1.0,1.0,0.0,0.10999999999999999,4
math500:test:20:2708356abe6b,Qwen3-8B,1.0,1.0,0.0,0.16000000000000003,4
math500:test:113:d7d47865fbb5,Qwen3-8B,1.0,1.0,0.0,0.13,4
math500:test:291:8e94732caeed,Qwen3-8B,1.0,1.0,0.0,0.13999999999999996,4
math500:test:266:83864f874959,Qwen3-8B,1.0,1.0,0.0,0.07,4
math500:test:246:e497bfcb257b,Qwen3-8B,1.0,1.0,0.0,0.10999999999999999,4
math500:test:382:21279e30be06,Qwen3-8B,1.0,1.0,0.0,0.15999999999999998,4
math500:test:454:dbd323191fa4,Qwen3-8B,1.0,1.0,0.0,0.04999999999999999,4
math500:test:432:ab5a486c7b67,Qwen3-8B,1.0,1.0,0.0,0.13,4
math500:test:60:f847551cef56,Qwen3-8B,1.0,1.0,0.0,0.14,4
math500:test:127:234b319021dc,Qwen3-8B,1.0,1.0,0.0,0.13,4
math500:test:423:9a933b483ce7,Qwen3-8B,0.0,0.0,0.0,0.14,4
math500:test:498:289d8fe78437,Qwen3-8B,1.0,1.0,0.0,0.020000000000000018,4
math500:test:485:827611782a6a,Qwen3-8B,1.0,1.0,0.0,0.12,4
math500:test:330:3d356b3168ea,Qwen3-8B,1.0,1.0,0.0,0.0,4
math500:test:243:f63d2aeb1dcb,GLM-Z1-9B-0414,1.0,1.0,0.0,0.02999999999999997,4
math500:test:248:0c31b4a5e4c8,Qwen3-8B,1.0,1.0,0.0,0.050000000000000044,4
math500:test:300:a6309a04df98,Qwen3-8B,1.0,1.0,0.0,0.10999999999999999,4
math500:test:343:bdd43ed05065,Qwen3-8B,1.0,1.0,0.0,0.03999999999999998,4
math500:test:273:71eae2be9ad1,GLM-Z1-9B-0414,1.0,1.0,0.0,0.020000000000000018,4
math500:test:221:6c70163ce817,Qwen3-8B,1.0,1.0,0.0,0.07999999999999996,4
math500:test:29:19726ea8f33e,Qwen3-8B,1.0,1.0,0.0,0.030000000000000027,4
math500:test:164:b884ea4dff43,Qwen3-8B,0.0,1.0,1.0,0.030000000000000027,4
math500:test:195:feb014ba1463,Qwen3-8B,1.0,1.0,0.0,0.23,4
mathbench:test:66:72d1d36be55f,Qwen3-8B,1.0,1.0,0.0,0.12,4
mathbench:test:42:189318d70bc0,Qwen3-8B,1.0,1.0,0.0,0.06,4
mathbench:test:146:7a816965b944,Qwen3-8B,1.0,1.0,0.0,0.06,4
mathbench:test:4:83e533237ca6,Qwen3-8B,1.0,1.0,0.0,0.14,4
mathbench:test:48:18119a72b282,NVIDIA-Nemotron-Nano-9B-v2,1.0,1.0,0.0,0.010000000000000009,4
mathbench:test:81:53383dff440a,Qwen3-8B,1.0,1.0,0.0,0.09000000000000002,4
mathbench:test:9:e739e712337c,Qwen3-8B,1.0,1.0,0.0,0.07999999999999996,4
mathbench:test:93:896693197682,Qwen3-8B,1.0,1.0,0.0,0.16000000000000003,4
mathbench:test:123:7154a2fa40bf,NVIDIA-Nemotron-Nano-9B-v2,1.0,1.0,0.0,0.010000000000000009,4
mathbench:test:106:df8197199cda,Qwen3-8B,1.0,1.0,0.0,0.13999999999999999,4
mathbench:test:12:a45a8a1ac56f,Qwen3-8B,1.0,1.0,0.0,0.08000000000000002,4
mathbench:test:65:11d831ff9674,Qwen3-8B,1.0,1.0,0.0,0.10000000000000003,4
mathbench:test:113:4055ed5dbbec,Qwen3-8B,1.0,1.0,0.0,0.07999999999999996,4
mathbench:test:30:1df048c07696,Qwen3-8B,1.0,1.0,0.0,0.15000000000000002,4
mathbench:test:99:9aecef9a4d2c,Qwen3-8B,1.0,1.0,0.0,0.18,4
mathbench:test:67:5b1d3f814dce,Qwen3-8B,1.0,1.0,0.0,0.09999999999999998,4
mathbench:test:138:867296d61cf7,Qwen3-8B,1.0,1.0,0.0,0.07,4
mathbench:test:78:acc6b94febc4,Qwen3-8B,1.0,1.0,0.0,0.07,4
mathbench:test:110:ba45a7806fa4,Qwen3-8B,1.0,1.0,0.0,0.07,4
mathbench:test:2:533393a3f418,Qwen3-8B,1.0,1.0,0.0,0.09999999999999998,4
mathbench:test:144:11c86a35bdfe,Qwen3-8B,1.0,1.0,0.0,0.08999999999999997,4
mathbench:test:141:cde5485b3e4e,Qwen3-8B,1.0,1.0,0.0,0.06,4
mathbench:test:117:5ec290c33bbe,Qwen3-8B,1.0,1.0,0.0,0.07,4
mathbench:test:136:fb25a6ffa6bf,Qwen3-8B,1.0,1.0,0.0,0.06999999999999995,4
mathbench:test:22:3f37086e234d,Qwen3-8B,1.0,1.0,0.0,0.10999999999999999,4
mathbench:test:34:d0f27e062048,Qwen3-8B,1.0,1.0,0.0,0.21,4
mathbench:test:51:5c27d4f1c2a2,Qwen3-8B,1.0,1.0,0.0,0.13,4
mathbench:test:120:cdbc5b7ee4ef,Qwen3-8B,1.0,1.0,0.0,0.09999999999999998,4
mathbench:test:63:cd385724c221,Qwen3-8B,1.0,1.0,0.0,0.13,4
mathbench:test:131:a5233a97752a,GLM-Z1-9B-0414,1.0,1.0,0.0,0.06,4
mbpp:test:268:cc38386cf814,Qwen3-8B,1.0,1.0,0.0,0.4700000000000001,4
mbpp:test:902:6c03851fb07a,Qwen3-8B,0.0,1.0,1.0,0.44000000000000006,4
mbpp:test:84:3c574076a04d,Qwen3-8B,0.0,0.0,0.0,0.42000000000000004,4
mbpp:test:423:b7f773b6f336,Qwen3-8B,1.0,1.0,0.0,0.29000000000000004,4
mbpp:test:378:b029859a01d7,Qwen3-8B,1.0,1.0,0.0,0.37999999999999995,4
mbpp:test:31:c35118521434,Qwen3-8B,1.0,1.0,0.0,0.33000000000000007,4
mbpp:test:626:9864f09f241e,Qwen3-8B,0.0,1.0,1.0,0.38999999999999996,4
mbpp:test:882:956c661db5a3,Qwen3-8B,1.0,1.0,0.0,0.4600000000000001,4
mbpp:test:812:dcaadca9fc74,Qwen3-8B,1.0,1.0,0.0,0.18,4
mbpp:test:92:dd9c28c6fa41,Qwen3-8B,1.0,1.0,0.0,0.44000000000000006,4
mbpp:test:629:288a6aa21f8e,Qwen3-8B,0.0,1.0,1.0,0.57,4
mbpp:test:168:4d16fffe4fcb,Qwen3-8B,0.0,1.0,1.0,0.48000000000000004,4
mbpp:test:885:916ac0ae0e85,Qwen3-8B,1.0,1.0,0.0,0.26,4
mbpp:test:46:765c9d77f503,Qwen3-8B,1.0,1.0,0.0,0.31000000000000005,4
mbpp:test:52:c929b00cbe26,Qwen3-8B,1.0,1.0,0.0,0.44,4
mbpp:test:281:0d84a7799bfd,Qwen3-8B,1.0,1.0,0.0,0.36,4
mbpp:test:437:760d727a3205,Qwen3-8B,1.0,1.0,0.0,0.49000000000000005,4
mbpp:test:177:51a882b4881b,Qwen3-8B,1.0,1.0,0.0,0.37,4
mbpp:test:471:529f8c9cd19b,Qwen3-8B,1.0,1.0,0.0,0.41000000000000003,4
mbpp:test:936:f46e736ef355,Qwen3-8B,0.0,1.0,1.0,0.43000000000000005,4
mbpp:test:776:6715cc2f7c86,Qwen3-8B,1.0,1.0,0.0,0.51,4
mbpp:test:762:f7d34f1d8f84,Qwen3-8B,1.0,1.0,0.0,0.45,4
mbpp:test:33:5633f75b3a10,Qwen3-8B,1.0,1.0,0.0,0.45,4
mbpp:test:231:75e1abc9bbac,Qwen3-8B,0.0,0.0,0.0,0.46,4
mbpp:test:666:7b0433220786,Qwen3-8B,0.0,1.0,1.0,0.35,4
mbpp:test:313:2f223babb4d2,Qwen3-8B,0.0,0.0,0.0,0.45999999999999996,4
mbpp:test:589:584f7edb38f7,Qwen3-8B,1.0,1.0,0.0,0.37000000000000005,4
mbpp:test:919:dc7ee3e92095,Qwen3-8B,1.0,1.0,0.0,0.32999999999999996,4
mbpp:test:861:e92832e81f6e,Qwen3-8B,0.0,1.0,1.0,0.42999999999999994,4
mbpp:test:30:94d4405b378c,Qwen3-8B,1.0,1.0,0.0,0.46,4
mbpp:test:691:5f67711eb86e,Qwen3-8B,1.0,1.0,0.0,0.5,4
mbpp:test:322:7d0368cb6997,Qwen3-8B,1.0,1.0,0.0,0.5,4
mbpp:test:369:39a4a6e32f4a,Qwen3-8B,0.0,1.0,1.0,0.6,4
mbpp:test:36:e5f961804163,Qwen3-8B,1.0,1.0,0.0,0.28,4
mbpp:test:158:1cd31bb52195,Qwen3-8B,0.0,1.0,1.0,0.39,4
mbpp:test:407:cd27585c45c1,Qwen3-8B,0.0,1.0,1.0,0.46,4
mbpp:test:639:017a5d8a6b40,Qwen3-8B,1.0,1.0,0.0,0.48,4
mbpp:test:337:51ae370803d0,Qwen3-8B,1.0,1.0,0.0,0.31999999999999995,4
mbpp:test:202:54d7761efaa2,Qwen3-8B,0.0,1.0,1.0,0.44,4
mbpp:test:519:adc5dddf9c84,Qwen3-8B,0.0,1.0,1.0,0.37,4
mbpp:test:477:9fd95e88c7f6,Qwen3-8B,0.0,1.0,1.0,0.2800000000000001,4
mbpp:test:547:44827d159c8d,Qwen3-8B,1.0,1.0,0.0,0.26,4
mbpp:test:772:efa2493b8229,Qwen3-8B,1.0,1.0,0.0,0.51,4
mbpp:test:499:31fb21952c57,Qwen3-8B,0.0,1.0,1.0,0.32999999999999996,4
mbpp:test:363:b7165fbb5a30,Qwen3-8B,1.0,1.0,0.0,0.42,4
mbpp:test:943:6be6f9e8c221,Qwen3-8B,0.0,1.0,1.0,0.44,4
mbpp:test:507:0aae0aa7645d,Qwen3-8B,0.0,1.0,1.0,0.41000000000000003,4
mbpp:test:53:b135fbd4d46b,Qwen3-8B,0.0,1.0,1.0,0.37999999999999995,4
mbpp:test:645:54d5a97fea11,Qwen3-8B,0.0,1.0,1.0,0.39,4
mbpp:test:243:7c81e6793333,Qwen3-8B,1.0,1.0,0.0,0.31000000000000005,4
mbpp:test:312:9e19acbb2693,Qwen3-8B,0.0,1.0,1.0,0.29999999999999993,4
mbpp:test:927:eda0bdba367b,Qwen3-8B,0.0,0.0,0.0,0.41,4
mbpp:test:216:093d58b1ddea,Qwen3-8B,1.0,1.0,0.0,0.5499999999999999,4
mbpp:test:429:fc1f5a5291a8,Qwen3-8B,1.0,1.0,0.0,0.36,4
mbpp:test:295:7588e10ef76a,Qwen3-8B,0.0,1.0,1.0,0.42000000000000004,4
mbpp:test:946:91c635bdd4f8,Qwen3-8B,1.0,1.0,0.0,0.47,4
mbpp:test:840:54946c2f582b,Qwen3-8B,1.0,1.0,0.0,0.25,4
mbpp:test:17:8e8009c0f251,Qwen3-8B,0.0,1.0,1.0,0.46,4
mbpp:test:809:f6b5ea182295,Qwen3-8B,1.0,1.0,0.0,0.28,4
mbpp:test:868:831d1ff96f22,Qwen3-8B,0.0,1.0,1.0,0.32999999999999996,4
mbpp:test:889:39c2b15b27dc,Qwen3-8B,1.0,1.0,0.0,0.32000000000000006,4
mbpp:test:525:84b5a2f4971b,Qwen3-8B,1.0,1.0,0.0,0.45,4
mbpp:test:770:af910574a8cd,Qwen3-8B,1.0,1.0,0.0,0.37,4
mbpp:test:531:68c25358e6e0,Qwen3-8B,0.0,1.0,1.0,0.36,4
mbpp:test:863:d709a0e62b8e,Qwen3-8B,0.0,1.0,1.0,0.30000000000000004,4
mbpp:test:722:871631681429,Qwen3-8B,1.0,1.0,0.0,0.26000000000000006,4
mbpp:test:235:2bb2676ebe7d,Qwen3-8B,1.0,1.0,0.0,0.43000000000000005,4
mbpp:test:125:64c53aaaba0f,Qwen3-8B,1.0,1.0,0.0,0.42000000000000004,4
mbpp:test:571:67dc547de0a5,Qwen3-8B,0.0,0.0,0.0,0.51,4
mbpp:test:303:635058b6f76b,Qwen3-8B,1.0,1.0,0.0,0.27,4
mbpp:test:226:c3a982d70624,Qwen3-8B,0.0,1.0,1.0,0.38,4
mbpp:test:463:2f2abec0a3bf,Qwen3-8B,0.0,1.0,1.0,0.39,4
mbpp:test:945:04cfbbf42fd7,Qwen3-8B,0.0,1.0,1.0,0.53,4
mbpp:test:546:85817674aebb,Qwen3-8B,0.0,1.0,1.0,0.37999999999999995,4
mbpp:test:715:827ca9b4cc03,Qwen3-8B,1.0,1.0,0.0,0.34,4
mbpp:test:418:a4f768a5a522,Qwen3-8B,1.0,1.0,0.0,0.35,4
mbpp:test:93:349b108c6a15,Qwen3-8B,1.0,1.0,0.0,0.31000000000000005,4
mbpp:test:671:fb0b13796637,Qwen3-8B,0.0,1.0,1.0,0.5,4
mbpp:test:425:86416f1e1a47,Qwen3-8B,0.0,1.0,1.0,0.21999999999999997,4
mbpp:test:94:145434d0efd5,Qwen3-8B,1.0,1.0,0.0,0.37999999999999995,4
mbpp:test:112:d01bab71cf20,Qwen3-8B,0.0,1.0,1.0,0.4,4
mbpp:test:947:70421b54af49,Qwen3-8B,1.0,1.0,0.0,0.28,4
mbpp:test:900:ceb7cf41b7fd,Qwen3-8B,1.0,1.0,0.0,0.28,4
mbpp:test:446:fc4907d006c1,Qwen3-8B,1.0,1.0,0.0,0.39,4
mbpp:test:68:0f2013e662d1,Qwen3-8B,1.0,1.0,0.0,0.43,4
mbpp:test:91:2befba48ede7,Qwen3-8B,1.0,1.0,0.0,0.32999999999999996,4
mbpp:test:223:66e2a75428bc,Qwen3-8B,0.0,1.0,1.0,0.29999999999999993,4
mbpp:test:394:8554a6f433a1,Qwen3-8B,1.0,1.0,0.0,0.43,4
mbpp:test:879:d3469435d507,Qwen3-8B,0.0,1.0,1.0,0.4,4
mbpp:test:128:b450054d8cc8,Qwen3-8B,1.0,1.0,0.0,0.28,4
mbpp:test:413:2fd377297c39,Qwen3-8B,0.0,1.0,1.0,0.42000000000000004,4
mbpp:test:904:bce8c6bd43bb,Qwen3-8B,1.0,1.0,0.0,0.49000000000000005,4
mbpp:test:829:19e5f65b1a11,Qwen3-8B,0.0,1.0,1.0,0.38999999999999996,4
mbpp:test:122:3b0a20b8cacc,Qwen3-8B,0.0,0.0,0.0,0.45000000000000007,4
mbpp:test:192:fdf2934ea8e6,Qwen3-8B,0.0,0.0,0.0,0.38,4
mbpp:test:837:7a7590321059,Qwen3-8B,1.0,1.0,0.0,0.44000000000000006,4
mbpp:test:203:7bd405342abc,Qwen3-8B,1.0,1.0,0.0,0.42,4
mbpp:test:96:841b4bd295fc,Qwen3-8B,1.0,1.0,0.0,0.5,4
mbpp:test:25:7ff2eb7819e7,Qwen3-8B,1.0,1.0,0.0,0.36,4
mbpp:test:360:ba3fb68d339c,Qwen3-8B,0.0,1.0,1.0,0.2,4
mbpp:test:77:c80b8eb2a745,Qwen3-8B,0.0,1.0,1.0,0.41,4
mbpp:test:344:7331ef4eed36,Qwen3-8B,0.0,1.0,1.0,0.30000000000000004,4
mbpp:test:679:7f21d8aba1a0,Qwen3-8B,1.0,1.0,0.0,0.29000000000000004,4
mbpp:test:329:b3bb775b807a,Qwen3-8B,0.0,1.0,1.0,0.32000000000000006,4
mbpp:test:320:9228c0ec7394,Qwen3-8B,1.0,1.0,0.0,0.31000000000000005,4
mbpp:test:518:14e07b003bc7,Qwen3-8B,1.0,1.0,0.0,0.49000000000000005,4
mbpp:test:140:437ca6167c95,Qwen3-8B,0.0,1.0,1.0,0.29000000000000004,4
mbpp:test:862:bb8d31cab832,Qwen3-8B,0.0,1.0,1.0,0.39,4
mbpp:test:324:b9419905e8b6,Qwen3-8B,1.0,1.0,0.0,0.4,4
mbpp:test:343:6483047eb710,Qwen3-8B,1.0,1.0,0.0,0.48,4
mbpp:test:831:ccf2fe4fc3a3,Qwen3-8B,0.0,1.0,1.0,0.26,4
mbpp:test:773:f9314ca29d8d,Qwen3-8B,1.0,1.0,0.0,0.48000000000000004,4
mbpp:test:401:78365b5e12ce,Qwen3-8B,0.0,1.0,1.0,0.34,4
mbpp:test:210:246bca4cbdf9,Qwen3-8B,1.0,1.0,0.0,0.25,4
mbpp:test:806:dc0ed0b0aa78,Qwen3-8B,1.0,1.0,0.0,0.35,4
mbpp:test:9:b16e72065a10,Qwen3-8B,0.0,1.0,1.0,0.48000000000000004,4
mbpp:test:839:1bf8231a8b73,Qwen3-8B,0.0,1.0,1.0,0.36,4
mbpp:test:705:6c4d6e917caa,Qwen3-8B,1.0,1.0,0.0,0.33000000000000007,4
mbpp:test:658:5bee1e252b76,Qwen3-8B,1.0,1.0,0.0,0.39,4
mbpp:test:747:bf995f7a9d77,Qwen3-8B,0.0,1.0,1.0,0.44,4
mbpp:test:464:a6b2b88e073c,Qwen3-8B,0.0,1.0,1.0,0.32999999999999996,4
mbpp:test:866:d690c02914be,Qwen3-8B,0.0,1.0,1.0,0.43999999999999995,4
mbpp:test:698:1791c8441c77,Qwen3-8B,1.0,1.0,0.0,0.47000000000000003,4
mbpp:test:345:97f05ed9a44a,Qwen3-8B,1.0,1.0,0.0,0.28,4
mbpp:test:398:0ee6bc9ca4ff,Qwen3-8B,1.0,1.0,0.0,0.30999999999999994,4
mbpp:test:583:7070aa1c4ef1,Qwen3-8B,0.0,0.0,0.0,0.5399999999999999,4
mbpp:test:328:fac1d77d2386,Qwen3-8B,1.0,1.0,0.0,0.48000000000000004,4
mbpp:test:557:6c9bea4f84ca,Qwen3-8B,0.0,0.0,0.0,0.24,4
mbpp:test:515:d2ffbbb03aac,Qwen3-8B,0.0,0.0,0.0,0.45,4
mbpp:test:725:76893d2e42b9,Qwen3-8B,0.0,1.0,1.0,0.44000000000000006,4
mbpp:test:543:e5ea2dc18073,Qwen3-8B,1.0,1.0,0.0,0.31000000000000005,4
mbpp:test:901:03156674ebbd,Qwen3-8B,0.0,1.0,1.0,0.38999999999999996,4
mbpp:test:433:3855e9e354dd,Qwen3-8B,1.0,1.0,0.0,0.48000000000000004,4
mbpp:test:689:5cedd84bc712,Qwen3-8B,1.0,1.0,0.0,0.29000000000000004,4
mbpp:test:100:b2bcb095d88e,Qwen3-8B,0.0,0.0,0.0,0.45,4
mbpp:test:619:9d6c506dee64,Qwen3-8B,0.0,1.0,1.0,0.32999999999999996,4
mbpp:test:860:da3a6c9a8cab,Qwen3-8B,1.0,1.0,0.0,0.20999999999999996,4
mbpp:test:87:01bf2419a417,Qwen3-8B,0.0,1.0,1.0,0.26,4
mbpp:test:497:da8d9a12ad91,Qwen3-8B,1.0,1.0,0.0,0.44,4
mbpp:test:292:39190f2b880a,Qwen3-8B,1.0,1.0,0.0,0.5,4
mbpp:test:915:38e1e036a376,Qwen3-8B,1.0,1.0,0.0,0.32999999999999996,4
mbpp:test:610:54698606aa80,Qwen3-8B,0.0,0.0,0.0,0.43000000000000005,4
mbpp:test:280:a108885c498c,Qwen3-8B,0.0,1.0,1.0,0.44000000000000006,4
mbpp:test:205:ebf6b108da50,Qwen3-8B,0.0,1.0,1.0,0.37,4
mbpp:test:191:cf1f1945ef31,Qwen3-8B,1.0,1.0,0.0,0.39,4
mbpp:test:730:80dfd1c4bbdc,Qwen3-8B,0.0,1.0,1.0,0.4,4
mbpp:test:368:d03bb641472d,Qwen3-8B,0.0,1.0,1.0,0.22999999999999998,4
mbpp:test:973:704a3c9c7b12,Qwen3-8B,1.0,1.0,0.0,0.48000000000000004,4
mbpp:test:45:e4d02f8e6f13,Qwen3-8B,1.0,1.0,0.0,0.45,4
mbpp:test:15:f09f9d6268d4,Qwen3-8B,0.0,1.0,1.0,0.44,4
mbpp:test:144:e6de30c90704,Qwen3-8B,1.0,1.0,0.0,0.39,4
mbpp:test:731:be307cf26a94,Qwen3-8B,1.0,1.0,0.0,0.4,4
mbpp:test:688:1ce808b899eb,Qwen3-8B,0.0,1.0,1.0,0.38999999999999996,4
mbpp:test:373:a97490c0f434,Qwen3-8B,1.0,1.0,0.0,0.39,4
mbpp:test:214:a5debe5a1cdf,Qwen3-8B,0.0,1.0,1.0,0.41,4
mbpp:test:227:a105648f0b42,Qwen3-8B,0.0,1.0,1.0,0.35,4
mbpp:test:383:bd7556e5e4f8,Qwen3-8B,1.0,1.0,0.0,0.5,4
mbpp:test:572:f7e375499f6d,Qwen3-8B,1.0,1.0,0.0,0.31999999999999995,4
mbpp:test:846:42647660dc1b,Qwen3-8B,0.0,1.0,1.0,0.42,4
mbpp:test:707:cfa80bf8151a,Qwen3-8B,0.0,1.0,1.0,0.45,4
mbpp:test:870:533391e3d2ef,Qwen3-8B,1.0,1.0,0.0,0.31000000000000005,4
mbpp:test:811:f17819ee8609,Qwen3-8B,0.0,1.0,1.0,0.38999999999999996,4
mbpp:test:912:38d858e936a4,Qwen3-8B,0.0,1.0,1.0,0.44,4
mbpp:test:362:4124ee3d3777,Qwen3-8B,0.0,1.0,1.0,0.46,4
mbpp:test:940:bd1d59de721c,Qwen3-8B,0.0,1.0,1.0,0.38,4
mbpp:test:749:502e65604e92,Qwen3-8B,0.0,1.0,1.0,0.47000000000000003,4
mbpp:test:676:303b5508d65c,Qwen3-8B,1.0,1.0,0.0,0.37,4
mbpp:test:160:e5c0f39ba70b,Qwen3-8B,0.0,0.0,0.0,0.44,4
mbpp:test:908:b762b4945776,Qwen3-8B,1.0,1.0,0.0,0.45999999999999996,4
mbpp:test:804:28e4a71c59e4,Qwen3-8B,1.0,1.0,0.0,0.42000000000000004,4
mbpp:test:702:1b2195cfacc5,Qwen3-8B,1.0,1.0,0.0,0.4600000000000001,4
mbpp:test:339:3d39ef2dd8b3,Qwen3-8B,0.0,1.0,1.0,0.39999999999999997,4
mbpp:test:166:e47ef2db262f,Qwen3-8B,0.0,1.0,1.0,0.31000000000000005,4
mbpp:test:359:628f747e1c43,Qwen3-8B,1.0,1.0,0.0,0.48000000000000004,4
mbpp:test:657:c3542a55db49,Qwen3-8B,1.0,1.0,0.0,0.33000000000000007,4
mbpp:test:787:5a2efcbfcc8e,Qwen3-8B,0.0,1.0,1.0,0.37,4
mbpp:test:696:7f5f80a0a70a,Qwen3-8B,0.0,0.0,0.0,0.39999999999999997,4
mbpp:test:467:922885daed64,Qwen3-8B,1.0,1.0,0.0,0.37,4
mbpp:test:132:aedae0c34cc2,Qwen3-8B,0.0,0.0,0.0,0.39,4
mbpp:test:174:b326f9fe329d,Qwen3-8B,1.0,1.0,0.0,0.45,4
mbpp:test:261:56d99a3703cd,Qwen3-8B,1.0,1.0,0.0,0.42,4
mbpp:test:713:a5f312b0468c,Qwen3-8B,0.0,1.0,1.0,0.43000000000000005,4
mbpp:test:495:6c0d6095bbdb,Qwen3-8B,0.0,1.0,1.0,0.3400000000000001,4
mbpp:test:55:1c30df7ea40c,Qwen3-8B,0.0,1.0,1.0,0.45,4
mbpp:test:768:fe29fa51d4dd,Qwen3-8B,1.0,1.0,0.0,0.47000000000000003,4
mbpp:test:669:0158dfd25f11,Qwen3-8B,0.0,0.0,0.0,0.38,4
mbpp:test:399:754dcf1e2f84,Qwen3-8B,1.0,1.0,0.0,0.4,4
mbpp:test:298:3aec90090d57,Qwen3-8B,1.0,1.0,0.0,0.41000000000000003,4
mbpp:test:490:3f8eb7ea85ce,Qwen3-8B,0.0,1.0,1.0,0.27,4
mbpp:test:576:57392a0d7fbc,Qwen3-8B,1.0,1.0,0.0,0.43,4
mbpp:test:685:06740fd57acf,Qwen3-8B,0.0,1.0,1.0,0.45,4
mbpp:test:465:8731a2033e76,Qwen3-8B,1.0,1.0,0.0,0.45000000000000007,4
mbpp:test:239:c80e70fe796f,Qwen3-8B,1.0,1.0,0.0,0.43000000000000005,4
mbpp:test:129:c9faaffce698,Qwen3-8B,1.0,1.0,0.0,0.48999999999999994,4
medqa:test:944:a226d27f344d,Qwen3-8B,1.0,1.0,0.0,0.21,4
medqa:test:802:3341bfc3b809,Qwen3-8B,1.0,1.0,0.0,0.24000000000000002,4
medqa:test:516:9b2ac9995514,Qwen3-8B,0.0,1.0,1.0,0.4,4
medqa:test:1061:c280691ed8ac,Qwen3-8B,0.0,0.0,0.0,0.21,4
medqa:test:94:37873530fa64,Qwen3-8B,0.0,1.0,1.0,0.25,4
medqa:test:519:867c76e81bb7,Qwen3-8B,1.0,1.0,0.0,0.30000000000000004,4
medqa:test:292:261207ec8743,Qwen3-8B,1.0,1.0,0.0,0.24000000000000002,4
medqa:test:1179:f95c83f4d0cd,Qwen3-8B,1.0,1.0,0.0,0.32,4
medqa:test:785:3786fefde7ac,Qwen3-8B,0.0,1.0,1.0,0.35,4
medqa:test:73:8f26e86db256,Qwen3-8B,0.0,1.0,1.0,0.28,4
medqa:test:299:386d31519f6a,Qwen3-8B,1.0,1.0,0.0,0.31999999999999995,4
medqa:test:867:f093c9cace7a,Qwen3-8B,1.0,1.0,0.0,0.31999999999999995,4
medqa:test:368:fef784d5cdea,Qwen3-8B,0.0,1.0,1.0,0.24999999999999997,4
medqa:test:276:08f1efc799ca,Qwen3-8B,1.0,1.0,0.0,0.24999999999999997,4
medqa:test:361:6d699fff3725,Qwen3-8B,1.0,1.0,0.0,0.32999999999999996,4
medqa:test:1255:525545181756,Qwen3-8B,1.0,1.0,0.0,0.32999999999999996,4
medqa:test:482:87689048c802,Qwen3-8B,1.0,1.0,0.0,0.11000000000000001,4
medqa:test:355:ca7e6335afad,Qwen3-8B,1.0,1.0,0.0,0.19999999999999998,4
medqa:test:1196:01e70e42b0b9,Qwen3-8B,1.0,1.0,0.0,0.32999999999999996,4
medqa:test:494:22e8626eb1a4,Qwen3-8B,1.0,1.0,0.0,0.17,4
medqa:test:558:09dd2d2b480a,Qwen3-8B,1.0,1.0,0.0,0.36,4
medqa:test:1176:83e3695dbf1e,Qwen3-8B,1.0,1.0,0.0,0.23,4
medqa:test:329:0a068824c622,Qwen3-8B,1.0,1.0,0.0,0.22,4
medqa:test:994:33cc2121006d,Qwen3-8B,0.0,1.0,1.0,0.27,4
medqa:test:487:15f25cf343c4,Qwen3-8B,1.0,1.0,0.0,0.28,4
medqa:test:63:d2825e07ddfc,Qwen3-8B,1.0,1.0,0.0,0.18,4
medqa:test:666:6595bbf51c41,Qwen3-8B,0.0,1.0,1.0,0.21,4
medqa:test:759:73b254fdc49f,Qwen3-8B,0.0,1.0,1.0,0.29,4
medqa:test:1019:be8e7dac7e38,Qwen3-8B,0.0,1.0,1.0,0.24000000000000002,4
medqa:test:500:d88d258e28be,Qwen3-8B,1.0,1.0,0.0,0.22,4
medqa:test:585:e94b191c720a,Qwen3-8B,1.0,1.0,0.0,0.25,4
medqa:test:116:6551f8341216,Qwen3-8B,1.0,1.0,0.0,0.21999999999999997,4
medqa:test:344:ccd7e7b521cc,Qwen3-8B,1.0,1.0,0.0,0.23,4
medqa:test:400:94692b69c9ab,Qwen3-8B,1.0,1.0,0.0,0.28,4
medqa:test:444:fcf0400ccb24,Qwen3-8B,1.0,1.0,0.0,0.19999999999999998,4
medqa:test:879:bd0bdbe659a3,Qwen3-8B,1.0,1.0,0.0,0.21,4
medqa:test:962:d05d86f38b79,Qwen3-8B,0.0,1.0,1.0,0.18000000000000002,4
medqa:test:163:43a023060e5c,Qwen3-8B,1.0,1.0,0.0,0.3,4
medqa:test:787:584c6dfcccfa,Qwen3-8B,1.0,1.0,0.0,0.26,4
medqa:test:932:12f86a708bd5,Qwen3-8B,0.0,1.0,1.0,0.19999999999999996,4
medqa:test:543:ce7054286b03,Qwen3-8B,1.0,1.0,0.0,0.19000000000000003,4
medqa:test:403:27b6cdbb4560,Qwen3-8B,1.0,1.0,0.0,0.24,4
medqa:test:1181:b3c6e9838144,Qwen3-8B,1.0,1.0,0.0,0.22999999999999998,4
medqa:test:255:5a7904fb4add,Qwen3-8B,1.0,1.0,0.0,0.29000000000000004,4
medqa:test:1060:478086047b79,Qwen3-8B,1.0,1.0,0.0,0.19999999999999998,4
medqa:test:825:7574cd62c207,Qwen3-8B,1.0,1.0,0.0,0.3,4
medqa:test:737:648ca19fab95,Qwen3-8B,0.0,1.0,1.0,0.21999999999999997,4
medqa:test:897:4847cf955ae6,Qwen3-8B,1.0,1.0,0.0,0.31,4
medqa:test:953:f6ec0849e265,Qwen3-8B,1.0,1.0,0.0,0.19000000000000003,4
medqa:test:219:192933063c08,Qwen3-8B,1.0,1.0,0.0,0.19,4
medqa:test:74:b672bf58fb18,Qwen3-8B,1.0,1.0,0.0,0.29999999999999993,4
medqa:test:571:f439a5e2878c,Qwen3-8B,1.0,1.0,0.0,0.24999999999999997,4
medqa:test:1209:326259bf56af,Qwen3-8B,1.0,1.0,0.0,0.36,4
medqa:test:89:9af1e6ca27b8,Qwen3-8B,1.0,1.0,0.0,0.36,4
medqa:test:961:59cedbdcc1ec,Qwen3-8B,0.0,1.0,1.0,0.26,4
medqa:test:664:114d34cffd45,Qwen3-8B,1.0,1.0,0.0,0.26,4
medqa:test:758:cb5eb9011fc1,Qwen3-8B,0.0,1.0,1.0,0.22999999999999998,4
medqa:test:1242:1e228b17d1ba,Qwen3-8B,1.0,1.0,0.0,0.21000000000000002,4
medqa:test:975:2fa2ac674971,Qwen3-8B,1.0,1.0,0.0,0.16999999999999998,4
medqa:test:469:001fbfc4e70e,Qwen3-8B,1.0,1.0,0.0,0.28,4
medqa:test:1009:22e648287652,Qwen3-8B,0.0,1.0,1.0,0.28,4
medqa:test:906:ab302d188adc,Qwen3-8B,0.0,0.0,0.0,0.04000000000000001,4
medqa:test:2:721c96a14bba,Qwen3-8B,1.0,1.0,0.0,0.24999999999999997,4
medqa:test:1241:8754f054f85e,Qwen3-8B,1.0,1.0,0.0,0.29,4
medqa:test:882:67170f09cb6c,Qwen3-8B,1.0,1.0,0.0,0.18000000000000002,4
medqa:test:985:bcdfe24bf6fb,Qwen3-8B,1.0,1.0,0.0,0.30000000000000004,4
medqa:test:209:bd0ba97a42a1,Qwen3-8B,1.0,1.0,0.0,0.27,4
medqa:test:1221:8b71ba0c7872,Qwen3-8B,1.0,1.0,0.0,0.22999999999999998,4
medqa:test:1219:2a6d2f2b75de,Qwen3-8B,1.0,1.0,0.0,0.25,4
medqa:test:894:072c92c33459,Qwen3-8B,1.0,1.0,0.0,0.35,4
medqa:test:639:97eb1923dc6d,Qwen3-8B,1.0,1.0,0.0,0.17,4
medqa:test:1245:6acd617604df,Qwen3-8B,0.0,1.0,1.0,0.18999999999999997,4
medqa:test:797:c15db6ce8ab2,Qwen3-8B,1.0,1.0,0.0,0.27999999999999997,4
medqa:test:499:7f99c1cce756,Qwen3-8B,1.0,1.0,0.0,0.27,4
medqa:test:1088:48c752f2db3f,Qwen3-8B,0.0,1.0,1.0,0.33999999999999997,4
medqa:test:221:b9519693daa8,Qwen3-8B,1.0,1.0,0.0,0.21999999999999997,4
medqa:test:748:14af5c223752,Qwen3-8B,1.0,1.0,0.0,0.33999999999999997,4
medqa:test:174:483df07dd499,Qwen3-8B,1.0,1.0,0.0,0.16,4
medqa:test:1119:517417fbc32e,Qwen3-8B,1.0,1.0,0.0,0.29000000000000004,4
medqa:test:407:6a06cc70a8c8,Qwen3-8B,1.0,1.0,0.0,0.25999999999999995,4
medqa:test:810:ae5860fb5ba7,Qwen3-8B,1.0,1.0,0.0,0.31,4
medqa:test:520:6cdd129e8f74,Qwen3-8B,0.0,1.0,1.0,0.37,4
medqa:test:1082:97603d18038b,Qwen3-8B,1.0,1.0,0.0,0.30000000000000004,4
medqa:test:513:530d32bd3893,Qwen3-8B,1.0,1.0,0.0,0.28,4
medqa:test:40:11cf9b1a36e5,Qwen3-8B,1.0,1.0,0.0,0.26999999999999996,4
medqa:test:33:56e269cd86c9,Qwen3-8B,1.0,1.0,0.0,0.18999999999999997,4
medqa:test:1205:24ecc154d853,Qwen3-8B,1.0,1.0,0.0,0.17999999999999997,4
medqa:test:619:6a2c52bc1fcf,Qwen3-8B,1.0,1.0,0.0,0.30000000000000004,4
medqa:test:253:0b10d4692c64,Qwen3-8B,0.0,1.0,1.0,0.21,4
medqa:test:828:347b38577d63,Qwen3-8B,1.0,1.0,0.0,0.25,4
medqa:test:588:fc6cebd538f7,Qwen3-8B,0.0,1.0,1.0,0.33999999999999997,4
medqa:test:1262:77f306884e69,Qwen3-8B,1.0,1.0,0.0,0.38,4
medqa:test:798:f03e9e03c391,Qwen3-8B,1.0,1.0,0.0,0.17999999999999997,4
medqa:test:1216:b36ec33265de,Qwen3-8B,0.0,1.0,1.0,0.19,4
medqa:test:956:0958e555666c,Qwen3-8B,1.0,1.0,0.0,0.32,4
medqa:test:591:9d8710fd8a04,Qwen3-8B,0.0,1.0,1.0,0.25,4
medqa:test:826:f7f4b7cd592d,Qwen3-8B,1.0,1.0,0.0,0.27,4
medqa:test:1226:851025caa01a,Qwen3-8B,1.0,1.0,0.0,0.35,4
medqa:test:187:bfc378567835,Qwen3-8B,1.0,1.0,0.0,0.20999999999999996,4
medqa:test:87:d89343672d13,Qwen3-8B,1.0,1.0,0.0,0.26,4
medqa:test:1137:52efe88505bb,Qwen3-8B,0.0,1.0,1.0,0.26999999999999996,4
medqa:test:258:f46d6a703b46,Qwen3-8B,1.0,1.0,0.0,0.17,4
medqa:test:354:f6b28c7f46df,Qwen3-8B,1.0,1.0,0.0,0.19999999999999998,4
medqa:test:27:c79113d63e5c,Qwen3-8B,1.0,1.0,0.0,0.38,4
medqa:test:538:8eb1393b3e4b,Qwen3-8B,1.0,1.0,0.0,0.31,4
medqa:test:791:61b869160cbf,Qwen3-8B,1.0,1.0,0.0,0.12000000000000002,4
medqa:test:710:646b720f2dfb,Qwen3-8B,0.0,1.0,1.0,0.17999999999999997,4
medqa:test:672:7535d50556ca,Qwen3-8B,1.0,1.0,0.0,0.27,4
medqa:test:241:780c1facc3bd,Qwen3-8B,1.0,1.0,0.0,0.22999999999999998,4
medqa:test:317:f368b627b237,Qwen3-8B,0.0,1.0,1.0,0.20999999999999996,4
medqa:test:801:660de4736834,Qwen3-8B,1.0,1.0,0.0,0.31,4
medqa:test:615:e4c6206158c0,Qwen3-8B,1.0,1.0,0.0,0.13999999999999999,4
medqa:test:1206:3c84200f8ba1,Qwen3-8B,1.0,1.0,0.0,0.3,4
medqa:test:632:784bf66e21f1,Qwen3-8B,1.0,1.0,0.0,0.33,4
medqa:test:207:09f02a82df81,Qwen3-8B,1.0,1.0,0.0,0.23,4
medqa:test:739:b59b9e91dccb,Qwen3-8B,1.0,1.0,0.0,0.07999999999999999,4
medqa:test:222:1dc2bd5cf399,Qwen3-8B,1.0,1.0,0.0,0.26,4
medqa:test:232:734ff2f71663,Qwen3-8B,1.0,1.0,0.0,0.21999999999999997,4
medqa:test:764:938bb5f3b8d0,Qwen3-8B,1.0,1.0,0.0,0.17999999999999997,4
medqa:test:1028:6dab20a109a6,Qwen3-8B,1.0,1.0,0.0,0.14,4
medqa:test:984:9f88a01a1865,Qwen3-8B,0.0,1.0,1.0,0.28,4
medqa:test:170:07b2ea249027,Qwen3-8B,1.0,1.0,0.0,0.24000000000000002,4
medqa:test:288:b8baebe1420e,Qwen3-8B,0.0,1.0,1.0,0.23,4
medqa:test:173:1be289a8c028,Qwen3-8B,1.0,1.0,0.0,0.23,4
medqa:test:736:03ec2893c515,Qwen3-8B,1.0,1.0,0.0,0.27,4
medqa:test:423:dba118b3d594,Qwen3-8B,1.0,1.0,0.0,0.24999999999999997,4
medqa:test:18:3d17b456d8fb,Qwen3-8B,1.0,1.0,0.0,0.13000000000000003,4
medqa:test:839:c19579e4683f,Qwen3-8B,1.0,1.0,0.0,0.31999999999999995,4
medqa:test:433:9687314ac2f5,Qwen3-8B,1.0,1.0,0.0,0.32999999999999996,4
medqa:test:757:2802c151c152,Qwen3-8B,1.0,1.0,0.0,0.21,4
medqa:test:1147:ffc9a1e5784e,Qwen3-8B,1.0,1.0,0.0,0.39,4
medqa:test:976:ce750acc3c30,Qwen3-8B,1.0,1.0,0.0,0.18,4
medqa:test:166:952490b7abc8,Qwen3-8B,0.0,1.0,1.0,0.09,4
medqa:test:941:3ebd8bd26e86,Qwen3-8B,1.0,1.0,0.0,0.36,4
medqa:test:1145:9537d6a97afe,Qwen3-8B,1.0,1.0,0.0,0.26,4
medqa:test:611:c1797f7ea426,Qwen3-8B,1.0,1.0,0.0,0.21,4
medqa:test:917:f5017f34d751,Qwen3-8B,1.0,1.0,0.0,0.3,4
medqa:test:175:1f0043dea56b,Qwen3-8B,1.0,1.0,0.0,0.09,4
medqa:test:899:f4f1ef509cef,Qwen3-8B,1.0,1.0,0.0,0.18999999999999997,4
medqa:test:1040:88728c4aca77,Qwen3-8B,1.0,1.0,0.0,0.36,4
medqa:test:191:c58783d2f5ef,Qwen3-8B,1.0,1.0,0.0,0.36,4
medqa:test:654:75900ecfe5dd,Qwen3-8B,1.0,1.0,0.0,0.33,4
medqa:test:767:19bfdac61e54,Qwen3-8B,1.0,1.0,0.0,0.39,4
medqa:test:381:72f04283e576,Qwen3-8B,1.0,1.0,0.0,0.39,4
medqa:test:905:c811ff72382f,Qwen3-8B,1.0,1.0,0.0,0.24999999999999997,4
medqa:test:592:97f7a34dfbe1,Qwen3-8B,1.0,1.0,0.0,0.23,4
medqa:test:1214:328bffc55844,Qwen3-8B,1.0,1.0,0.0,0.27,4
medqa:test:793:ef94d0455a4b,Qwen3-8B,1.0,1.0,0.0,0.26999999999999996,4
medqa:test:505:abe7204e485d,Qwen3-8B,1.0,1.0,0.0,0.23,4
medqa:test:326:9219cfd0afea,Qwen3-8B,1.0,1.0,0.0,0.38,4
medqa:test:88:6bf6a2662b59,Qwen3-8B,1.0,1.0,0.0,0.27,4
medqa:test:50:2a2e95e4a591,Qwen3-8B,1.0,1.0,0.0,0.16000000000000003,4
medqa:test:1222:901501f336b1,Qwen3-8B,1.0,1.0,0.0,0.22,4
medqa:test:11:10ff143f3414,Qwen3-8B,1.0,1.0,0.0,0.26,4
medqa:test:575:b990e5251018,Qwen3-8B,1.0,1.0,0.0,0.22000000000000003,4
medqa:test:264:a5a9cbd55c30,Qwen3-8B,0.0,1.0,1.0,0.27,4
medqa:test:640:440091b39abe,Qwen3-8B,0.0,1.0,1.0,0.23,4
medqa:test:733:fe774bb5f18a,Qwen3-8B,1.0,1.0,0.0,0.31000000000000005,4
medqa:test:54:3997d3580a73,Qwen3-8B,1.0,1.0,0.0,0.19999999999999998,4
medqa:test:779:cf625a3f2168,Qwen3-8B,0.0,1.0,1.0,0.29,4
medqa:test:106:d64de9f01b65,Qwen3-8B,1.0,1.0,0.0,0.27999999999999997,4
medqa:test:78:205512e45d47,Qwen3-8B,0.0,1.0,1.0,0.27,4
medqa:test:1086:c1da9dd9eefc,Qwen3-8B,1.0,1.0,0.0,0.27,4
medqa:test:556:c495e265f2a8,Qwen3-8B,1.0,1.0,0.0,0.36,4
medqa:test:567:999ab7a09c92,Qwen3-8B,1.0,1.0,0.0,0.26,4
medqa:test:58:5ccbfbcffecd,Qwen3-8B,1.0,1.0,0.0,0.23,4
medqa:test:439:a6efee965109,Qwen3-8B,1.0,1.0,0.0,0.26999999999999996,4
medqa:test:560:cde7765bfba0,Qwen3-8B,1.0,1.0,0.0,0.08999999999999998,4
medqa:test:540:3e5497afa140,Qwen3-8B,1.0,1.0,0.0,0.31,4
medqa:test:626:213b5d67d475,Qwen3-8B,1.0,1.0,0.0,0.19999999999999998,4
medqa:test:762:114128cdb2ad,Qwen3-8B,1.0,1.0,0.0,0.36,4
medqa:test:246:26e20ebca0f8,Qwen3-8B,1.0,1.0,0.0,0.24999999999999997,4
medqa:test:318:c588bc8dc6a9,Qwen3-8B,0.0,1.0,1.0,0.23,4
medqa:test:347:67f9a2f4c3db,Qwen3-8B,0.0,1.0,1.0,0.21000000000000002,4
medqa:test:1220:84497e00a94f,Qwen3-8B,1.0,1.0,0.0,0.26,4
medqa:test:278:d6f2c4c54dbb,Qwen3-8B,1.0,1.0,0.0,0.25,4
medqa:test:808:2e70802550e3,Qwen3-8B,0.0,1.0,1.0,0.27,4
medqa:test:855:4dd3d247b23c,Qwen3-8B,1.0,1.0,0.0,0.31,4
medqa:test:814:ad2fb0e2d31d,Qwen3-8B,1.0,1.0,0.0,0.24000000000000002,4
medqa:test:1183:a52c3c4757a8,Qwen3-8B,1.0,1.0,0.0,0.25,4
medqa:test:129:3f55dc4044bd,Qwen3-8B,0.0,1.0,1.0,0.24999999999999997,4
medqa:test:635:086528e21e02,Qwen3-8B,1.0,1.0,0.0,0.24999999999999997,4
medqa:test:788:3533d3686185,Qwen3-8B,1.0,1.0,0.0,0.21,4
medqa:test:453:c3d94cde6b9b,Qwen3-8B,0.0,1.0,1.0,0.21,4
medqa:test:770:0cbad2c911ae,Qwen3-8B,0.0,1.0,1.0,0.25999999999999995,4
medqa:test:1021:236baa927d04,Qwen3-8B,1.0,1.0,0.0,0.19999999999999998,4
medqa:test:461:e65605e731e2,Qwen3-8B,0.0,1.0,1.0,0.24,4
medqa:test:1252:19c88c25d254,Qwen3-8B,1.0,1.0,0.0,0.21,4
medqa:test:154:25070c58af23,Qwen3-8B,1.0,1.0,0.0,0.24,4
medqa:test:657:3d9270f2a3ca,Qwen3-8B,1.0,1.0,0.0,0.37,4
medqa:test:1202:51dc12f1190a,Qwen3-8B,1.0,1.0,0.0,0.33999999999999997,4
medqa:test:715:a96f801da3f8,Qwen3-8B,0.0,1.0,1.0,0.36,4
medqa:test:923:a02310e04559,Qwen3-8B,0.0,1.0,1.0,0.32999999999999996,4
medqa:test:462:4eedb1537fdd,Qwen3-8B,1.0,1.0,0.0,0.28,4
medqa:test:948:28e5f32d16ac,Qwen3-8B,1.0,1.0,0.0,0.26,4
medqa:test:338:e9bb3cade75a,Qwen3-8B,0.0,1.0,1.0,0.27999999999999997,4
medqa:test:64:4a44ffb8786a,Qwen3-8B,1.0,1.0,0.0,0.24999999999999997,4
medqa:test:137:0fd8b692e0b2,Qwen3-8B,1.0,1.0,0.0,0.25,4
medqa:test:875:15d141e5a49c,Qwen3-8B,0.0,1.0,1.0,0.22000000000000003,4
medqa:test:102:35bbf5dce61a,Qwen3-8B,1.0,1.0,0.0,0.25,4
medqa:test:91:affc0694bff8,Qwen3-8B,1.0,1.0,0.0,0.24,4
medqa:test:777:d3181e366ba5,Qwen3-8B,1.0,1.0,0.0,0.15,4
medqa:test:151:573b7aea7faf,Qwen3-8B,1.0,1.0,0.0,0.27999999999999997,4
medqa:test:907:5f92bbc4138d,Qwen3-8B,1.0,1.0,0.0,0.26,4
medqa:test:618:5d6b9b314fa6,Qwen3-8B,1.0,1.0,0.0,0.35,4
medqa:test:674:e76cd8053b2e,Qwen3-8B,0.0,1.0,1.0,0.15,4
medqa:test:970:fc755bfaf40f,Qwen3-8B,1.0,1.0,0.0,0.26999999999999996,4
medqa:test:1052:58d02ff521fe,Qwen3-8B,1.0,1.0,0.0,0.15000000000000002,4
medqa:test:1116:ed0a372a97fd,Qwen3-8B,1.0,1.0,0.0,0.27999999999999997,4
medqa:test:515:b419632d09e8,Qwen3-8B,0.0,0.0,0.0,0.19999999999999996,4
medqa:test:1161:ace5c6049d55,Qwen3-8B,1.0,1.0,0.0,0.34,4
medqa:test:1198:6a989f91d545,Qwen3-8B,1.0,1.0,0.0,0.44000000000000006,4
medqa:test:60:daf6c305dc45,Qwen3-8B,0.0,1.0,1.0,0.18000000000000002,4
medqa:test:870:8490076ae4ba,Qwen3-8B,1.0,1.0,0.0,0.1,4
medqa:test:1007:7768096e728c,Qwen3-8B,1.0,1.0,0.0,0.26999999999999996,4
medqa:test:435:8049edfe8a97,Qwen3-8B,1.0,1.0,0.0,0.2,4
medqa:test:1235:5c4e7db058f1,Qwen3-8B,1.0,1.0,0.0,0.37,4
medqa:test:117:bf7e60e71803,Qwen3-8B,0.0,1.0,1.0,0.29,4
medqa:test:755:9a96d2cc7eb4,Qwen3-8B,1.0,1.0,0.0,0.27999999999999997,4
medqa:test:501:7b64fb61e6ad,Qwen3-8B,0.0,1.0,1.0,0.35,4
medqa:test:118:4323257e2e7f,Qwen3-8B,1.0,1.0,0.0,0.23,4
medqa:test:927:5ffaeddaacd8,Qwen3-8B,1.0,1.0,0.0,0.23999999999999996,4
medqa:test:1103:b93cc66b05cb,Qwen3-8B,1.0,1.0,0.0,0.24,4
medqa:test:1020:aea0c977c662,Qwen3-8B,1.0,1.0,0.0,0.26999999999999996,4
medqa:test:452:745b01cf058e,Qwen3-8B,1.0,1.0,0.0,0.33999999999999997,4
medqa:test:661:88f396f63a8c,Qwen3-8B,1.0,1.0,0.0,0.27,4
medqa:test:1104:9ee0b11cd8ac,Qwen3-8B,1.0,1.0,0.0,0.26999999999999996,4
medqa:test:806:19269a3b5729,Qwen3-8B,1.0,1.0,0.0,0.24,4
medqa:test:587:120313407a85,Qwen3-8B,1.0,1.0,0.0,0.22,4
medqa:test:774:f4f61f3d1c3d,Qwen3-8B,1.0,1.0,0.0,0.32,4
medqa:test:269:cf3adb489568,Qwen3-8B,1.0,1.0,0.0,0.24000000000000002,4
medqa:test:374:837815ad28a1,Qwen3-8B,1.0,1.0,0.0,0.4,4
medqa:test:456:d8860e28dc6b,Qwen3-8B,1.0,1.0,0.0,0.30000000000000004,4
medqa:test:196:30b90d779842,Qwen3-8B,1.0,1.0,0.0,0.12,4
medqa:test:840:459a39e6aa1f,Qwen3-8B,1.0,1.0,0.0,0.18999999999999997,4
medqa:test:511:042bb7b8e7e0,Qwen3-8B,1.0,1.0,0.0,0.31,4
medqa:test:648:104838174c78,Qwen3-8B,1.0,1.0,0.0,0.31999999999999995,4
medqa:test:235:03849ab7c67c,Qwen3-8B,0.0,1.0,1.0,0.27,4
medqa:test:213:1c871569cd4f,Qwen3-8B,0.0,0.0,0.0,0.13000000000000003,4
medqa:test:874:79008b305df8,Qwen3-8B,1.0,1.0,0.0,0.26,4
medqa:test:918:e43271caf0f7,Qwen3-8B,1.0,1.0,0.0,0.27999999999999997,4
medqa:test:370:f69aec18c786,Qwen3-8B,0.0,1.0,1.0,0.29,4
medqa:test:234:a50a84da33dd,Qwen3-8B,1.0,1.0,0.0,0.27,4
medqa:test:227:fa63fc178bfb,Qwen3-8B,1.0,1.0,0.0,0.28,4
medqa:test:325:653e6f336435,Qwen3-8B,1.0,1.0,0.0,0.36,4
medqa:test:609:9ec6ea449fa0,Qwen3-8B,1.0,1.0,0.0,0.27999999999999997,4
medqa:test:534:4048534fa0a2,Qwen3-8B,1.0,1.0,0.0,0.26,4
medqa:test:613:91906afaa590,Qwen3-8B,1.0,1.0,0.0,0.28,4
medqa:test:572:c4baf50b098f,Qwen3-8B,1.0,1.0,0.0,0.29,4
medqa:test:1184:0e5c03e98bb5,Qwen3-8B,0.0,1.0,1.0,0.37,4
medqa:test:472:8e6589023da9,Qwen3-8B,1.0,1.0,0.0,0.21999999999999997,4
medqa:test:903:9d4f8d04b062,Qwen3-8B,1.0,1.0,0.0,0.22,4
medqa:test:703:a12be77b8c05,Qwen3-8B,1.0,1.0,0.0,0.03,4
medqa:test:1249:6d031d5a59a9,Qwen3-8B,1.0,1.0,0.0,0.26,4
meld:test:425:ab612a13f986,Qwen3-8B,1.0,1.0,0.0,0.06,4
meld:test:687:5e3bcc47f7f5,Qwen3-8B,0.0,1.0,1.0,0.1,4
meld:test:498:bff57e73b4a1,Qwen3-8B,0.0,1.0,1.0,0.17999999999999997,4
meld:test:933:d70adf6ab692,Qwen3-8B,1.0,1.0,0.0,0.15000000000000002,4
meld:test:875:68d5f9facd0c,Qwen3-8B,1.0,1.0,0.0,0.08000000000000002,4
meld:test:106:d1bf1597b1ec,Qwen3-8B,1.0,1.0,0.0,0.10999999999999999,4
meld:test:49:0d7f3f1c9f31,Qwen3-8B,0.0,1.0,1.0,0.10999999999999999,4
meld:test:561:225652d37aa3,Qwen3-8B,0.0,0.0,0.0,0.09999999999999998,4
meld:test:460:2e18161b49ff,Qwen3-8B,0.0,1.0,1.0,0.15000000000000002,4
meld:test:436:ab49e7872966,Qwen3-8B,0.0,1.0,1.0,0.2,4
meld:test:14:b8c961e620cb,Qwen3-8B,1.0,1.0,0.0,0.13999999999999999,4
meld:test:1129:1d673a274047,Qwen3-8B,0.0,1.0,1.0,0.07000000000000003,4
meld:test:361:89cd75dc8474,Qwen3-8B,0.0,0.0,0.0,0.14,4
meld:test:789:3310922c5e47,Qwen3-8B,1.0,1.0,0.0,0.08999999999999997,4
meld:test:698:0992a9e4dbc9,Qwen3-8B,0.0,0.0,0.0,0.17000000000000004,4
meld:test:1099:e5c50c85cc07,Qwen3-8B,1.0,1.0,0.0,0.18,4
meld:test:1145:3fc6b3186bc2,Qwen3-8B,0.0,1.0,1.0,0.21,4
meld:test:817:2faf758161f8,Qwen3-8B,0.0,0.0,0.0,0.09999999999999998,4
meld:test:736:98c7b998df92,Qwen3-8B,1.0,1.0,0.0,0.17999999999999997,4
meld:test:1204:c672275fd932,Qwen3-8B,1.0,1.0,0.0,0.11999999999999997,4
meld:test:1082:b5f54fbd501f,Qwen3-8B,0.0,1.0,1.0,0.07,4
meld:test:324:3bff51adf5e6,Qwen3-8B,0.0,1.0,1.0,0.09,4
meld:test:955:a78e61a511d7,Qwen3-8B,1.0,1.0,0.0,0.12,4
meld:test:344:a16ad48c02af,Qwen3-8B,1.0,1.0,0.0,0.24000000000000002,4
meld:test:929:143106c3db08,Qwen3-8B,1.0,1.0,0.0,0.11000000000000001,4
meld:test:369:c7ff1a9560c0,Qwen3-8B,0.0,0.0,0.0,0.17,4
meld:test:758:78ac9c98e4f0,Qwen3-8B,1.0,1.0,0.0,0.06999999999999998,4
meld:test:622:aa7933cceaad,Qwen3-8B,1.0,1.0,0.0,0.12000000000000002,4
meld:test:1106:4ed8a757ee6e,Qwen3-8B,0.0,1.0,1.0,0.05000000000000002,4
meld:test:281:901a0c231cee,Qwen3-8B,0.0,0.0,0.0,0.14,4
meld:test:343:807955d862e1,Qwen3-8B,1.0,1.0,0.0,0.14000000000000004,4
meld:test:368:b988b11ca146,Qwen3-8B,0.0,1.0,1.0,0.16999999999999996,4
meld:test:271:d246b6a9e592,Qwen3-8B,0.0,1.0,1.0,0.16000000000000003,4
meld:test:1133:9844e77a76bb,Qwen3-8B,1.0,1.0,0.0,0.21,4
meld:test:862:5e47a77b01cd,Qwen3-8B,1.0,1.0,0.0,0.16,4
meld:test:61:95f919dc7305,Qwen3-8B,0.0,1.0,1.0,0.15000000000000002,4
meld:test:318:606bc30c302f,Qwen3-8B,0.0,1.0,1.0,0.12,4
meld:test:17:61b74662d2bc,Qwen3-8B,0.0,0.0,0.0,0.14,4
meld:test:1125:03d321b34f22,Qwen3-8B,1.0,1.0,0.0,0.16999999999999998,4
meld:test:633:bdbaf9f81161,Qwen3-8B,0.0,1.0,1.0,0.07999999999999999,4
meld:test:326:46d5237e62c0,glm-4-9b-chat,1.0,1.0,0.0,0.0,4
meld:test:865:575e233cb632,Qwen3-8B,1.0,1.0,0.0,0.21,4
meld:test:297:bb1ef35cff85,Qwen3-8B,1.0,1.0,0.0,0.09,4
meld:test:465:068328e60423,Qwen3-8B,1.0,1.0,0.0,0.15000000000000002,4
meld:test:742:d673d98ee1c7,Qwen3-8B,1.0,1.0,0.0,0.08000000000000002,4
meld:test:159:b27b00b5e2b0,Qwen3-8B,1.0,1.0,0.0,0.09999999999999998,4
meld:test:536:aad9345908bf,Qwen3-8B,1.0,1.0,0.0,0.12,4
meld:test:254:87478d71aae4,Qwen3-8B,0.0,0.0,0.0,0.13999999999999999,4
meld:test:162:55c1015fc417,Qwen3-8B,1.0,1.0,0.0,0.18999999999999997,4
meld:test:549:4b90932c31c4,Qwen3-8B,1.0,1.0,0.0,0.10999999999999999,4
meld:test:295:db31dc37a8fd,Qwen3-8B,1.0,1.0,0.0,0.13000000000000003,4
meld:test:662:a62194eaa75b,Qwen3-8B,1.0,1.0,0.0,0.14,4
meld:test:1207:085b33ad6396,Qwen3-8B,0.0,0.0,0.0,0.13000000000000003,4
meld:test:999:80ebbd0634a6,Qwen3-8B,1.0,1.0,0.0,0.18,4
meld:test:110:cc1d75e86a69,Qwen3-8B,1.0,1.0,0.0,0.13000000000000003,4
meld:test:972:78e5061cc4a4,Qwen3-8B,0.0,0.0,0.0,0.09,4
meld:test:1214:c8b301630736,Qwen3-8B,1.0,1.0,0.0,0.08000000000000002,4
meld:test:598:194e15eb2927,Qwen3-8B,1.0,1.0,0.0,0.08000000000000002,4
meld:test:121:075fc7c7eefb,Qwen3-8B,1.0,1.0,0.0,0.15000000000000002,4
meld:test:718:65a16a47e178,Qwen3-8B,0.0,0.0,0.0,0.16,4
meld:test:788:e5990b973107,Qwen3-8B,1.0,1.0,0.0,0.23,4
meld:test:82:27c78db89034,Qwen3-8B,1.0,1.0,0.0,0.12,4
meld:test:261:ef77e2cbd518,Qwen3-8B,1.0,1.0,0.0,0.10999999999999999,4
meld:test:1132:04b5ee932219,Qwen3-8B,0.0,1.0,1.0,0.21,4
meld:test:449:283fe39e5994,Qwen3-8B,1.0,1.0,0.0,0.16000000000000003,4
meld:test:708:441b2146ad8d,Qwen3-8B,0.0,0.0,0.0,0.10999999999999999,4
meld:test:1168:8dd2fdc7fa07,Qwen3-8B,1.0,1.0,0.0,0.24999999999999997,4
meld:test:975:cdad3eccf23d,Qwen3-8B,1.0,1.0,0.0,0.23,4
meld:test:203:41723f0f50e6,Qwen3-8B,0.0,1.0,1.0,0.06,4
meld:test:664:dbb90f69aeea,Qwen3-8B,1.0,1.0,0.0,0.16000000000000003,4
meld:test:795:1fa694e5197a,Qwen3-8B,1.0,1.0,0.0,0.16999999999999998,4
meld:test:860:1a1a24d8a01d,Qwen3-8B,0.0,1.0,1.0,0.16,4
meld:test:1191:b9bf139d2f78,Qwen3-8B,0.0,1.0,1.0,0.13999999999999999,4
meld:test:346:f964c630cdca,Qwen3-8B,1.0,1.0,0.0,0.15000000000000002,4
meld:test:119:217df4b672b3,Qwen3-8B,1.0,1.0,0.0,0.040000000000000036,4
meld:test:196:1eefc5a30e13,Qwen3-8B,1.0,1.0,0.0,0.12,4
meld:test:629:e7081861d36b,Qwen3-8B,1.0,1.0,0.0,0.15999999999999998,4
meld:test:38:c24f912de7db,Qwen3-8B,1.0,1.0,0.0,0.19,4
meld:test:469:222e95e5e44a,Qwen3-8B,1.0,1.0,0.0,0.030000000000000027,4
meld:test:806:12c69df32d13,Qwen3-8B,0.0,1.0,1.0,0.09999999999999998,4
meld:test:1020:6d8ecc4e19a6,Qwen3-8B,0.0,1.0,1.0,0.15999999999999998,4
meld:test:331:b171a68763c8,Qwen3-8B,0.0,1.0,1.0,0.12,4
meld:test:1021:52cf223c00c1,Qwen3-8B,0.0,1.0,1.0,0.07999999999999999,4
meld:test:175:723e730610f3,Qwen3-8B,0.0,1.0,1.0,0.07,4
meld:test:87:b627c7f0a2f9,Qwen3-8B,0.0,1.0,1.0,0.09,4
meld:test:1097:d9edc85e8143,Qwen3-8B,0.0,1.0,1.0,0.13,4
meld:test:158:48543cdf3fa8,Qwen3-8B,0.0,1.0,1.0,0.1,4
meld:test:197:44d5f7830d53,Qwen3-8B,1.0,1.0,0.0,0.09999999999999998,4
meld:test:12:475152549bda,Qwen3-8B,1.0,1.0,0.0,0.09,4
meld:test:333:f45cb92a1126,Qwen3-8B,0.0,1.0,1.0,0.06999999999999998,4
meld:test:602:f361f1cb56c5,Qwen3-8B,1.0,1.0,0.0,0.12,4
meld:test:479:0db7304004e3,Qwen3-8B,1.0,1.0,0.0,0.14,4
meld:test:513:7a93006c0b8a,Qwen3-8B,0.0,1.0,1.0,0.2,4
meld:test:1232:757cafd62701,Qwen3-8B,0.0,0.0,0.0,0.18999999999999997,4
meld:test:761:08905d59e19f,Qwen3-8B,1.0,1.0,0.0,0.15,4
meld:test:468:e797e91a50f0,Qwen3-8B,0.0,1.0,1.0,0.10999999999999999,4
meld:test:1019:e8fc5afef798,Qwen3-8B,0.0,1.0,1.0,0.14,4
meld:test:91:e62c2b80365d,Qwen3-8B,1.0,1.0,0.0,0.13000000000000003,4
meld:test:750:5ed8b0177055,Qwen3-8B,1.0,1.0,0.0,0.26,4
meld:test:505:5b1e0e4fb61e,Qwen3-8B,1.0,1.0,0.0,0.08000000000000002,4
meld:test:372:e1060958e244,Qwen3-8B,1.0,1.0,0.0,0.1,4
meld:test:1198:12cb4162ccb6,Qwen3-8B,1.0,1.0,0.0,0.08999999999999997,4
meld:test:615:00e7cb88f906,Qwen3-8B,1.0,1.0,0.0,0.13,4
meld:test:43:70edb0bafe85,Qwen3-8B,0.0,1.0,1.0,0.08999999999999997,4
meld:test:1213:557a7a298fec,Qwen3-8B,0.0,0.0,0.0,0.13999999999999999,4
meld:test:1136:51bd6eeeb1db,Qwen3-8B,1.0,1.0,0.0,0.21,4
meld:test:1229:81e21decad0c,Qwen3-8B,0.0,1.0,1.0,0.16000000000000003,4
meld:test:495:825db8338ff2,Qwen3-8B,0.0,1.0,1.0,0.13,4
meld:test:792:c4c4ebac4e2d,Qwen3-8B,0.0,1.0,1.0,0.06999999999999998,4
meld:test:138:80ed5cb726d6,Qwen3-8B,1.0,1.0,0.0,0.12999999999999998,4
meld:test:427:ed6c5da324be,Qwen3-8B,1.0,1.0,0.0,0.12999999999999998,4
meld:test:99:fa72c643063c,Qwen3-8B,0.0,1.0,1.0,0.12,4
meld:test:1094:b675650d2419,Qwen3-8B,0.0,1.0,1.0,0.08999999999999997,4
meld:test:699:c79e64b906e8,Qwen3-8B,1.0,1.0,0.0,0.09,4
meld:test:988:f0b2136205ba,Qwen3-8B,0.0,0.0,0.0,0.05000000000000002,4
meld:test:443:a977350f6722,Qwen3-8B,1.0,1.0,0.0,0.15999999999999998,4
meld:test:874:84dabe4c7893,Qwen3-8B,0.0,1.0,1.0,0.21,4
meld:test:398:ad520cfe7e78,Qwen3-8B,1.0,1.0,0.0,0.15000000000000002,4
meld:test:1222:358ff585c64f,Qwen3-8B,1.0,1.0,0.0,0.12,4
meld:test:85:3459a4c1785c,Qwen3-8B,0.0,1.0,1.0,0.09999999999999998,4
meld:test:936:13866ba8d393,Qwen3-8B,0.0,1.0,1.0,0.06999999999999998,4
meld:test:481:55b07203fbd7,Qwen3-8B,0.0,1.0,1.0,0.07999999999999999,4
meld:test:371:7f51299adb15,Qwen3-8B,1.0,1.0,0.0,0.12,4
meld:test:841:78aa5e6e7ce9,Qwen3-8B,0.0,1.0,1.0,0.14999999999999997,4
meld:test:986:d11aee369e7b,Qwen3-8B,0.0,1.0,1.0,0.22,4
meld:test:484:87f5adc2f13f,Qwen3-8B,0.0,1.0,1.0,0.09999999999999998,4
meld:test:1180:a0059f34259f,Qwen3-8B,1.0,1.0,0.0,0.09,4
meld:test:695:74be4b4ee5d5,Qwen3-8B,0.0,1.0,1.0,0.09999999999999998,4
meld:test:682:d9c1a0f008ca,Qwen3-8B,1.0,1.0,0.0,0.09999999999999998,4
meld:test:392:224ca8c553e7,Qwen3-8B,1.0,1.0,0.0,0.16,4
meld:test:107:f09c791109b9,Qwen3-8B,1.0,1.0,0.0,0.15,4
meld:test:47:e27feacc5d31,Qwen3-8B,0.0,1.0,1.0,0.13,4
meld:test:744:9ddff895240b,Qwen3-8B,0.0,1.0,1.0,0.14,4
meld:test:647:dffabe571fe4,Qwen3-8B,0.0,1.0,1.0,0.14,4
meld:test:746:e98e71df906b,Qwen3-8B,1.0,1.0,0.0,0.09999999999999998,4
meld:test:457:de6e82f4ace9,Qwen3-8B,0.0,0.0,0.0,0.13,4
meld:test:217:d221ce4684df,Qwen3-8B,1.0,1.0,0.0,0.07999999999999999,4
meld:test:805:aec0044a58e5,Qwen3-8B,0.0,1.0,1.0,0.17,4
meld:test:739:890cf3cc4fbb,Qwen3-8B,1.0,1.0,0.0,0.060000000000000026,4
meld:test:814:ee92928d3a49,Qwen3-8B,1.0,1.0,0.0,0.18999999999999997,4
meld:test:1040:0a01685a6f40,Qwen3-8B,0.0,1.0,1.0,0.1,4
meld:test:491:203304f1c52f,Qwen3-8B,0.0,1.0,1.0,0.07999999999999999,4
meld:test:907:f7bc4d76c5fe,Qwen3-8B,0.0,1.0,1.0,0.09,4
meld:test:644:739fe448e2eb,Qwen3-8B,0.0,1.0,1.0,0.1,4
meld:test:928:c1389be9c24b,Qwen3-8B,1.0,1.0,0.0,0.12000000000000002,4
meld:test:298:663bffa094ec,Qwen3-8B,0.0,1.0,1.0,0.13,4
meld:test:961:8a241f3197c4,Qwen3-8B,1.0,1.0,0.0,0.07999999999999999,4
meld:test:784:92b56f44470e,Qwen3-8B,0.0,1.0,1.0,0.16999999999999998,4
meld:test:944:31c15bfd92b4,Qwen3-8B,0.0,1.0,1.0,0.06999999999999998,4
meld:test:648:5b63cbec436b,Qwen3-8B,1.0,1.0,0.0,0.21,4
meld:test:728:86f45d2e98bc,Qwen3-8B,1.0,1.0,0.0,0.12999999999999998,4
meld:test:716:44abe04e0e51,Qwen3-8B,1.0,1.0,0.0,0.09,4
meld:test:752:d612c22b5c03,Qwen3-8B,1.0,1.0,0.0,0.23,4
meld:test:763:ab21708bea47,Qwen3-8B,1.0,1.0,0.0,0.04999999999999999,4
meld:test:1127:06dbc32fd620,Qwen3-8B,0.0,1.0,1.0,0.19000000000000003,4
meld:test:1047:63e3fc84ffaf,Qwen3-8B,0.0,1.0,1.0,0.07999999999999999,4
meld:test:983:27ffde574939,Qwen3-8B,0.0,1.0,1.0,0.13,4
meld:test:408:375bd8525cf6,Qwen3-8B,0.0,0.0,0.0,0.1,4
meld:test:555:f6bef7ada910,Qwen3-8B,0.0,0.0,0.0,0.10999999999999999,4
meld:test:367:cbfb1391115a,Qwen3-8B,1.0,1.0,0.0,0.13,4
meld:test:1042:9e8855b939c1,Qwen3-8B,1.0,1.0,0.0,0.12,4
meld:test:477:06c664fa5d91,Qwen3-8B,0.0,1.0,1.0,0.27,4
meld:test:384:5f498b90d411,Qwen3-8B,1.0,1.0,0.0,0.07,4
meld:test:1031:5e7d474d5809,Qwen3-8B,1.0,1.0,0.0,0.16000000000000003,4
meld:test:867:13a3fc63e43c,Qwen3-8B,0.0,1.0,1.0,0.12,4
meld:test:347:07fb9fdf0169,Qwen3-8B,0.0,0.0,0.0,0.16000000000000003,4
meld:test:985:ed80d30ef114,Qwen3-8B,1.0,1.0,0.0,0.13,4
meld:test:613:33034f644ec1,Qwen3-8B,0.0,1.0,1.0,0.18,4
meld:test:399:1c21b8bd4f51,Qwen3-8B,0.0,0.0,0.0,0.12,4
meld:test:1054:b52253fd85e8,Qwen3-8B,1.0,1.0,0.0,0.13,4
meld:test:72:01d07af28ed9,Qwen3-8B,1.0,1.0,0.0,0.10999999999999999,4
meld:test:102:dc384a2d36f1,Qwen3-8B,0.0,1.0,1.0,0.060000000000000026,4
meld:test:899:84811cc5e18e,Qwen3-8B,1.0,1.0,0.0,0.10999999999999999,4
meld:test:1032:6232e1e759c3,Qwen3-8B,0.0,0.0,0.0,0.09,4
meld:test:1017:996587e4c0c6,Qwen3-8B,0.0,1.0,1.0,0.10999999999999999,4
meld:test:776:29ca3659cca5,Qwen3-8B,0.0,1.0,1.0,0.13,4
meld:test:570:32a12cff2d32,glm-4-9b-chat,0.0,0.0,0.0,0.0,4
meld:test:337:61100ef7c7fe,Qwen3-8B,0.0,1.0,1.0,0.17999999999999997,4
meld:test:1220:6a8f423ce76b,Qwen3-8B,1.0,1.0,0.0,0.12,4
meld:test:818:f92bede45f51,Qwen3-8B,0.0,1.0,1.0,0.07999999999999999,4
meld:test:424:b65405da9470,Qwen3-8B,1.0,1.0,0.0,0.13000000000000003,4
meld:test:1147:522c840159c3,Qwen3-8B,0.0,1.0,1.0,0.08000000000000004,4
meld:test:554:50f18887db65,Qwen3-8B,0.0,1.0,1.0,0.14,4
meld:test:202:5ae4728c959c,Qwen3-8B,0.0,1.0,1.0,0.05999999999999997,4
meld:test:80:481420a6db4a,Qwen3-8B,1.0,1.0,0.0,0.0,4
meld:test:363:d34ed8bf7735,Qwen3-8B,0.0,1.0,1.0,0.1,4
meld:test:440:493102b80e03,Qwen3-8B,1.0,1.0,0.0,0.07,4
meld:test:894:a8b4194845a5,Qwen3-8B,0.0,1.0,1.0,0.05000000000000002,4
meld:test:416:bc5dd6b0529e,Qwen3-8B,0.0,1.0,1.0,0.10999999999999999,4
meld:test:529:2ddabb7933ff,Qwen3-8B,0.0,1.0,1.0,0.19,4
meld:test:940:66471cd7bbb8,Qwen3-8B,1.0,1.0,0.0,0.12,4
meld:test:206:2d8d7acfa773,Qwen3-8B,1.0,1.0,0.0,0.12000000000000002,4
meld:test:1003:9f9de8dbcb5f,Qwen3-8B,0.0,1.0,1.0,0.13999999999999999,4
meld:test:873:25ed095cd058,Qwen3-8B,0.0,1.0,1.0,0.15,4
meld:test:234:e391fa5546cc,Qwen3-8B,1.0,1.0,0.0,0.07999999999999996,4
meld:test:919:3b4dfe5aa58c,Qwen3-8B,0.0,1.0,1.0,0.14,4
meld:test:350:8ca8812af2fc,Qwen3-8B,1.0,1.0,0.0,0.13,4
meld:test:527:5eaad22be2b8,Qwen3-8B,1.0,1.0,0.0,0.04999999999999999,4
meld:test:21:e5d908180bfe,Qwen3-8B,1.0,1.0,0.0,0.10999999999999999,4
meld:test:308:1c3251d7a47e,Qwen3-8B,0.0,1.0,1.0,0.12,4
meld:test:125:9ca427bbfc23,Qwen3-8B,1.0,1.0,0.0,0.19999999999999998,4
meld:test:247:969cbd0af86a,Qwen3-8B,0.0,1.0,1.0,0.19999999999999998,4
meld:test:292:af8b0a2a6587,Qwen3-8B,0.0,1.0,1.0,0.09999999999999998,4
meld:test:388:ec49a6af4d10,glm-4-9b-chat,0.0,1.0,1.0,0.009999999999999953,4
meld:test:976:fbfb7ca3a829,Qwen3-8B,1.0,1.0,0.0,0.02999999999999997,4
meld:test:172:57ed4bea3a4b,Qwen3-8B,1.0,1.0,0.0,0.23,4
meld:test:923:d3b78166052e,Qwen3-8B,1.0,1.0,0.0,0.19,4
meld:test:712:c14b2aa92888,Qwen3-8B,0.0,0.0,0.0,0.09,4
meld:test:305:0130cafdc8a5,Qwen3-8B,0.0,1.0,1.0,0.23,4
meld:test:232:b452f0d224aa,Qwen3-8B,0.0,1.0,1.0,0.11000000000000001,4
meld:test:153:fb381bb9fedc,Qwen3-8B,0.0,1.0,1.0,0.060000000000000026,4
meld:test:543:c2546e939a1c,Qwen3-8B,1.0,1.0,0.0,0.010000000000000009,4
meld:test:785:3101a5ce857f,Qwen3-8B,1.0,1.0,0.0,0.18,4
meld:test:1115:b90de4ed298b,Qwen3-8B,0.0,1.0,1.0,0.19,4
meld:test:830:9a9458943246,Qwen3-8B,0.0,0.0,0.0,0.07999999999999999,4
meld:test:257:7574f086984c,Qwen3-8B,1.0,1.0,0.0,0.13,4
meld:test:595:9aaeb388b73d,Qwen3-8B,0.0,1.0,1.0,0.15,4
meld:test:216:ad42a60266eb,Qwen3-8B,1.0,1.0,0.0,0.16999999999999996,4
meld:test:667:b5634b714404,Qwen3-8B,1.0,1.0,0.0,0.05999999999999997,4
meld:test:1131:67d889b00b52,Qwen3-8B,0.0,1.0,1.0,0.13,4
meld:test:448:0e9d644657cb,Qwen3-8B,1.0,1.0,0.0,0.16000000000000003,4
meld:test:496:a2affc148d72,Qwen3-8B,1.0,1.0,0.0,0.14,4
meld:test:130:8289ec40effa,Qwen3-8B,0.0,1.0,1.0,0.15000000000000002,4
meld:test:768:4eef94c2dc49,Qwen3-8B,1.0,1.0,0.0,0.17999999999999997,4
meld:test:28:d0c1dcbbe4fe,Qwen3-8B,1.0,1.0,0.0,0.12,4
meld:test:679:bdd8a97a81bd,Qwen3-8B,1.0,1.0,0.0,0.040000000000000036,4
meld:test:140:e6047d202253,Qwen3-8B,1.0,1.0,0.0,0.18,4
meld:test:614:b560a6b6abea,Qwen3-8B,0.0,1.0,1.0,0.24999999999999997,4
meld:test:239:8d5e43374586,Qwen3-8B,1.0,1.0,0.0,0.13000000000000003,4
meld:test:497:9b8f3a794e6e,Qwen3-8B,0.0,1.0,1.0,0.04000000000000001,4
meld:test:101:aa0aa1c9cb2e,Qwen3-8B,1.0,1.0,0.0,0.09999999999999998,4
meld:test:732:6479168502a3,Qwen3-8B,1.0,1.0,0.0,0.14,4
meld:test:1098:0c5a54e46445,Qwen3-8B,0.0,1.0,1.0,0.07999999999999999,4
meld:test:569:a4e886570eb2,Qwen3-8B,1.0,1.0,0.0,0.060000000000000026,4
meld:test:435:ce7d6a2c2a7e,Qwen3-8B,1.0,1.0,0.0,0.09,4
meld:test:431:b105a97d43a4,Qwen3-8B,0.0,1.0,1.0,0.1,4
meld:test:861:c4f5165c9a0a,Qwen3-8B,1.0,1.0,0.0,0.13,4
meld:test:581:7c4ae74afeec,Qwen3-8B,1.0,1.0,0.0,0.11000000000000001,4
meld:test:494:aca5e128b182,Qwen3-8B,0.0,0.0,0.0,0.08999999999999997,4
meld:test:1171:74a5bc072de3,Qwen3-8B,1.0,1.0,0.0,0.12,4
meld:test:772:eefb5dd37684,Qwen3-8B,0.0,1.0,1.0,0.15000000000000002,4
meld:test:437:27083c604a44,Qwen3-8B,0.0,1.0,1.0,0.15000000000000002,4
meld:test:668:222876c25ebb,Qwen3-8B,1.0,1.0,0.0,0.13,4
meld:test:135:3f08d0081230,Qwen3-8B,1.0,1.0,0.0,0.06999999999999998,4
meld:test:655:64c280fd466c,Qwen3-8B,1.0,1.0,0.0,0.16,4
meld:test:893:12b08ca1d1be,Qwen3-8B,0.0,1.0,1.0,0.16000000000000003,4
mmlupro:test_1000:505:966877473a48,Qwen3-8B,1.0,1.0,0.0,0.19000000000000003,4
mmlupro:test_1000:679:624f3577eebe,Qwen3-8B,0.0,0.0,0.0,0.36,4
mmlupro:test_1000:688:df6d366bfa98,GLM-Z1-9B-0414,1.0,1.0,0.0,0.04999999999999999,4
mmlupro:test_1000:936:04ebadf231ce,Qwen3-8B,0.0,1.0,1.0,0.13000000000000003,4
mmlupro:test_1000:761:b361270c647f,Qwen3-8B,1.0,1.0,0.0,0.28,4
mmlupro:test_1000:23:03b89e7d3d3b,Qwen3-8B,1.0,1.0,0.0,0.07,4
mmlupro:test_1000:817:4fdd6f1d47dc,Qwen3-8B,1.0,1.0,0.0,0.29000000000000004,4
mmlupro:test_1000:288:b59991caee32,Qwen3-8B,1.0,1.0,0.0,0.37,4
mmlupro:test_1000:759:b464e9e53530,Qwen3-8B,1.0,1.0,0.0,0.31,4
mmlupro:test_1000:331:db212b5e7f50,Qwen3-8B,1.0,1.0,0.0,0.29999999999999993,4
mmlupro:test_1000:484:ef92b1f40770,Qwen3-8B,1.0,1.0,0.0,0.2,4
mmlupro:test_1000:322:19ca44d94f8e,Qwen3-8B,1.0,1.0,0.0,0.44999999999999996,4
mmlupro:test_1000:339:d9cb445d7046,Qwen3-8B,1.0,1.0,0.0,0.13999999999999999,4
mmlupro:test_1000:247:af350ed62767,Qwen3-8B,1.0,1.0,0.0,0.13,4
mmlupro:test_1000:110:18df87c5b110,Qwen3-8B,1.0,1.0,0.0,0.16,4
mmlupro:test_1000:666:6401851bcb85,Qwen3-8B,1.0,1.0,0.0,0.53,4
mmlupro:test_1000:899:6f5f4e750adf,Qwen3-8B,1.0,1.0,0.0,0.19,4
mmlupro:test_1000:596:147ffa1df917,Qwen3-8B,1.0,1.0,0.0,0.28,4
mmlupro:test_1000:678:7889797eb0df,Qwen3-8B,1.0,1.0,0.0,0.21,4
mmlupro:test_1000:370:0f5a54bc9ad7,Qwen3-8B,1.0,1.0,0.0,0.24,4
mmlupro:test_1000:192:704baaea4c3c,Qwen3-8B,1.0,1.0,0.0,0.010000000000000009,4
mmlupro:test_1000:148:9fa172d277ad,Qwen3-8B,0.0,0.0,0.0,0.27,4
mmlupro:test_1000:630:0ed6ac33b485,Qwen3-8B,0.0,1.0,1.0,0.35,4
mmlupro:test_1000:41:13a7543a6908,Qwen3-8B,1.0,1.0,0.0,0.11000000000000004,4
mmlupro:test_1000:276:15609747f6ec,Qwen3-8B,0.0,1.0,1.0,0.28,4
mmlupro:test_1000:457:2d444f1e932c,Qwen3-8B,0.0,1.0,1.0,0.38,4
mmlupro:test_1000:872:212c7ef5b633,Qwen3-8B,1.0,1.0,0.0,0.19999999999999998,4
mmlupro:test_1000:408:81286c81a494,Qwen3-8B,1.0,1.0,0.0,0.10999999999999999,4
mmlupro:test_1000:229:32bcc9a8c6cf,Qwen3-8B,1.0,1.0,0.0,0.010000000000000009,4
mmlupro:test_1000:611:b20d96c51208,Qwen3-8B,1.0,1.0,0.0,0.15999999999999998,4
mmlupro:test_1000:930:8d7231ab17c4,Qwen3-8B,1.0,1.0,0.0,0.21999999999999997,4
mmlupro:test_1000:991:462552ef7f68,Qwen3-8B,0.0,0.0,0.0,0.25,4
mmlupro:test_1000:459:b9083d0a1ed3,Qwen3-8B,0.0,1.0,1.0,0.19,4
mmlupro:test_1000:476:8d29c023aeeb,GLM-Z1-9B-0414,1.0,1.0,0.0,0.03999999999999998,4
mmlupro:test_1000:137:0b216a1d00d2,Qwen3-8B,1.0,1.0,0.0,0.30000000000000004,4
mmlupro:test_1000:850:9a76bcf9eb2c,Qwen3-8B,1.0,1.0,0.0,0.26,4
mmlupro:test_1000:468:af89693fcf7c,Qwen3-8B,1.0,1.0,0.0,0.12,4
mmlupro:test_1000:730:579d9294a90c,Qwen3-8B,1.0,1.0,0.0,0.24000000000000002,4
mmlupro:test_1000:101:1fea9a6de044,Qwen3-8B,1.0,1.0,0.0,0.2,4
mmlupro:test_1000:691:bdb83e32c17b,Qwen3-8B,1.0,1.0,0.0,0.26,4
mmlupro:test_1000:706:cda1cbb31dcd,Qwen3-8B,1.0,1.0,0.0,0.16999999999999998,4
mmlupro:test_1000:777:001de7fe6d1b,Qwen3-8B,1.0,1.0,0.0,0.14,4
mmlupro:test_1000:977:529d8a007932,Qwen3-8B,1.0,1.0,0.0,0.06,4
mmlupro:test_1000:405:989b78f3d363,Qwen3-8B,1.0,1.0,0.0,0.27,4
mmlupro:test_1000:911:d83f6e193fae,Qwen3-8B,1.0,1.0,0.0,0.26,4
mmlupro:test_1000:107:f1746f13090b,Qwen3-8B,1.0,1.0,0.0,0.38,4
mmlupro:test_1000:388:875c4056beba,Qwen3-8B,1.0,1.0,0.0,0.21,4
mmlupro:test_1000:301:177f455af4aa,Qwen3-8B,0.0,1.0,1.0,0.13999999999999999,4
mmlupro:test_1000:393:f6300354386c,Qwen3-8B,1.0,1.0,0.0,0.18999999999999997,4
mmlupro:test_1000:907:7a6c936f5cdd,Qwen3-8B,1.0,1.0,0.0,0.42999999999999994,4
mmlupro:test_1000:11:922f3a089b9d,Qwen3-8B,0.0,0.0,0.0,0.33,4
mmlupro:test_1000:564:01c43de544a0,Qwen3-8B,1.0,1.0,0.0,0.33,4
mmlupro:test_1000:494:b30ad2a82110,Qwen3-8B,0.0,1.0,1.0,0.18000000000000002,4
mmlupro:test_1000:268:805c891643c5,Qwen3-8B,0.0,1.0,1.0,0.24,4
mmlupro:test_1000:795:579a5f439a73,Qwen3-8B,1.0,1.0,0.0,0.24000000000000002,4
mmlupro:test_1000:549:25f503bcac78,Qwen3-8B,0.0,1.0,1.0,0.16,4
mmlupro:test_1000:648:44d3bb8b611b,Qwen3-8B,1.0,1.0,0.0,0.040000000000000036,4
mmlupro:test_1000:338:35bf650418ad,Qwen3-8B,0.0,1.0,1.0,0.26,4
mmlupro:test_1000:760:0a4cb5364385,Qwen3-8B,0.0,1.0,1.0,0.19000000000000003,4
mmlupro:test_1000:313:2ee9ce090ca1,Qwen3-8B,1.0,1.0,0.0,0.28,4
mmlupro:test_1000:403:8a71f2543241,Qwen3-8B,1.0,1.0,0.0,0.16000000000000003,4
mmlupro:test_1000:723:823d9d96e461,Qwen3-8B,0.0,1.0,1.0,0.27,4
mmlupro:test_1000:376:19c52f63b386,Qwen3-8B,0.0,1.0,1.0,0.22000000000000003,4
mmlupro:test_1000:19:59913b94b951,Qwen3-8B,1.0,1.0,0.0,0.12,4
mmlupro:test_1000:687:6c22b3c94c08,Qwen3-8B,1.0,1.0,0.0,0.19,4
mmlupro:test_1000:598:b1d30a3aaecc,Qwen3-8B,1.0,1.0,0.0,0.38,4
mmlupro:test_1000:244:5e869eeac369,Qwen3-8B,1.0,1.0,0.0,0.22,4
mmlupro:test_1000:796:5646d699b132,Qwen3-8B,1.0,1.0,0.0,0.15000000000000002,4
mmlupro:test_1000:61:bbfb24db16a2,Qwen3-8B,1.0,1.0,0.0,0.15999999999999998,4
mmlupro:test_1000:731:d49b23cedad5,Qwen3-8B,1.0,1.0,0.0,0.10999999999999999,4
mmlupro:test_1000:8:ca39f6d8c814,Qwen3-8B,0.0,1.0,1.0,0.13,4
mmlupro:test_1000:997:26798cc4582f,Qwen3-8B,0.0,0.0,0.0,0.10999999999999999,4
mmlupro:test_1000:621:3c79cfccf4d1,Qwen3-8B,0.0,1.0,1.0,0.18,4
mmlupro:test_1000:741:a367eb2778d0,Qwen3-8B,1.0,1.0,0.0,0.37,4
mmlupro:test_1000:351:91831bb3f5a0,Qwen3-8B,1.0,1.0,0.0,0.21000000000000002,4
mmlupro:test_1000:231:3702005ad215,Qwen3-8B,1.0,1.0,0.0,0.41000000000000003,4
mmlupro:test_1000:651:4793a4948e92,Qwen3-8B,0.0,1.0,1.0,0.09999999999999998,4
mmlupro:test_1000:668:e04b75cd4003,Qwen3-8B,0.0,1.0,1.0,0.12999999999999998,4
mmlupro:test_1000:87:d00a9611c40a,Qwen3-8B,1.0,1.0,0.0,0.06,4
mmlupro:test_1000:154:5b8ae92c41f7,Qwen3-8B,0.0,1.0,1.0,0.27,4
mmlupro:test_1000:566:9d5c88114357,Qwen3-8B,1.0,1.0,0.0,0.22999999999999998,4
mmlupro:test_1000:111:47b9f67a4bcc,Qwen3-8B,1.0,1.0,0.0,0.49,4
mmlupro:test_1000:931:a35f7dcf9f96,Qwen3-8B,0.0,0.0,0.0,0.31,4
mmlupro:test_1000:159:1ff4cecc90b0,Qwen3-8B,1.0,1.0,0.0,0.27999999999999997,4
mmlupro:test_1000:744:d68b471fb8c3,Qwen3-8B,0.0,1.0,1.0,0.19,4
mmlupro:test_1000:150:7ae96e56ede3,Qwen3-8B,1.0,1.0,0.0,0.2,4
mmlupro:test_1000:382:d37a46dc915b,Qwen3-8B,1.0,1.0,0.0,0.25,4
mmlupro:test_1000:316:4ccdd0c0305a,Qwen3-8B,1.0,1.0,0.0,0.22999999999999998,4
mmlupro:test_1000:620:26cdaa449239,GLM-Z1-9B-0414,1.0,1.0,0.0,0.0,4
mmlupro:test_1000:880:6e5e02515073,Qwen3-8B,1.0,1.0,0.0,0.010000000000000009,4
mmlupro:test_1000:708:7a61556b8bb9,Qwen3-8B,1.0,1.0,0.0,0.16,4
mmlupro:test_1000:506:22574481f18b,Qwen3-8B,0.0,1.0,1.0,0.3,4
mmlupro:test_1000:674:0aaa53ff604e,Qwen3-8B,1.0,1.0,0.0,0.22,4
mmlupro:test_1000:40:258a0723e3d1,Qwen3-8B,1.0,1.0,0.0,0.4,4
mmlupro:test_1000:635:5b35d6dc3b39,Qwen3-8B,1.0,1.0,0.0,0.12,4
mmlupro:test_1000:293:656b739e709a,Qwen3-8B,0.0,0.0,0.0,0.39,4
mmlupro:test_1000:285:85b8ff7fadaf,Qwen3-8B,1.0,1.0,0.0,0.38,4
mmlupro:test_1000:160:d936d104f9e7,Qwen3-8B,1.0,1.0,0.0,0.09999999999999998,4
mmlupro:test_1000:958:63361dd3cc6d,Qwen3-8B,1.0,1.0,0.0,0.19,4
mmlupro:test_1000:755:af03935b2272,Qwen3-8B,1.0,1.0,0.0,0.16999999999999998,4
mmlupro:test_1000:241:dc76a1f77846,Qwen3-8B,1.0,1.0,0.0,0.5,4
mmlupro:test_1000:259:92b9d5dadd9f,Qwen3-8B,1.0,1.0,0.0,0.35,4
mmlupro:test_1000:254:e85a65aa1bcc,Qwen3-8B,0.0,1.0,1.0,0.19999999999999998,4
mmlupro:test_1000:788:a00f6acc647a,Qwen3-8B,1.0,1.0,0.0,0.13,4
mmlupro:test_1000:86:d84fb35ac91b,Qwen3-8B,0.0,1.0,1.0,0.31999999999999995,4
mmlupro:test_1000:644:8834ca56deff,Qwen3-8B,0.0,0.0,0.0,0.13000000000000003,4
mmlupro:test_1000:186:888306c3f306,Qwen3-8B,1.0,1.0,0.0,0.21,4
mmlupro:test_1000:608:02cd7f4af797,Qwen3-8B,1.0,1.0,0.0,0.07,4
mmlupro:test_1000:275:287ab763ac65,Qwen3-8B,1.0,1.0,0.0,0.22999999999999998,4
mmlupro:test_1000:356:24df6323258d,Qwen3-8B,0.0,1.0,1.0,0.2,4
mmlupro:test_1000:623:f25f2423ca75,Qwen3-8B,1.0,1.0,0.0,0.22,4
mmlupro:test_1000:501:c38c48bf23ab,Qwen3-8B,1.0,1.0,0.0,0.06999999999999995,4
mmlupro:test_1000:256:aca42e5e7dd5,Qwen3-8B,1.0,1.0,0.0,0.07,4
mmlupro:test_1000:380:80b1e1df2ec2,Qwen3-8B,0.0,1.0,1.0,0.18,4
mmlupro:test_1000:78:2b7e0300bef7,Qwen3-8B,0.0,1.0,1.0,0.18999999999999997,4
mmlupro:test_1000:737:fb506f762632,Qwen3-8B,1.0,1.0,0.0,0.18999999999999997,4
mmlupro:test_1000:213:60481a1f25dd,Qwen3-8B,0.0,1.0,1.0,0.24999999999999997,4
mmlupro:test_1000:44:0b6a890cde05,Qwen3-8B,0.0,1.0,1.0,0.24,4
mmlupro:test_1000:793:6e3fc466975e,Qwen3-8B,1.0,1.0,0.0,0.30000000000000004,4
mmlupro:test_1000:443:33717eb7d2fa,Qwen3-8B,1.0,1.0,0.0,0.35,4
mmlupro:test_1000:67:61c37f23c147,Qwen3-8B,1.0,1.0,0.0,0.23,4
mmlupro:test_1000:512:2e3223ba062f,Qwen3-8B,1.0,1.0,0.0,0.009999999999999953,4
mmlupro:test_1000:883:0ac71e2e7b93,Qwen3-8B,0.0,1.0,1.0,0.24000000000000002,4
mmlupro:test_1000:378:ea9d47e3fd74,Qwen3-8B,1.0,1.0,0.0,0.24,4
mmlupro:test_1000:995:4e49c339b242,Qwen3-8B,1.0,1.0,0.0,0.27,4
mmlupro:test_1000:813:3a7538957c0f,Qwen3-8B,1.0,1.0,0.0,0.11000000000000001,4
mmlupro:test_1000:514:e3acbe72176a,Qwen3-8B,1.0,1.0,0.0,0.21,4
mmlupro:test_1000:336:066fdd81a82c,Qwen3-8B,1.0,1.0,0.0,0.10999999999999999,4
mmlupro:test_1000:56:7cee434644d6,Qwen3-8B,1.0,1.0,0.0,0.30000000000000004,4
mmlupro:test_1000:42:95bdc084b404,Qwen3-8B,1.0,1.0,0.0,0.35,4
mmlupro:test_1000:905:f96f5c86dc78,Qwen3-8B,1.0,1.0,0.0,0.16000000000000003,4
mmlupro:test_1000:70:b21be75c93dc,Qwen3-8B,0.0,1.0,1.0,0.31000000000000005,4
mmlupro:test_1000:243:f443c1dfe9fb,Qwen3-8B,1.0,1.0,0.0,0.17000000000000004,4
mmlupro:test_1000:681:870916341a2c,Qwen3-8B,1.0,1.0,0.0,0.32999999999999996,4
mmlupro:test_1000:485:0721469e4efc,Qwen3-8B,1.0,1.0,0.0,0.29000000000000004,4
mmlupro:test_1000:470:43b40bf7e32e,Qwen3-8B,0.0,0.0,0.0,0.41000000000000003,4
mmlupro:test_1000:381:40c9a7806f70,Qwen3-8B,1.0,1.0,0.0,0.16,4
mmlupro:test_1000:887:83b5a63acf3c,Qwen3-8B,1.0,1.0,0.0,0.2,4
mmlupro:test_1000:978:7aeea3da8022,Qwen3-8B,0.0,0.0,0.0,0.12999999999999998,4
mmlupro:test_1000:265:800a1eaab62d,Qwen3-8B,1.0,1.0,0.0,0.25,4
mmlupro:test_1000:163:3cd8a110024c,Qwen3-8B,1.0,1.0,0.0,0.26,4
mmlupro:test_1000:204:520e5ed58759,Qwen3-8B,0.0,1.0,1.0,0.13000000000000003,4
mmlupro:test_1000:639:b439b38ef509,Qwen3-8B,0.0,1.0,1.0,0.25,4
mmlupro:test_1000:841:c180f296324b,Qwen3-8B,0.0,1.0,1.0,0.25,4
mmlupro:test_1000:51:678bee61a83d,Qwen3-8B,1.0,1.0,0.0,0.08000000000000002,4
mmlupro:test_1000:790:3b5184fa32e1,Qwen3-8B,1.0,1.0,0.0,0.2,4
mmlupro:test_1000:579:269390f95c30,Qwen3-8B,1.0,1.0,0.0,0.36,4
mmlupro:test_1000:189:6eeefe9234c4,Qwen3-8B,1.0,1.0,0.0,0.16000000000000003,4
mmlupro:test_1000:467:811798640d90,Qwen3-8B,1.0,1.0,0.0,0.26,4
mmlupro:test_1000:264:07422b9aa0ca,Qwen3-8B,1.0,1.0,0.0,0.12999999999999998,4
mmlupro:test_1000:951:6d44757ab060,Qwen3-8B,1.0,1.0,0.0,0.35,4
mmlupro:test_1000:933:0171f1222a27,Qwen3-8B,1.0,1.0,0.0,0.26999999999999996,4
mmlupro:test_1000:640:3a216e571379,Qwen3-8B,1.0,1.0,0.0,0.26,4
mmlupro:test_1000:704:acbaa1561d42,Qwen3-8B,1.0,1.0,0.0,0.32999999999999996,4
mmlupro:test_1000:626:8dfdc2721748,Qwen3-8B,1.0,1.0,0.0,0.25,4
mmlupro:test_1000:695:0e64574a5881,Qwen3-8B,0.0,1.0,1.0,0.3,4
mmlupro:test_1000:218:6657159ae45f,Qwen3-8B,1.0,1.0,0.0,0.20000000000000004,4
mmlupro:test_1000:161:78f78ed3782d,Qwen3-8B,1.0,1.0,0.0,0.15,4
mmlupro:test_1000:220:1398f1b35eab,Qwen3-8B,1.0,1.0,0.0,0.31,4
mmlupro:test_1000:968:c6cbf122af93,Qwen3-8B,0.0,1.0,1.0,0.35,4
mmlupro:test_1000:437:932c887cefce,Qwen3-8B,1.0,1.0,0.0,0.22,4
mmlupro:test_1000:947:3a3b47dd48e6,Qwen3-8B,1.0,1.0,0.0,0.12999999999999998,4
mmlupro:test_1000:17:29573e0283d6,Qwen3-8B,1.0,1.0,0.0,0.2,4
mmlupro:test_1000:614:e44e5df85823,Qwen3-8B,1.0,1.0,0.0,0.26999999999999996,4
mmlupro:test_1000:971:d9dd847d4fc7,Qwen3-8B,1.0,1.0,0.0,0.27,4
mmlupro:test_1000:556:00473cb41c5a,Qwen3-8B,1.0,1.0,0.0,0.21,4
mmlupro:test_1000:493:80340a57a491,Qwen3-8B,1.0,1.0,0.0,0.35,4
mmlupro:test_1000:383:d08d3cff6149,Qwen3-8B,1.0,1.0,0.0,0.22,4
mmlupro:test_1000:344:261653709058,Qwen3-8B,1.0,1.0,0.0,0.14,4
mmlupro:test_1000:690:cb175c42ee88,Qwen3-8B,1.0,1.0,0.0,0.24,4
mmlupro:test_1000:641:a16e2bf62b7f,Qwen3-8B,0.0,1.0,1.0,0.14999999999999997,4
mmlupro:test_1000:207:e0249e19edea,Qwen3-8B,1.0,1.0,0.0,0.06,4
mmlupro:test_1000:25:6a09bd288ce9,Qwen3-8B,0.0,1.0,1.0,0.12,4
mmlupro:test_1000:705:395f51176f60,Qwen3-8B,1.0,1.0,0.0,0.22999999999999998,4
mmlupro:test_1000:239:795c396fed14,Qwen3-8B,0.0,1.0,1.0,0.26,4
mmlupro:test_1000:781:81c8b014b494,Qwen3-8B,0.0,0.0,0.0,0.31999999999999995,4
mmlupro:test_1000:226:ce08e5231e85,Qwen3-8B,1.0,1.0,0.0,0.26,4
mmlupro:test_1000:335:5bd6d54bfdef,Qwen3-8B,1.0,1.0,0.0,0.35,4
mmlupro:test_1000:622:415c924ce758,Qwen3-8B,1.0,1.0,0.0,0.4,4
mmlupro:test_1000:38:ccc9c2608929,Qwen3-8B,1.0,1.0,0.0,0.07,4
mmlupro:test_1000:569:174843ae7b2e,Qwen3-8B,0.0,1.0,1.0,0.27999999999999997,4
mmlupro:test_1000:717:626622a20e86,Qwen3-8B,1.0,1.0,0.0,0.16999999999999998,4
mmlupro:test_1000:988:c6f9f36bff45,Qwen3-8B,1.0,1.0,0.0,0.49,4
mmlupro:test_1000:297:c8cbab30423d,Qwen3-8B,1.0,1.0,0.0,0.14,4
mmlupro:test_1000:529:d25e58a57a63,Qwen3-8B,1.0,1.0,0.0,0.18000000000000002,4
mmlupro:test_1000:772:259bf1e13862,Qwen3-8B,1.0,1.0,0.0,0.35,4
mmlupro:test_1000:970:32eb217225d5,Qwen3-8B,1.0,1.0,0.0,0.2,4
mmlupro:test_1000:162:6a8a476eceb9,Qwen3-8B,1.0,1.0,0.0,0.25,4
mmlupro:test_1000:432:7f0c5454cd9f,Qwen3-8B,1.0,1.0,0.0,0.36999999999999994,4
mmlupro:test_1000:791:311314948ce8,Qwen3-8B,1.0,1.0,0.0,0.030000000000000027,4
mmlupro:test_1000:455:02a068310885,Qwen3-8B,0.0,1.0,1.0,0.18000000000000002,4
mmlupro:test_1000:142:2fadab28ed40,Qwen3-8B,1.0,1.0,0.0,0.10999999999999999,4
mmlupro:test_1000:738:aec527a98ce3,Qwen3-8B,1.0,1.0,0.0,0.10999999999999999,4
mmlupro:test_1000:517:23574da260ad,Qwen3-8B,0.0,1.0,1.0,0.27,4
mmlupro:test_1000:838:0fb20a6383be,Qwen3-8B,1.0,1.0,0.0,0.26,4
mmlupro:test_1000:377:132d982e63f5,Qwen3-8B,1.0,1.0,0.0,0.27,4
mmlupro:test_1000:938:edf59c1fccb7,Qwen3-8B,1.0,1.0,0.0,0.3,4
mmlupro:test_1000:399:3ffcc0f144f7,Qwen3-8B,1.0,1.0,0.0,0.18000000000000002,4
mmlupro:test_1000:842:17cca1c417e5,Qwen3-8B,1.0,1.0,0.0,0.32000000000000006,4
mmlupro:test_1000:270:48771d392720,Qwen3-8B,0.0,1.0,1.0,0.18,4
